{
  "original_uri": "https://english.almayadeen.net/news/politics/us-said-not-interested-in-expanding-war:-iran-fm",
  "self": "http://localhost:1208/timemap/json/https://english.almayadeen.net/news/politics/us-said-not-interested-in-expanding-war:-iran-fm",
  "mementos": {
    "list": [
      {
        "datetime": "2023-10-23T22:11:07Z",
        "uri": "https://web.archive.org/web/20231023221107/https://english.almayadeen.net/news/politics/us-said-not-interested-in-expanding-war:-iran-fm"
      },
      {
        "datetime": "2023-10-23T22:12:39Z",
        "uri": "https://web.archive.org/web/20231023221239/https://english.almayadeen.net/news/politics/us-said-not-interested-in-expanding-war:-iran-fm"
      }
    ],
    "first": {
      "datetime": "2023-10-23T22:11:07Z",
      "uri": "https://web.archive.org/web/20231023221107/https://english.almayadeen.net/news/politics/us-said-not-interested-in-expanding-war:-iran-fm"
    },
    "last": {
      "datetime": "2023-10-23T22:12:39Z",
      "uri": "https://web.archive.org/web/20231023221239/https://english.almayadeen.net/news/politics/us-said-not-interested-in-expanding-war:-iran-fm"
    }
  },
  "timemap_uri": {
    "link_format": "http://localhost:1208/timemap/link/https://english.almayadeen.net/news/politics/us-said-not-interested-in-expanding-war:-iran-fm",
    "json_format": "http://localhost:1208/timemap/json/https://english.almayadeen.net/news/politics/us-said-not-interested-in-expanding-war:-iran-fm",
    "cdxj_format": "http://localhost:1208/timemap/cdxj/https://english.almayadeen.net/news/politics/us-said-not-interested-in-expanding-war:-iran-fm"
  },
  "timegate_uri": "http://localhost:1208/timegate/https://english.almayadeen.net/news/politics/us-said-not-interested-in-expanding-war:-iran-fm"
}
