{
  "original_uri": "https://www.cnn.com/2023/10/23/politics/tom-emmer-2020-election-kfile",
  "self": "http://localhost:1208/timemap/json/https://www.cnn.com/2023/10/23/politics/tom-emmer-2020-election-kfile",
  "mementos": {
    "list": [
      {
        "datetime": "2023-10-24T01:41:25Z",
        "uri": "https://web.archive.org/web/20231024014125/https://www.cnn.com/2023/10/23/politics/tom-emmer-2020-election-kfile"
      },
      {
        "datetime": "2023-10-24T05:06:18Z",
        "uri": "https://web.archive.org/web/20231024050618/https://www.cnn.com/2023/10/23/politics/tom-emmer-2020-election-kfile/"
      },
      {
        "datetime": "2023-10-24T09:22:16Z",
        "uri": "https://web.archive.org/web/20231024092216/http://www.cnn.com/2023/10/23/politics/tom-emmer-2020-election-kfile/"
      },
      {
        "datetime": "2023-10-24T09:54:22Z",
        "uri": "https://web.archive.org/web/20231024095422/http://www.cnn.com/2023/10/23/politics/tom-emmer-2020-election-kfile/"
      },
      {
        "datetime": "2023-10-24T11:37:41Z",
        "uri": "https://web.archive.org/web/20231024113741/https://www.cnn.com/2023/10/23/politics/tom-emmer-2020-election-kfile/"
      },
      {
        "datetime": "2023-10-24T11:40:00Z",
        "uri": "https://web.archive.org/web/20231024114000/http://www.cnn.com/2023/10/23/politics/tom-emmer-2020-election-kfile/"
      },
      {
        "datetime": "2023-10-24T12:10:36Z",
        "uri": "https://web.archive.org/web/20231024121036/http://www.cnn.com/2023/10/23/politics/tom-emmer-2020-election-kfile/"
      },
      {
        "datetime": "2023-10-24T12:27:07Z",
        "uri": "https://web.archive.org/web/20231024122707/http://www.cnn.com/2023/10/23/politics/tom-emmer-2020-election-kfile/"
      },
      {
        "datetime": "2023-10-24T12:53:49Z",
        "uri": "https://web.archive.org/web/20231024125349/http://www.cnn.com/2023/10/23/politics/tom-emmer-2020-election-kfile/"
      },
      {
        "datetime": "2023-10-24T12:54:14Z",
        "uri": "https://web.archive.org/web/20231024125414/https://www.cnn.com/2023/10/23/politics/tom-emmer-2020-election-kfile/"
      },
      {
        "datetime": "2023-10-24T13:42:00Z",
        "uri": "https://web.archive.org/web/20231024134200/https://www.cnn.com/2023/10/23/politics/tom-emmer-2020-election-kfile/"
      },
      {
        "datetime": "2023-10-24T14:05:42Z",
        "uri": "https://web.archive.org/web/20231024140542/https://www.cnn.com/2023/10/23/politics/tom-emmer-2020-election-kfile/"
      },
      {
        "datetime": "2023-10-24T14:12:51Z",
        "uri": "https://web.archive.org/web/20231024141251/https://www.cnn.com/2023/10/23/politics/tom-emmer-2020-election-kfile/"
      },
      {
        "datetime": "2023-10-24T14:13:23Z",
        "uri": "https://web.archive.org/web/20231024141323/https://www.cnn.com/2023/10/23/politics/tom-emmer-2020-election-kfile/"
      },
      {
        "datetime": "2023-10-24T14:22:26Z",
        "uri": "https://web.archive.org/web/20231024142226/http://www.cnn.com/2023/10/23/politics/tom-emmer-2020-election-kfile/"
      },
      {
        "datetime": "2023-10-24T15:11:31Z",
        "uri": "https://web.archive.org/web/20231024151131/http://www.cnn.com/2023/10/23/politics/tom-emmer-2020-election-kfile/"
      },
      {
        "datetime": "2023-10-24T15:53:24Z",
        "uri": "https://web.archive.org/web/20231024155324/https://www.cnn.com/2023/10/23/politics/tom-emmer-2020-election-kfile/"
      },
      {
        "datetime": "2023-10-24T16:11:29Z",
        "uri": "https://web.archive.org/web/20231024161129/https://www.cnn.com/2023/10/23/politics/tom-emmer-2020-election-kfile/"
      },
      {
        "datetime": "2023-10-24T17:03:55Z",
        "uri": "https://web.archive.org/web/20231024170355/http://www.cnn.com/2023/10/23/politics/tom-emmer-2020-election-kfile/"
      },
      {
        "datetime": "2023-10-24T17:09:58Z",
        "uri": "https://web.archive.org/web/20231024170958/http://www.cnn.com/2023/10/23/politics/tom-emmer-2020-election-kfile/"
      },
      {
        "datetime": "2023-10-24T17:12:46Z",
        "uri": "https://web.archive.org/web/20231024171246/http://www.cnn.com/2023/10/23/politics/tom-emmer-2020-election-kfile/"
      },
      {
        "datetime": "2023-10-24T18:26:39Z",
        "uri": "https://web.archive.org/web/20231024182639/http://www.cnn.com/2023/10/23/politics/tom-emmer-2020-election-kfile/"
      },
      {
        "datetime": "2023-10-24T18:42:15Z",
        "uri": "https://web.archive.org/web/20231024184215/https://www.cnn.com/2023/10/23/politics/tom-emmer-2020-election-kfile/"
      },
      {
        "datetime": "2023-10-24T19:08:24Z",
        "uri": "https://web.archive.org/web/20231024190824/https://www.cnn.com/2023/10/23/politics/tom-emmer-2020-election-kfile/"
      },
      {
        "datetime": "2023-10-24T19:24:17Z",
        "uri": "https://web.archive.org/web/20231024192417/http://www.cnn.com/2023/10/23/politics/tom-emmer-2020-election-kfile/"
      },
      {
        "datetime": "2023-10-24T19:25:08Z",
        "uri": "https://web.archive.org/web/20231024192508/https://www.cnn.com/2023/10/23/politics/tom-emmer-2020-election-kfile/"
      },
      {
        "datetime": "2023-10-24T19:55:41Z",
        "uri": "https://web.archive.org/web/20231024195541/http://www.cnn.com/2023/10/23/politics/tom-emmer-2020-election-kfile/"
      },
      {
        "datetime": "2023-10-24T20:09:38Z",
        "uri": "https://web.archive.org/web/20231024200938/https://www.cnn.com/2023/10/23/politics/tom-emmer-2020-election-kfile/"
      },
      {
        "datetime": "2023-10-24T20:27:31Z",
        "uri": "https://web.archive.org/web/20231024202731/https://www.cnn.com/2023/10/23/politics/tom-emmer-2020-election-kfile/"
      },
      {
        "datetime": "2023-10-24T20:37:40Z",
        "uri": "https://web.archive.org/web/20231024203740/https://www.cnn.com/2023/10/23/politics/tom-emmer-2020-election-kfile/"
      },
      {
        "datetime": "2023-10-24T20:38:16Z",
        "uri": "https://web.archive.org/web/20231024203816/https://www.cnn.com/2023/10/23/politics/tom-emmer-2020-election-kfile/"
      },
      {
        "datetime": "2023-10-24T21:08:22Z",
        "uri": "https://web.archive.org/web/20231024210822/https://www.cnn.com/2023/10/23/politics/tom-emmer-2020-election-kfile/"
      },
      {
        "datetime": "2023-10-24T21:40:39Z",
        "uri": "https://web.archive.org/web/20231024214039/http://www.cnn.com/2023/10/23/politics/tom-emmer-2020-election-kfile/"
      },
      {
        "datetime": "2023-10-24T22:11:20Z",
        "uri": "https://web.archive.org/web/20231024221120/https://www.cnn.com/2023/10/23/politics/tom-emmer-2020-election-kfile/"
      },
      {
        "datetime": "2023-10-24T23:07:45Z",
        "uri": "https://web.archive.org/web/20231024230745/https://www.cnn.com/2023/10/23/politics/tom-emmer-2020-election-kfile/"
      },
      {
        "datetime": "2023-10-25T00:09:43Z",
        "uri": "https://web.archive.org/web/20231025000943/https://www.cnn.com/2023/10/23/politics/tom-emmer-2020-election-kfile/"
      },
      {
        "datetime": "2023-10-25T00:56:20Z",
        "uri": "https://web.archive.org/web/20231025005620/https://www.cnn.com/2023/10/23/politics/tom-emmer-2020-election-kfile/"
      },
      {
        "datetime": "2023-10-25T01:06:54Z",
        "uri": "https://web.archive.org/web/20231025010654/https://www.cnn.com/2023/10/23/politics/tom-emmer-2020-election-kfile/"
      },
      {
        "datetime": "2023-10-25T10:55:39Z",
        "uri": "https://web.archive.org/web/20231025105539/https://www.cnn.com/2023/10/23/politics/tom-emmer-2020-election-kfile/"
      },
      {
        "datetime": "2023-10-25T16:56:08Z",
        "uri": "https://web.archive.org/web/20231025165608/https://www.cnn.com/2023/10/23/politics/tom-emmer-2020-election-kfile/"
      }
    ],
    "first": {
      "datetime": "2023-10-24T01:41:25Z",
      "uri": "https://web.archive.org/web/20231024014125/https://www.cnn.com/2023/10/23/politics/tom-emmer-2020-election-kfile"
    },
    "last": {
      "datetime": "2023-10-25T16:56:08Z",
      "uri": "https://web.archive.org/web/20231025165608/https://www.cnn.com/2023/10/23/politics/tom-emmer-2020-election-kfile/"
    }
  },
  "timemap_uri": {
    "link_format": "http://localhost:1208/timemap/link/https://www.cnn.com/2023/10/23/politics/tom-emmer-2020-election-kfile",
    "json_format": "http://localhost:1208/timemap/json/https://www.cnn.com/2023/10/23/politics/tom-emmer-2020-election-kfile",
    "cdxj_format": "http://localhost:1208/timemap/cdxj/https://www.cnn.com/2023/10/23/politics/tom-emmer-2020-election-kfile"
  },
  "timegate_uri": "http://localhost:1208/timegate/https://www.cnn.com/2023/10/23/politics/tom-emmer-2020-election-kfile"
}
