{
  "original_uri": "https://lidea.today/articles/989",
  "self": "http://localhost:1208/timemap/json/https://lidea.today/articles/989",
  "mementos": {
    "list": [
      {
        "datetime": "2017-09-30T05:26:42Z",
        "uri": "https://web.archive.org/web/20170930052642/https://lidea.today/articles/989"
      },
      {
        "datetime": "2020-10-14T11:06:46Z",
        "uri": "https://web.archive.org/web/20201014110646/https://lidea.today/articles/989"
      },
      {
        "datetime": "2020-11-28T01:49:58Z",
        "uri": "https://web.archive.org/web/20201128014958/https://lidea.today/articles/989"
      },
      {
        "datetime": "2021-06-22T23:10:22Z",
        "uri": "https://web.archive.org/web/20210622231022/https://lidea.today/articles/989"
      },
      {
        "datetime": "2021-06-22T23:10:22Z",
        "uri": "https://web.archive.org/web/20210622231022/https://lidea.today/articles/989"
      },
      {
        "datetime": "2021-10-21T04:58:41Z",
        "uri": "https://web.archive.org/web/20211021045841/https://lidea.today/articles/989"
      },
      {
        "datetime": "2022-07-01T01:20:49Z",
        "uri": "https://web.archive.org/web/20220701012049/https://lidea.today/articles/989"
      },
      {
        "datetime": "2022-12-02T09:16:58Z",
        "uri": "https://web.archive.org/web/20221202091658/https://lidea.today/articles/989"
      },
      {
        "datetime": "2023-06-07T02:02:33Z",
        "uri": "https://web.archive.org/web/20230607020233/https://lidea.today/articles/989"
      }
    ],
    "first": {
      "datetime": "2017-09-30T05:26:42Z",
      "uri": "https://web.archive.org/web/20170930052642/https://lidea.today/articles/989"
    },
    "last": {
      "datetime": "2023-06-07T02:02:33Z",
      "uri": "https://web.archive.org/web/20230607020233/https://lidea.today/articles/989"
    }
  },
  "timemap_uri": {
    "link_format": "http://localhost:1208/timemap/link/https://lidea.today/articles/989",
    "json_format": "http://localhost:1208/timemap/json/https://lidea.today/articles/989",
    "cdxj_format": "http://localhost:1208/timemap/cdxj/https://lidea.today/articles/989"
  },
  "timegate_uri": "http://localhost:1208/timegate/https://lidea.today/articles/989"
}
