{
  "original_uri": "https://www.newswars.com/house-members-issue-bipartisan-call-for-biden-to-drop-julian-assange-case/",
  "self": "http://localhost:1208/timemap/json/https://www.newswars.com/house-members-issue-bipartisan-call-for-biden-to-drop-julian-assange-case/",
  "mementos": {
    "list": [
      {
        "datetime": "2023-10-23T22:33:32Z",
        "uri": "https://web.archive.org/web/20231023223332/https://www.newswars.com/house-members-issue-bipartisan-call-for-biden-to-drop-julian-assange-case/"
      },
      {
        "datetime": "2023-10-24T06:44:00Z",
        "uri": "https://web.archive.org/web/20231024064400/https://www.newswars.com/house-members-issue-bipartisan-call-for-biden-to-drop-julian-assange-case/"
      },
      {
        "datetime": "2023-10-25T01:10:00Z",
        "uri": "https://web.archive.org/web/20231025011000/https://www.newswars.com/house-members-issue-bipartisan-call-for-biden-to-drop-julian-assange-case/"
      },
      {
        "datetime": "2023-10-25T05:45:01Z",
        "uri": "https://web.archive.org/web/20231025054501/https://www.newswars.com/house-members-issue-bipartisan-call-for-biden-to-drop-julian-assange-case/"
      },
      {
        "datetime": "2023-10-25T06:02:41Z",
        "uri": "https://web.archive.org/web/20231025060241/https://www.newswars.com/house-members-issue-bipartisan-call-for-biden-to-drop-julian-assange-case/"
      },
      {
        "datetime": "2023-10-25T12:03:51Z",
        "uri": "https://web.archive.org/web/20231025120351/https://www.newswars.com/house-members-issue-bipartisan-call-for-biden-to-drop-julian-assange-case/"
      }
    ],
    "first": {
      "datetime": "2023-10-23T22:33:32Z",
      "uri": "https://web.archive.org/web/20231023223332/https://www.newswars.com/house-members-issue-bipartisan-call-for-biden-to-drop-julian-assange-case/"
    },
    "last": {
      "datetime": "2023-10-25T12:03:51Z",
      "uri": "https://web.archive.org/web/20231025120351/https://www.newswars.com/house-members-issue-bipartisan-call-for-biden-to-drop-julian-assange-case/"
    }
  },
  "timemap_uri": {
    "link_format": "http://localhost:1208/timemap/link/https://www.newswars.com/house-members-issue-bipartisan-call-for-biden-to-drop-julian-assange-case/",
    "json_format": "http://localhost:1208/timemap/json/https://www.newswars.com/house-members-issue-bipartisan-call-for-biden-to-drop-julian-assange-case/",
    "cdxj_format": "http://localhost:1208/timemap/cdxj/https://www.newswars.com/house-members-issue-bipartisan-call-for-biden-to-drop-julian-assange-case/"
  },
  "timegate_uri": "http://localhost:1208/timegate/https://www.newswars.com/house-members-issue-bipartisan-call-for-biden-to-drop-julian-assange-case/"
}
