{
  "original_uri": "https://www.scmp.com/news/hong-kong/politics/article/3238867/hong-kong-district-council-election-small-party-hopefuls-say-larger-constituency-lines-under-revamp",
  "self": "http://localhost:1208/timemap/json/https://www.scmp.com/news/hong-kong/politics/article/3238867/hong-kong-district-council-election-small-party-hopefuls-say-larger-constituency-lines-under-revamp",
  "mementos": {
    "list": [
      {
        "datetime": "2023-10-23T07:33:06Z",
        "uri": "https://web.archive.org/web/20231023073306/https://www.scmp.com/news/hong-kong/politics/article/3238867/hong-kong-district-council-election-small-party-hopefuls-say-larger-constituency-lines-under-revamp"
      },
      {
        "datetime": "2023-10-23T07:42:41Z",
        "uri": "https://web.archive.org/web/20231023074241/https://scmp.com/news/hong-kong/politics/article/3238867/hong-kong-district-council-election-small-party-hopefuls-say-larger-constituency-lines-under-revamp"
      },
      {
        "datetime": "2023-10-23T08:01:19Z",
        "uri": "https://web.archive.org/web/20231023080119/https://www.scmp.com/news/hong-kong/politics/article/3238867/hong-kong-district-council-election-small-party-hopefuls-say-larger-constituency-lines-under-revamp"
      },
      {
        "datetime": "2023-10-23T08:02:27Z",
        "uri": "https://web.archive.org/web/20231023080227/https://www.scmp.com/news/hong-kong/politics/article/3238867/hong-kong-district-council-election-small-party-hopefuls-say-larger-constituency-lines-under-revamp"
      },
      {
        "datetime": "2023-10-23T09:00:41Z",
        "uri": "https://web.archive.org/web/20231023090041/https://www.scmp.com/news/hong-kong/politics/article/3238867/hong-kong-district-council-election-small-party-hopefuls-say-larger-constituency-lines-under-revamp"
      },
      {
        "datetime": "2023-10-23T11:03:08Z",
        "uri": "https://web.archive.org/web/20231023110308/https://www.scmp.com/news/hong-kong/politics/article/3238867/hong-kong-district-council-election-small-party-hopefuls-say-larger-constituency-lines-under-revamp"
      },
      {
        "datetime": "2023-10-23T11:07:26Z",
        "uri": "http://archive.md/20231023110726/https://www.scmp.com/news/hong-kong/politics/article/3238867/hong-kong-district-council-election-small-party-hopefuls-say-larger-constituency-lines-under-revamp"
      },
      {
        "datetime": "2023-10-23T12:04:10Z",
        "uri": "https://web.archive.org/web/20231023120410/https://www.scmp.com/news/hong-kong/politics/article/3238867/hong-kong-district-council-election-small-party-hopefuls-say-larger-constituency-lines-under-revamp"
      },
      {
        "datetime": "2023-10-23T12:24:18Z",
        "uri": "https://web.archive.org/web/20231023122418/https://www.scmp.com/news/hong-kong/politics/article/3238867/hong-kong-district-council-election-small-party-hopefuls-say-larger-constituency-lines-under-revamp"
      },
      {
        "datetime": "2023-10-23T13:03:30Z",
        "uri": "https://web.archive.org/web/20231023130330/https://www.scmp.com/news/hong-kong/politics/article/3238867/hong-kong-district-council-election-small-party-hopefuls-say-larger-constituency-lines-under-revamp"
      },
      {
        "datetime": "2023-10-23T15:03:22Z",
        "uri": "https://web.archive.org/web/20231023150322/https://www.scmp.com/news/hong-kong/politics/article/3238867/hong-kong-district-council-election-small-party-hopefuls-say-larger-constituency-lines-under-revamp"
      },
      {
        "datetime": "2023-10-23T16:06:29Z",
        "uri": "https://web.archive.org/web/20231023160629/https://www.scmp.com/news/hong-kong/politics/article/3238867/hong-kong-district-council-election-small-party-hopefuls-say-larger-constituency-lines-under-revamp"
      },
      {
        "datetime": "2023-10-24T00:07:37Z",
        "uri": "https://web.archive.org/web/20231024000737/https://www.scmp.com/news/hong-kong/politics/article/3238867/hong-kong-district-council-election-small-party-hopefuls-say-larger-constituency-lines-under-revamp"
      },
      {
        "datetime": "2023-10-24T02:09:26Z",
        "uri": "https://web.archive.org/web/20231024020926/https://www.scmp.com/news/hong-kong/politics/article/3238867/hong-kong-district-council-election-small-party-hopefuls-say-larger-constituency-lines-under-revamp"
      },
      {
        "datetime": "2023-10-24T04:09:55Z",
        "uri": "https://web.archive.org/web/20231024040955/https://www.scmp.com/news/hong-kong/politics/article/3238867/hong-kong-district-council-election-small-party-hopefuls-say-larger-constituency-lines-under-revamp"
      },
      {
        "datetime": "2023-10-24T05:11:31Z",
        "uri": "https://web.archive.org/web/20231024051131/https://www.scmp.com/news/hong-kong/politics/article/3238867/hong-kong-district-council-election-small-party-hopefuls-say-larger-constituency-lines-under-revamp"
      },
      {
        "datetime": "2023-10-24T06:11:42Z",
        "uri": "https://web.archive.org/web/20231024061142/https://www.scmp.com/news/hong-kong/politics/article/3238867/hong-kong-district-council-election-small-party-hopefuls-say-larger-constituency-lines-under-revamp"
      },
      {
        "datetime": "2023-10-24T07:15:58Z",
        "uri": "https://web.archive.org/web/20231024071558/https://www.scmp.com/news/hong-kong/politics/article/3238867/hong-kong-district-council-election-small-party-hopefuls-say-larger-constituency-lines-under-revamp"
      },
      {
        "datetime": "2023-10-24T07:55:11Z",
        "uri": "https://web.archive.org/web/20231024075511/https://www.scmp.com/news/hong-kong/politics/article/3238867/hong-kong-district-council-election-small-party-hopefuls-say-larger-constituency-lines-under-revamp"
      },
      {
        "datetime": "2023-10-24T12:08:55Z",
        "uri": "https://web.archive.org/web/20231024120855/https://www.scmp.com/news/hong-kong/politics/article/3238867/hong-kong-district-council-election-small-party-hopefuls-say-larger-constituency-lines-under-revamp"
      }
    ],
    "first": {
      "datetime": "2023-10-23T07:33:06Z",
      "uri": "https://web.archive.org/web/20231023073306/https://www.scmp.com/news/hong-kong/politics/article/3238867/hong-kong-district-council-election-small-party-hopefuls-say-larger-constituency-lines-under-revamp"
    },
    "last": {
      "datetime": "2023-10-24T12:08:55Z",
      "uri": "https://web.archive.org/web/20231024120855/https://www.scmp.com/news/hong-kong/politics/article/3238867/hong-kong-district-council-election-small-party-hopefuls-say-larger-constituency-lines-under-revamp"
    }
  },
  "timemap_uri": {
    "link_format": "http://localhost:1208/timemap/link/https://www.scmp.com/news/hong-kong/politics/article/3238867/hong-kong-district-council-election-small-party-hopefuls-say-larger-constituency-lines-under-revamp",
    "json_format": "http://localhost:1208/timemap/json/https://www.scmp.com/news/hong-kong/politics/article/3238867/hong-kong-district-council-election-small-party-hopefuls-say-larger-constituency-lines-under-revamp",
    "cdxj_format": "http://localhost:1208/timemap/cdxj/https://www.scmp.com/news/hong-kong/politics/article/3238867/hong-kong-district-council-election-small-party-hopefuls-say-larger-constituency-lines-under-revamp"
  },
  "timegate_uri": "http://localhost:1208/timegate/https://www.scmp.com/news/hong-kong/politics/article/3238867/hong-kong-district-council-election-small-party-hopefuls-say-larger-constituency-lines-under-revamp"
}
