{
  "original_uri": "https://www.instagram.com/mohammed_fayq/?igshid=MzRlODBiNWFlZA%3D%3D",
  "self": "http://localhost:1208/timemap/json/https://www.instagram.com/mohammed_fayq/?igshid=MzRlODBiNWFlZA%3D%3D",
  "mementos": {
    "list": [
      {
        "datetime": "2023-10-25T08:13:55Z",
        "uri": "https://web.archive.org/web/20231025081355/https://instagram.com/mohammed_fayq?igshid=MzRlODBiNWFlZA=="
      },
      {
        "datetime": "2023-10-25T08:15:43Z",
        "uri": "https://web.archive.org/web/20231025081543/https://instagram.com/mohammed_fayq/?igshid=MzRlODBiNWFlZA%3D%3D"
      }
    ],
    "first": {
      "datetime": "2023-10-25T08:13:55Z",
      "uri": "https://web.archive.org/web/20231025081355/https://instagram.com/mohammed_fayq?igshid=MzRlODBiNWFlZA=="
    },
    "last": {
      "datetime": "2023-10-25T08:15:43Z",
      "uri": "https://web.archive.org/web/20231025081543/https://instagram.com/mohammed_fayq/?igshid=MzRlODBiNWFlZA%3D%3D"
    }
  },
  "timemap_uri": {
    "link_format": "http://localhost:1208/timemap/link/https://www.instagram.com/mohammed_fayq/?igshid=MzRlODBiNWFlZA%3D%3D",
    "json_format": "http://localhost:1208/timemap/json/https://www.instagram.com/mohammed_fayq/?igshid=MzRlODBiNWFlZA%3D%3D",
    "cdxj_format": "http://localhost:1208/timemap/cdxj/https://www.instagram.com/mohammed_fayq/?igshid=MzRlODBiNWFlZA%3D%3D"
  },
  "timegate_uri": "http://localhost:1208/timegate/https://www.instagram.com/mohammed_fayq/?igshid=MzRlODBiNWFlZA%3D%3D"
}
