{
  "original_uri": "https://www.bbc.co.uk/news/world-latin-america-67190494",
  "self": "http://localhost:1208/timemap/json/https://www.bbc.co.uk/news/world-latin-america-67190494",
  "mementos": {
    "list": [
      {
        "datetime": "2023-10-23T02:11:13Z",
        "uri": "https://web.archive.org/web/20231023021113/https://www.bbc.co.uk/news/world-latin-america-67190494"
      },
      {
        "datetime": "2023-10-23T02:14:46Z",
        "uri": "https://web.archive.org/web/20231023021446/https://www.bbc.co.uk/news/world-latin-america-67190494"
      },
      {
        "datetime": "2023-10-23T02:21:15Z",
        "uri": "https://web.archive.org/web/20231023022115/http://www.bbc.co.uk/news/world-latin-america-67190494"
      },
      {
        "datetime": "2023-10-23T05:09:45Z",
        "uri": "https://web.archive.org/web/20231023050945/https://www.bbc.co.uk/news/world-latin-america-67190494"
      },
      {
        "datetime": "2023-10-23T11:38:22Z",
        "uri": "https://web.archive.org/web/20231023113822/https://www.bbc.co.uk/news/world-latin-america-67190494"
      },
      {
        "datetime": "2023-10-23T11:55:34Z",
        "uri": "https://web.archive.org/web/20231023115534/https://www.bbc.co.uk/news/world-latin-america-67190494"
      },
      {
        "datetime": "2023-10-23T13:10:01Z",
        "uri": "https://web.archive.org/web/20231023131001/https://www.bbc.co.uk/news/world-latin-america-67190494"
      },
      {
        "datetime": "2023-10-23T17:25:57Z",
        "uri": "https://www.webarchive.org.uk/wayback/archive/20231023172557mp_/https://www.bbc.co.uk/news/world-latin-america-67190494"
      },
      {
        "datetime": "2023-10-25T02:58:48Z",
        "uri": "https://web.archive.org/web/20231025025848/https://www.bbc.co.uk/news/world-latin-america-67190494"
      }
    ],
    "first": {
      "datetime": "2023-10-23T02:11:13Z",
      "uri": "https://web.archive.org/web/20231023021113/https://www.bbc.co.uk/news/world-latin-america-67190494"
    },
    "last": {
      "datetime": "2023-10-25T02:58:48Z",
      "uri": "https://web.archive.org/web/20231025025848/https://www.bbc.co.uk/news/world-latin-america-67190494"
    }
  },
  "timemap_uri": {
    "link_format": "http://localhost:1208/timemap/link/https://www.bbc.co.uk/news/world-latin-america-67190494",
    "json_format": "http://localhost:1208/timemap/json/https://www.bbc.co.uk/news/world-latin-america-67190494",
    "cdxj_format": "http://localhost:1208/timemap/cdxj/https://www.bbc.co.uk/news/world-latin-america-67190494"
  },
  "timegate_uri": "http://localhost:1208/timegate/https://www.bbc.co.uk/news/world-latin-america-67190494"
}
