{
  "original_uri": "https://qonversations.com/prabowo-picks-joko-widodos-son-as-running-mate-in-indonesian-elections/",
  "self": "http://localhost:1208/timemap/json/https://qonversations.com/prabowo-picks-joko-widodos-son-as-running-mate-in-indonesian-elections/",
  "mementos": {
    "list": [
      {
        "datetime": "2023-10-24T16:09:02Z",
        "uri": "https://web.archive.org/web/20231024160902/https://qonversations.com/prabowo-picks-joko-widodos-son-as-running-mate-in-indonesian-elections/"
      },
      {
        "datetime": "2023-10-24T16:09:41Z",
        "uri": "https://web.archive.org/web/20231024160941/https://qonversations.com/prabowo-picks-joko-widodos-son-as-running-mate-in-indonesian-elections/"
      }
    ],
    "first": {
      "datetime": "2023-10-24T16:09:02Z",
      "uri": "https://web.archive.org/web/20231024160902/https://qonversations.com/prabowo-picks-joko-widodos-son-as-running-mate-in-indonesian-elections/"
    },
    "last": {
      "datetime": "2023-10-24T16:09:41Z",
      "uri": "https://web.archive.org/web/20231024160941/https://qonversations.com/prabowo-picks-joko-widodos-son-as-running-mate-in-indonesian-elections/"
    }
  },
  "timemap_uri": {
    "link_format": "http://localhost:1208/timemap/link/https://qonversations.com/prabowo-picks-joko-widodos-son-as-running-mate-in-indonesian-elections/",
    "json_format": "http://localhost:1208/timemap/json/https://qonversations.com/prabowo-picks-joko-widodos-son-as-running-mate-in-indonesian-elections/",
    "cdxj_format": "http://localhost:1208/timemap/cdxj/https://qonversations.com/prabowo-picks-joko-widodos-son-as-running-mate-in-indonesian-elections/"
  },
  "timegate_uri": "http://localhost:1208/timegate/https://qonversations.com/prabowo-picks-joko-widodos-son-as-running-mate-in-indonesian-elections/"
}
