{
  "original_uri": "https://economictimes.indiatimes.com/tech/funding/genai-claims-lions-share-of-global-ai-startup-funding/articleshow/104632269.cms",
  "self": "http://localhost:1208/timemap/json/https://economictimes.indiatimes.com/tech/funding/genai-claims-lions-share-of-global-ai-startup-funding/articleshow/104632269.cms",
  "mementos": {
    "list": [
      {
        "datetime": "2023-10-23T07:03:58Z",
        "uri": "https://web.archive.org/web/20231023070358/https://economictimes.indiatimes.com/tech/funding/genai-claims-lions-share-of-global-ai-startup-funding/articleshow/104632269.cms"
      },
      {
        "datetime": "2023-10-24T02:03:51Z",
        "uri": "https://web.archive.org/web/20231024020351/https://economictimes.indiatimes.com/tech/funding/genai-claims-lions-share-of-global-ai-startup-funding/articleshow/104632269.cms"
      },
      {
        "datetime": "2023-10-24T03:06:10Z",
        "uri": "https://web.archive.org/web/20231024030610/https://economictimes.indiatimes.com/tech/funding/genai-claims-lions-share-of-global-ai-startup-funding/articleshow/104632269.cms"
      },
      {
        "datetime": "2023-10-24T04:17:50Z",
        "uri": "https://web.archive.org/web/20231024041750/https://economictimes.indiatimes.com/tech/funding/genai-claims-lions-share-of-global-ai-startup-funding/articleshow/104632269.cms"
      },
      {
        "datetime": "2023-10-24T08:03:52Z",
        "uri": "https://web.archive.org/web/20231024080352/https://economictimes.indiatimes.com/tech/funding/genai-claims-lions-share-of-global-ai-startup-funding/articleshow/104632269.cms"
      },
      {
        "datetime": "2023-10-24T08:04:03Z",
        "uri": "https://web.archive.org/web/20231024080403/https://economictimes.indiatimes.com/tech/funding/genai-claims-lions-share-of-global-ai-startup-funding/articleshow/104632269.cms"
      },
      {
        "datetime": "2023-10-24T13:20:35Z",
        "uri": "https://web.archive.org/web/20231024132035/https://economictimes.indiatimes.com/tech/funding/genai-claims-lions-share-of-global-ai-startup-funding/articleshow/104632269.cms"
      },
      {
        "datetime": "2023-10-24T17:14:56Z",
        "uri": "https://web.archive.org/web/20231024171456/https://economictimes.indiatimes.com/tech/funding/genai-claims-lions-share-of-global-ai-startup-funding/articleshow/104632269.cms"
      }
    ],
    "first": {
      "datetime": "2023-10-23T07:03:58Z",
      "uri": "https://web.archive.org/web/20231023070358/https://economictimes.indiatimes.com/tech/funding/genai-claims-lions-share-of-global-ai-startup-funding/articleshow/104632269.cms"
    },
    "last": {
      "datetime": "2023-10-24T17:14:56Z",
      "uri": "https://web.archive.org/web/20231024171456/https://economictimes.indiatimes.com/tech/funding/genai-claims-lions-share-of-global-ai-startup-funding/articleshow/104632269.cms"
    }
  },
  "timemap_uri": {
    "link_format": "http://localhost:1208/timemap/link/https://economictimes.indiatimes.com/tech/funding/genai-claims-lions-share-of-global-ai-startup-funding/articleshow/104632269.cms",
    "json_format": "http://localhost:1208/timemap/json/https://economictimes.indiatimes.com/tech/funding/genai-claims-lions-share-of-global-ai-startup-funding/articleshow/104632269.cms",
    "cdxj_format": "http://localhost:1208/timemap/cdxj/https://economictimes.indiatimes.com/tech/funding/genai-claims-lions-share-of-global-ai-startup-funding/articleshow/104632269.cms"
  },
  "timegate_uri": "http://localhost:1208/timegate/https://economictimes.indiatimes.com/tech/funding/genai-claims-lions-share-of-global-ai-startup-funding/articleshow/104632269.cms"
}
