{
  "original_uri": "https://www.philstar.com/nation/2023/10/24/2306193/elite-scout-ranger-company-deployed-basilan-barangay-sk-polls-duties",
  "self": "http://localhost:1208/timemap/json/https://www.philstar.com/nation/2023/10/24/2306193/elite-scout-ranger-company-deployed-basilan-barangay-sk-polls-duties",
  "mementos": {
    "list": [
      {
        "datetime": "2023-10-25T21:50:31Z",
        "uri": "https://web.archive.org/web/20231025215031/https://www.philstar.com/nation/2023/10/24/2306193/elite-scout-ranger-company-deployed-basilan-barangay-sk-polls-duties"
      },
      {
        "datetime": "2023-10-25T21:50:44Z",
        "uri": "https://web.archive.org/web/20231025215044/https://www.philstar.com/nation/2023/10/24/2306193/elite-scout-ranger-company-deployed-basilan-barangay-sk-polls-duties"
      },
      {
        "datetime": "2023-10-25T21:50:59Z",
        "uri": "https://web.archive.org/web/20231025215059/https://www.philstar.com/nation/2023/10/24/2306193/elite-scout-ranger-company-deployed-basilan-barangay-sk-polls-duties"
      },
      {
        "datetime": "2023-10-25T21:51:14Z",
        "uri": "https://web.archive.org/web/20231025215114/https://www.philstar.com/nation/2023/10/24/2306193/elite-scout-ranger-company-deployed-basilan-barangay-sk-polls-duties"
      },
      {
        "datetime": "2023-10-25T21:52:19Z",
        "uri": "https://web.archive.org/web/20231025215219/https://www.philstar.com/nation/2023/10/24/2306193/elite-scout-ranger-company-deployed-basilan-barangay-sk-polls-duties"
      },
      {
        "datetime": "2023-10-25T21:52:53Z",
        "uri": "https://web.archive.org/web/20231025215253/https://www.philstar.com/nation/2023/10/24/2306193/elite-scout-ranger-company-deployed-basilan-barangay-sk-polls-duties"
      },
      {
        "datetime": "2023-10-25T21:53:02Z",
        "uri": "https://web.archive.org/web/20231025215302/https://www.philstar.com/nation/2023/10/24/2306193/elite-scout-ranger-company-deployed-basilan-barangay-sk-polls-duties"
      },
      {
        "datetime": "2023-10-25T21:53:38Z",
        "uri": "https://web.archive.org/web/20231025215338/https://www.philstar.com/nation/2023/10/24/2306193/elite-scout-ranger-company-deployed-basilan-barangay-sk-polls-duties"
      },
      {
        "datetime": "2023-10-25T21:53:39Z",
        "uri": "https://web.archive.org/web/20231025215339/https://www.philstar.com/nation/2023/10/24/2306193/elite-scout-ranger-company-deployed-basilan-barangay-sk-polls-duties"
      }
    ],
    "first": {
      "datetime": "2023-10-25T21:50:31Z",
      "uri": "https://web.archive.org/web/20231025215031/https://www.philstar.com/nation/2023/10/24/2306193/elite-scout-ranger-company-deployed-basilan-barangay-sk-polls-duties"
    },
    "last": {
      "datetime": "2023-10-25T21:53:39Z",
      "uri": "https://web.archive.org/web/20231025215339/https://www.philstar.com/nation/2023/10/24/2306193/elite-scout-ranger-company-deployed-basilan-barangay-sk-polls-duties"
    }
  },
  "timemap_uri": {
    "link_format": "http://localhost:1208/timemap/link/https://www.philstar.com/nation/2023/10/24/2306193/elite-scout-ranger-company-deployed-basilan-barangay-sk-polls-duties",
    "json_format": "http://localhost:1208/timemap/json/https://www.philstar.com/nation/2023/10/24/2306193/elite-scout-ranger-company-deployed-basilan-barangay-sk-polls-duties",
    "cdxj_format": "http://localhost:1208/timemap/cdxj/https://www.philstar.com/nation/2023/10/24/2306193/elite-scout-ranger-company-deployed-basilan-barangay-sk-polls-duties"
  },
  "timegate_uri": "http://localhost:1208/timegate/https://www.philstar.com/nation/2023/10/24/2306193/elite-scout-ranger-company-deployed-basilan-barangay-sk-polls-duties"
}
