{
  "original_uri": "https://speedinews.com/2023/10/24/kanye-west-fan-trolls-pete-davidson-with-cheeky-sneaker-autograph-request/",
  "self": "http://localhost:1208/timemap/json/https://speedinews.com/2023/10/24/kanye-west-fan-trolls-pete-davidson-with-cheeky-sneaker-autograph-request/",
  "mementos": {
    "list": [
      {
        "datetime": "2023-10-24T02:11:54Z",
        "uri": "https://web.archive.org/web/20231024021154/https://speedinews.com/2023/10/24/kanye-west-fan-trolls-pete-davidson-with-cheeky-sneaker-autograph-request/"
      }
    ],
    "first": {
      "datetime": "2023-10-24T02:11:54Z",
      "uri": "https://web.archive.org/web/20231024021154/https://speedinews.com/2023/10/24/kanye-west-fan-trolls-pete-davidson-with-cheeky-sneaker-autograph-request/"
    },
    "last": {
      "datetime": "2023-10-24T02:11:54Z",
      "uri": "https://web.archive.org/web/20231024021154/https://speedinews.com/2023/10/24/kanye-west-fan-trolls-pete-davidson-with-cheeky-sneaker-autograph-request/"
    }
  },
  "timemap_uri": {
    "link_format": "http://localhost:1208/timemap/link/https://speedinews.com/2023/10/24/kanye-west-fan-trolls-pete-davidson-with-cheeky-sneaker-autograph-request/",
    "json_format": "http://localhost:1208/timemap/json/https://speedinews.com/2023/10/24/kanye-west-fan-trolls-pete-davidson-with-cheeky-sneaker-autograph-request/",
    "cdxj_format": "http://localhost:1208/timemap/cdxj/https://speedinews.com/2023/10/24/kanye-west-fan-trolls-pete-davidson-with-cheeky-sneaker-autograph-request/"
  },
  "timegate_uri": "http://localhost:1208/timegate/https://speedinews.com/2023/10/24/kanye-west-fan-trolls-pete-davidson-with-cheeky-sneaker-autograph-request/"
}
