{
  "original_uri": "https://thebusinesspress.news.blog/2023/10/24/the-escalating-conflict-israels-recent-strikes-in-gaza-and-syria-spark-tensions/",
  "self": "http://localhost:1208/timemap/json/https://thebusinesspress.news.blog/2023/10/24/the-escalating-conflict-israels-recent-strikes-in-gaza-and-syria-spark-tensions/",
  "mementos": {
    "list": [
      {
        "datetime": "2023-10-24T16:34:33Z",
        "uri": "https://web.archive.org/web/20231024163433/http://thebusinesspress.news.blog/2023/10/24/the-escalating-conflict-israels-recent-strikes-in-gaza-and-syria-spark-tensions/"
      }
    ],
    "first": {
      "datetime": "2023-10-24T16:34:33Z",
      "uri": "https://web.archive.org/web/20231024163433/http://thebusinesspress.news.blog/2023/10/24/the-escalating-conflict-israels-recent-strikes-in-gaza-and-syria-spark-tensions/"
    },
    "last": {
      "datetime": "2023-10-24T16:34:33Z",
      "uri": "https://web.archive.org/web/20231024163433/http://thebusinesspress.news.blog/2023/10/24/the-escalating-conflict-israels-recent-strikes-in-gaza-and-syria-spark-tensions/"
    }
  },
  "timemap_uri": {
    "link_format": "http://localhost:1208/timemap/link/https://thebusinesspress.news.blog/2023/10/24/the-escalating-conflict-israels-recent-strikes-in-gaza-and-syria-spark-tensions/",
    "json_format": "http://localhost:1208/timemap/json/https://thebusinesspress.news.blog/2023/10/24/the-escalating-conflict-israels-recent-strikes-in-gaza-and-syria-spark-tensions/",
    "cdxj_format": "http://localhost:1208/timemap/cdxj/https://thebusinesspress.news.blog/2023/10/24/the-escalating-conflict-israels-recent-strikes-in-gaza-and-syria-spark-tensions/"
  },
  "timegate_uri": "http://localhost:1208/timegate/https://thebusinesspress.news.blog/2023/10/24/the-escalating-conflict-israels-recent-strikes-in-gaza-and-syria-spark-tensions/"
}
