{
  "original_uri": "https://www.businessinsider.com/elon-musk-considering-taking-twitter-x-out-of-europe-dsa-2023-10",
  "self": "http://localhost:1208/timemap/json/https://www.businessinsider.com/elon-musk-considering-taking-twitter-x-out-of-europe-dsa-2023-10",
  "mementos": {
    "list": [
      {
        "datetime": "2023-10-18T22:20:39Z",
        "uri": "http://archive.md/20231018222039/https://www.businessinsider.com/elon-musk-considering-taking-twitter-x-out-of-europe-dsa-2023-10"
      },
      {
        "datetime": "2023-10-18T22:43:02Z",
        "uri": "https://web.archive.org/web/20231018224302/https://www.businessinsider.com/elon-musk-considering-taking-twitter-x-out-of-europe-dsa-2023-10"
      },
      {
        "datetime": "2023-10-18T23:39:48Z",
        "uri": "http://archive.md/20231018233948/https://www.businessinsider.com/elon-musk-considering-taking-twitter-x-out-of-europe-dsa-2023-10"
      },
      {
        "datetime": "2023-10-18T23:52:30Z",
        "uri": "https://web.archive.org/web/20231018235230/https://www.businessinsider.com/elon-musk-considering-taking-twitter-x-out-of-europe-dsa-2023-10"
      },
      {
        "datetime": "2023-10-19T00:38:23Z",
        "uri": "https://web.archive.org/web/20231019003823/https://www.businessinsider.com/elon-musk-considering-taking-twitter-x-out-of-europe-dsa-2023-10"
      },
      {
        "datetime": "2023-10-19T00:54:38Z",
        "uri": "https://web.archive.org/web/20231019005438/https://www.businessinsider.com/elon-musk-considering-taking-twitter-x-out-of-europe-dsa-2023-10"
      },
      {
        "datetime": "2023-10-19T01:27:17Z",
        "uri": "https://web.archive.org/web/20231019012717/https://www.businessinsider.com/elon-musk-considering-taking-twitter-x-out-of-europe-dsa-2023-10"
      },
      {
        "datetime": "2023-10-19T02:04:10Z",
        "uri": "https://web.archive.org/web/20231019020410/https://www.businessinsider.com/elon-musk-considering-taking-twitter-x-out-of-europe-dsa-2023-10"
      },
      {
        "datetime": "2023-10-19T02:09:38Z",
        "uri": "https://web.archive.org/web/20231019020938/https://www.businessinsider.com/elon-musk-considering-taking-twitter-x-out-of-europe-dsa-2023-10"
      },
      {
        "datetime": "2023-10-19T02:10:27Z",
        "uri": "http://archive.md/20231019021027/https://www.businessinsider.com/elon-musk-considering-taking-twitter-x-out-of-europe-dsa-2023-10"
      },
      {
        "datetime": "2023-10-19T02:21:28Z",
        "uri": "https://web.archive.org/web/20231019022128/https://www.businessinsider.com/elon-musk-considering-taking-twitter-x-out-of-europe-dsa-2023-10"
      },
      {
        "datetime": "2023-10-19T02:51:52Z",
        "uri": "https://web.archive.org/web/20231019025152/https://www.businessinsider.com/elon-musk-considering-taking-twitter-x-out-of-europe-dsa-2023-10"
      },
      {
        "datetime": "2023-10-19T03:07:23Z",
        "uri": "https://web.archive.org/web/20231019030723/https://www.businessinsider.com/elon-musk-considering-taking-twitter-x-out-of-europe-dsa-2023-10"
      },
      {
        "datetime": "2023-10-19T03:23:40Z",
        "uri": "https://web.archive.org/web/20231019032340/http://www.businessinsider.com/elon-musk-considering-taking-twitter-x-out-of-europe-dsa-2023-10"
      },
      {
        "datetime": "2023-10-19T04:08:18Z",
        "uri": "https://web.archive.org/web/20231019040818/https://www.businessinsider.com/elon-musk-considering-taking-twitter-x-out-of-europe-dsa-2023-10"
      },
      {
        "datetime": "2023-10-19T04:09:34Z",
        "uri": "https://web.archive.org/web/20231019040934/https://www.businessinsider.com/elon-musk-considering-taking-twitter-x-out-of-europe-dsa-2023-10"
      },
      {
        "datetime": "2023-10-19T04:19:52Z",
        "uri": "https://web.archive.org/web/20231019041952/https://www.businessinsider.com/elon-musk-considering-taking-twitter-x-out-of-europe-dsa-2023-10"
      },
      {
        "datetime": "2023-10-19T04:20:39Z",
        "uri": "https://web.archive.org/web/20231019042039/https://www.businessinsider.com/elon-musk-considering-taking-twitter-x-out-of-europe-dsa-2023-10"
      },
      {
        "datetime": "2023-10-19T05:37:31Z",
        "uri": "https://web.archive.org/web/20231019053731/https://www.businessinsider.com/elon-musk-considering-taking-twitter-x-out-of-europe-dsa-2023-10"
      },
      {
        "datetime": "2023-10-19T05:53:55Z",
        "uri": "https://web.archive.org/web/20231019055355/https://www.businessinsider.com/elon-musk-considering-taking-twitter-x-out-of-europe-dsa-2023-10"
      },
      {
        "datetime": "2023-10-19T06:08:52Z",
        "uri": "https://web.archive.org/web/20231019060852/https://www.businessinsider.com/elon-musk-considering-taking-twitter-x-out-of-europe-dsa-2023-10"
      },
      {
        "datetime": "2023-10-19T06:17:16Z",
        "uri": "http://archive.md/20231019061716/https://www.businessinsider.com/elon-musk-considering-taking-twitter-x-out-of-europe-dsa-2023-10"
      },
      {
        "datetime": "2023-10-19T06:19:06Z",
        "uri": "https://web.archive.org/web/20231019061906/https://www.businessinsider.com/elon-musk-considering-taking-twitter-x-out-of-europe-dsa-2023-10"
      },
      {
        "datetime": "2023-10-19T06:24:34Z",
        "uri": "https://web.archive.org/web/20231019062434/https://www.businessinsider.com/elon-musk-considering-taking-twitter-x-out-of-europe-dsa-2023-10"
      },
      {
        "datetime": "2023-10-19T06:25:14Z",
        "uri": "https://web.archive.org/web/20231019062514/https://www.businessinsider.com/elon-musk-considering-taking-twitter-x-out-of-europe-dsa-2023-10"
      },
      {
        "datetime": "2023-10-19T06:35:48Z",
        "uri": "https://web.archive.org/web/20231019063548/https://www.businessinsider.com/elon-musk-considering-taking-twitter-x-out-of-europe-dsa-2023-10"
      },
      {
        "datetime": "2023-10-19T07:07:17Z",
        "uri": "https://web.archive.org/web/20231019070717/https://www.businessinsider.com/elon-musk-considering-taking-twitter-x-out-of-europe-dsa-2023-10"
      },
      {
        "datetime": "2023-10-19T07:21:59Z",
        "uri": "https://web.archive.org/web/20231019072159/https://www.businessinsider.com/elon-musk-considering-taking-twitter-x-out-of-europe-dsa-2023-10"
      },
      {
        "datetime": "2023-10-19T07:23:05Z",
        "uri": "https://web.archive.org/web/20231019072305/https://www.businessinsider.com/elon-musk-considering-taking-twitter-x-out-of-europe-dsa-2023-10"
      },
      {
        "datetime": "2023-10-19T07:37:43Z",
        "uri": "https://web.archive.org/web/20231019073743/https://www.businessinsider.com/elon-musk-considering-taking-twitter-x-out-of-europe-dsa-2023-10"
      },
      {
        "datetime": "2023-10-19T07:38:12Z",
        "uri": "https://web.archive.org/web/20231019073812/https://www.businessinsider.com/elon-musk-considering-taking-twitter-x-out-of-europe-dsa-2023-10"
      },
      {
        "datetime": "2023-10-19T07:50:05Z",
        "uri": "https://web.archive.org/web/20231019075005/https://www.businessinsider.com/elon-musk-considering-taking-twitter-x-out-of-europe-dsa-2023-10"
      },
      {
        "datetime": "2023-10-19T07:54:54Z",
        "uri": "https://web.archive.org/web/20231019075454/https://www.businessinsider.com/elon-musk-considering-taking-twitter-x-out-of-europe-dsa-2023-10"
      },
      {
        "datetime": "2023-10-19T08:09:31Z",
        "uri": "https://web.archive.org/web/20231019080931/https://www.businessinsider.com/elon-musk-considering-taking-twitter-x-out-of-europe-dsa-2023-10"
      },
      {
        "datetime": "2023-10-19T08:21:44Z",
        "uri": "https://web.archive.org/web/20231019082144/https://www.businessinsider.com/elon-musk-considering-taking-twitter-x-out-of-europe-dsa-2023-10"
      },
      {
        "datetime": "2023-10-19T08:25:26Z",
        "uri": "https://web.archive.org/web/20231019082526/https://www.businessinsider.com/elon-musk-considering-taking-twitter-x-out-of-europe-dsa-2023-10"
      },
      {
        "datetime": "2023-10-19T08:36:00Z",
        "uri": "https://web.archive.org/web/20231019083600/https://www.businessinsider.com/elon-musk-considering-taking-twitter-x-out-of-europe-dsa-2023-10"
      },
      {
        "datetime": "2023-10-19T08:51:03Z",
        "uri": "https://web.archive.org/web/20231019085103/https://www.businessinsider.com/elon-musk-considering-taking-twitter-x-out-of-europe-dsa-2023-10"
      },
      {
        "datetime": "2023-10-19T09:07:16Z",
        "uri": "https://web.archive.org/web/20231019090716/https://www.businessinsider.com/elon-musk-considering-taking-twitter-x-out-of-europe-dsa-2023-10"
      },
      {
        "datetime": "2023-10-19T09:23:16Z",
        "uri": "https://web.archive.org/web/20231019092316/https://www.businessinsider.com/elon-musk-considering-taking-twitter-x-out-of-europe-dsa-2023-10"
      },
      {
        "datetime": "2023-10-19T09:39:33Z",
        "uri": "https://web.archive.org/web/20231019093933/https://www.businessinsider.com/elon-musk-considering-taking-twitter-x-out-of-europe-dsa-2023-10"
      },
      {
        "datetime": "2023-10-19T09:53:35Z",
        "uri": "https://web.archive.org/web/20231019095335/https://www.businessinsider.com/elon-musk-considering-taking-twitter-x-out-of-europe-dsa-2023-10"
      },
      {
        "datetime": "2023-10-19T09:54:40Z",
        "uri": "https://web.archive.org/web/20231019095440/https://www.businessinsider.com/elon-musk-considering-taking-twitter-x-out-of-europe-dsa-2023-10"
      },
      {
        "datetime": "2023-10-19T10:10:14Z",
        "uri": "https://web.archive.org/web/20231019101014/https://www.businessinsider.com/elon-musk-considering-taking-twitter-x-out-of-europe-dsa-2023-10"
      },
      {
        "datetime": "2023-10-19T10:20:29Z",
        "uri": "https://web.archive.org/web/20231019102029/https://www.businessinsider.com/elon-musk-considering-taking-twitter-x-out-of-europe-dsa-2023-10"
      },
      {
        "datetime": "2023-10-19T10:20:56Z",
        "uri": "http://archive.md/20231019102056/https://www.businessinsider.com/elon-musk-considering-taking-twitter-x-out-of-europe-dsa-2023-10"
      },
      {
        "datetime": "2023-10-19T10:26:18Z",
        "uri": "https://web.archive.org/web/20231019102618/https://www.businessinsider.com/elon-musk-considering-taking-twitter-x-out-of-europe-dsa-2023-10"
      },
      {
        "datetime": "2023-10-19T10:36:33Z",
        "uri": "https://web.archive.org/web/20231019103633/https://www.businessinsider.com/elon-musk-considering-taking-twitter-x-out-of-europe-dsa-2023-10"
      },
      {
        "datetime": "2023-10-19T10:52:23Z",
        "uri": "https://web.archive.org/web/20231019105223/https://www.businessinsider.com/elon-musk-considering-taking-twitter-x-out-of-europe-dsa-2023-10"
      },
      {
        "datetime": "2023-10-19T10:54:32Z",
        "uri": "https://web.archive.org/web/20231019105432/https://www.businessinsider.com/elon-musk-considering-taking-twitter-x-out-of-europe-dsa-2023-10"
      },
      {
        "datetime": "2023-10-19T11:08:06Z",
        "uri": "https://web.archive.org/web/20231019110806/https://www.businessinsider.com/elon-musk-considering-taking-twitter-x-out-of-europe-dsa-2023-10"
      },
      {
        "datetime": "2023-10-19T11:08:52Z",
        "uri": "https://web.archive.org/web/20231019110852/https://www.businessinsider.com/elon-musk-considering-taking-twitter-x-out-of-europe-dsa-2023-10"
      },
      {
        "datetime": "2023-10-19T11:24:46Z",
        "uri": "https://web.archive.org/web/20231019112446/https://www.businessinsider.com/elon-musk-considering-taking-twitter-x-out-of-europe-dsa-2023-10"
      },
      {
        "datetime": "2023-10-19T11:41:30Z",
        "uri": "https://web.archive.org/web/20231019114130/https://www.businessinsider.com/elon-musk-considering-taking-twitter-x-out-of-europe-dsa-2023-10"
      },
      {
        "datetime": "2023-10-19T11:48:00Z",
        "uri": "https://web.archive.org/web/20231019114800/https://www.businessinsider.com/elon-musk-considering-taking-twitter-x-out-of-europe-dsa-2023-10"
      },
      {
        "datetime": "2023-10-19T11:52:47Z",
        "uri": "https://web.archive.org/web/20231019115247/https://www.businessinsider.com/elon-musk-considering-taking-twitter-x-out-of-europe-dsa-2023-10"
      },
      {
        "datetime": "2023-10-19T12:07:01Z",
        "uri": "https://web.archive.org/web/20231019120701/https://www.businessinsider.com/elon-musk-considering-taking-twitter-x-out-of-europe-dsa-2023-10"
      },
      {
        "datetime": "2023-10-19T12:07:24Z",
        "uri": "https://web.archive.org/web/20231019120724/https://www.businessinsider.com/elon-musk-considering-taking-twitter-x-out-of-europe-dsa-2023-10"
      },
      {
        "datetime": "2023-10-19T12:22:50Z",
        "uri": "https://web.archive.org/web/20231019122250/https://www.businessinsider.com/elon-musk-considering-taking-twitter-x-out-of-europe-dsa-2023-10"
      },
      {
        "datetime": "2023-10-19T12:38:13Z",
        "uri": "https://web.archive.org/web/20231019123813/https://www.businessinsider.com/elon-musk-considering-taking-twitter-x-out-of-europe-dsa-2023-10"
      },
      {
        "datetime": "2023-10-19T12:38:16Z",
        "uri": "https://web.archive.org/web/20231019123816/https://www.businessinsider.com/elon-musk-considering-taking-twitter-x-out-of-europe-dsa-2023-10"
      },
      {
        "datetime": "2023-10-19T12:54:54Z",
        "uri": "https://web.archive.org/web/20231019125454/https://www.businessinsider.com/elon-musk-considering-taking-twitter-x-out-of-europe-dsa-2023-10"
      },
      {
        "datetime": "2023-10-19T12:55:13Z",
        "uri": "https://web.archive.org/web/20231019125513/https://www.businessinsider.com/elon-musk-considering-taking-twitter-x-out-of-europe-dsa-2023-10"
      },
      {
        "datetime": "2023-10-19T13:04:15Z",
        "uri": "https://web.archive.org/web/20231019130415/https://www.businessinsider.com/elon-musk-considering-taking-twitter-x-out-of-europe-dsa-2023-10"
      },
      {
        "datetime": "2023-10-19T13:09:52Z",
        "uri": "https://web.archive.org/web/20231019130952/https://www.businessinsider.com/elon-musk-considering-taking-twitter-x-out-of-europe-dsa-2023-10"
      },
      {
        "datetime": "2023-10-19T13:12:08Z",
        "uri": "https://web.archive.org/web/20231019131208/https://www.businessinsider.com/elon-musk-considering-taking-twitter-x-out-of-europe-dsa-2023-10"
      },
      {
        "datetime": "2023-10-19T13:20:34Z",
        "uri": "https://web.archive.org/web/20231019132034/https://www.businessinsider.com/elon-musk-considering-taking-twitter-x-out-of-europe-dsa-2023-10"
      },
      {
        "datetime": "2023-10-19T13:22:06Z",
        "uri": "https://web.archive.org/web/20231019132206/https://www.businessinsider.com/elon-musk-considering-taking-twitter-x-out-of-europe-dsa-2023-10"
      },
      {
        "datetime": "2023-10-19T13:36:46Z",
        "uri": "https://web.archive.org/web/20231019133646/https://www.businessinsider.com/elon-musk-considering-taking-twitter-x-out-of-europe-dsa-2023-10"
      },
      {
        "datetime": "2023-10-19T13:39:01Z",
        "uri": "https://web.archive.org/web/20231019133901/https://www.businessinsider.com/elon-musk-considering-taking-twitter-x-out-of-europe-dsa-2023-10"
      },
      {
        "datetime": "2023-10-19T13:52:35Z",
        "uri": "https://web.archive.org/web/20231019135235/https://www.businessinsider.com/elon-musk-considering-taking-twitter-x-out-of-europe-dsa-2023-10"
      },
      {
        "datetime": "2023-10-19T13:54:16Z",
        "uri": "https://web.archive.org/web/20231019135416/https://www.businessinsider.com/elon-musk-considering-taking-twitter-x-out-of-europe-dsa-2023-10"
      },
      {
        "datetime": "2023-10-19T14:08:38Z",
        "uri": "https://web.archive.org/web/20231019140838/https://www.businessinsider.com/elon-musk-considering-taking-twitter-x-out-of-europe-dsa-2023-10"
      },
      {
        "datetime": "2023-10-19T14:25:06Z",
        "uri": "https://web.archive.org/web/20231019142506/https://www.businessinsider.com/elon-musk-considering-taking-twitter-x-out-of-europe-dsa-2023-10"
      },
      {
        "datetime": "2023-10-19T15:07:26Z",
        "uri": "https://web.archive.org/web/20231019150726/https://www.businessinsider.com/elon-musk-considering-taking-twitter-x-out-of-europe-dsa-2023-10"
      },
      {
        "datetime": "2023-10-19T15:08:05Z",
        "uri": "https://web.archive.org/web/20231019150805/https://www.businessinsider.com/elon-musk-considering-taking-twitter-x-out-of-europe-dsa-2023-10"
      },
      {
        "datetime": "2023-10-19T15:24:08Z",
        "uri": "https://web.archive.org/web/20231019152408/https://www.businessinsider.com/elon-musk-considering-taking-twitter-x-out-of-europe-dsa-2023-10"
      },
      {
        "datetime": "2023-10-19T15:25:25Z",
        "uri": "https://web.archive.org/web/20231019152525/https://www.businessinsider.com/elon-musk-considering-taking-twitter-x-out-of-europe-dsa-2023-10"
      },
      {
        "datetime": "2023-10-19T15:39:27Z",
        "uri": "https://web.archive.org/web/20231019153927/https://www.businessinsider.com/elon-musk-considering-taking-twitter-x-out-of-europe-dsa-2023-10"
      },
      {
        "datetime": "2023-10-19T15:52:19Z",
        "uri": "https://web.archive.org/web/20231019155219/https://www.businessinsider.com/elon-musk-considering-taking-twitter-x-out-of-europe-dsa-2023-10"
      },
      {
        "datetime": "2023-10-19T15:57:25Z",
        "uri": "https://web.archive.org/web/20231019155725/https://www.businessinsider.com/elon-musk-considering-taking-twitter-x-out-of-europe-dsa-2023-10"
      },
      {
        "datetime": "2023-10-19T16:07:27Z",
        "uri": "https://web.archive.org/web/20231019160727/https://www.businessinsider.com/elon-musk-considering-taking-twitter-x-out-of-europe-dsa-2023-10"
      },
      {
        "datetime": "2023-10-19T16:39:40Z",
        "uri": "https://web.archive.org/web/20231019163940/https://www.businessinsider.com/elon-musk-considering-taking-twitter-x-out-of-europe-dsa-2023-10"
      },
      {
        "datetime": "2023-10-19T16:55:01Z",
        "uri": "https://web.archive.org/web/20231019165501/https://www.businessinsider.com/elon-musk-considering-taking-twitter-x-out-of-europe-dsa-2023-10"
      },
      {
        "datetime": "2023-10-19T18:08:58Z",
        "uri": "https://web.archive.org/web/20231019180858/https://www.businessinsider.com/elon-musk-considering-taking-twitter-x-out-of-europe-dsa-2023-10"
      },
      {
        "datetime": "2023-10-19T18:26:55Z",
        "uri": "https://web.archive.org/web/20231019182655/https://www.businessinsider.com/elon-musk-considering-taking-twitter-x-out-of-europe-dsa-2023-10"
      },
      {
        "datetime": "2023-10-19T18:35:04Z",
        "uri": "https://web.archive.org/web/20231019183504/https://www.businessinsider.com/elon-musk-considering-taking-twitter-x-out-of-europe-dsa-2023-10"
      },
      {
        "datetime": "2023-10-19T18:41:21Z",
        "uri": "https://web.archive.org/web/20231019184121/https://www.businessinsider.com/elon-musk-considering-taking-twitter-x-out-of-europe-dsa-2023-10"
      },
      {
        "datetime": "2023-10-19T19:07:07Z",
        "uri": "https://web.archive.org/web/20231019190707/https://www.businessinsider.com/elon-musk-considering-taking-twitter-x-out-of-europe-dsa-2023-10"
      },
      {
        "datetime": "2023-10-19T19:55:42Z",
        "uri": "https://web.archive.org/web/20231019195542/https://www.businessinsider.com/elon-musk-considering-taking-twitter-x-out-of-europe-dsa-2023-10"
      },
      {
        "datetime": "2023-10-19T20:36:04Z",
        "uri": "https://web.archive.org/web/20231019203604/https://www.businessinsider.com/elon-musk-considering-taking-twitter-x-out-of-europe-dsa-2023-10"
      },
      {
        "datetime": "2023-10-19T21:07:04Z",
        "uri": "https://web.archive.org/web/20231019210704/https://www.businessinsider.com/elon-musk-considering-taking-twitter-x-out-of-europe-dsa-2023-10"
      },
      {
        "datetime": "2023-10-19T21:39:15Z",
        "uri": "https://web.archive.org/web/20231019213915/https://www.businessinsider.com/elon-musk-considering-taking-twitter-x-out-of-europe-dsa-2023-10"
      },
      {
        "datetime": "2023-10-19T23:22:35Z",
        "uri": "https://web.archive.org/web/20231019232235/https://www.businessinsider.com/elon-musk-considering-taking-twitter-x-out-of-europe-dsa-2023-10"
      },
      {
        "datetime": "2023-10-19T23:37:02Z",
        "uri": "https://web.archive.org/web/20231019233702/https://www.businessinsider.com/elon-musk-considering-taking-twitter-x-out-of-europe-dsa-2023-10"
      },
      {
        "datetime": "2023-10-20T00:09:25Z",
        "uri": "https://web.archive.org/web/20231020000925/https://www.businessinsider.com/elon-musk-considering-taking-twitter-x-out-of-europe-dsa-2023-10"
      },
      {
        "datetime": "2023-10-20T00:50:58Z",
        "uri": "https://web.archive.org/web/20231020005058/https://www.businessinsider.com/elon-musk-considering-taking-twitter-x-out-of-europe-dsa-2023-10"
      },
      {
        "datetime": "2023-10-20T02:55:22Z",
        "uri": "http://archive.md/20231020025522/https://www.businessinsider.com/elon-musk-considering-taking-twitter-x-out-of-europe-dsa-2023-10"
      },
      {
        "datetime": "2023-10-20T05:59:25Z",
        "uri": "https://web.archive.org/web/20231020055925/https://www.businessinsider.com/elon-musk-considering-taking-twitter-x-out-of-europe-dsa-2023-10"
      },
      {
        "datetime": "2023-10-20T06:22:26Z",
        "uri": "https://web.archive.org/web/20231020062226/https://www.businessinsider.com/elon-musk-considering-taking-twitter-x-out-of-europe-dsa-2023-10"
      },
      {
        "datetime": "2023-10-20T06:38:11Z",
        "uri": "https://web.archive.org/web/20231020063811/https://www.businessinsider.com/elon-musk-considering-taking-twitter-x-out-of-europe-dsa-2023-10"
      },
      {
        "datetime": "2023-10-20T08:42:35Z",
        "uri": "http://archive.md/20231020084235/https://www.businessinsider.com/elon-musk-considering-taking-twitter-x-out-of-europe-dsa-2023-10"
      },
      {
        "datetime": "2023-10-20T08:53:38Z",
        "uri": "https://web.archive.org/web/20231020085338/https://www.businessinsider.com/elon-musk-considering-taking-twitter-x-out-of-europe-dsa-2023-10"
      },
      {
        "datetime": "2023-10-20T08:53:59Z",
        "uri": "https://web.archive.org/web/20231020085359/https://www.businessinsider.com/elon-musk-considering-taking-twitter-x-out-of-europe-dsa-2023-10"
      },
      {
        "datetime": "2023-10-20T09:25:19Z",
        "uri": "https://web.archive.org/web/20231020092519/https://www.businessinsider.com/elon-musk-considering-taking-twitter-x-out-of-europe-dsa-2023-10"
      },
      {
        "datetime": "2023-10-20T09:40:46Z",
        "uri": "https://web.archive.org/web/20231020094046/https://www.businessinsider.com/elon-musk-considering-taking-twitter-x-out-of-europe-dsa-2023-10"
      },
      {
        "datetime": "2023-10-20T10:07:06Z",
        "uri": "https://web.archive.org/web/20231020100706/https://www.businessinsider.com/elon-musk-considering-taking-twitter-x-out-of-europe-dsa-2023-10"
      },
      {
        "datetime": "2023-10-20T10:22:52Z",
        "uri": "https://web.archive.org/web/20231020102252/https://www.businessinsider.com/elon-musk-considering-taking-twitter-x-out-of-europe-dsa-2023-10"
      },
      {
        "datetime": "2023-10-20T10:38:22Z",
        "uri": "https://web.archive.org/web/20231020103822/https://www.businessinsider.com/elon-musk-considering-taking-twitter-x-out-of-europe-dsa-2023-10"
      },
      {
        "datetime": "2023-10-20T10:54:40Z",
        "uri": "https://web.archive.org/web/20231020105440/https://www.businessinsider.com/elon-musk-considering-taking-twitter-x-out-of-europe-dsa-2023-10"
      },
      {
        "datetime": "2023-10-20T11:21:42Z",
        "uri": "https://web.archive.org/web/20231020112142/https://www.businessinsider.com/elon-musk-considering-taking-twitter-x-out-of-europe-dsa-2023-10"
      },
      {
        "datetime": "2023-10-20T11:25:42Z",
        "uri": "https://web.archive.org/web/20231020112542/https://www.businessinsider.com/elon-musk-considering-taking-twitter-x-out-of-europe-dsa-2023-10"
      },
      {
        "datetime": "2023-10-20T11:27:16Z",
        "uri": "https://web.archive.org/web/20231020112716/https://www.businessinsider.com/elon-musk-considering-taking-twitter-x-out-of-europe-dsa-2023-10"
      },
      {
        "datetime": "2023-10-20T13:29:49Z",
        "uri": "https://web.archive.org/web/20231020132949/https://www.businessinsider.com/elon-musk-considering-taking-twitter-x-out-of-europe-dsa-2023-10"
      },
      {
        "datetime": "2023-10-20T13:37:31Z",
        "uri": "https://web.archive.org/web/20231020133731/https://www.businessinsider.com/elon-musk-considering-taking-twitter-x-out-of-europe-dsa-2023-10"
      },
      {
        "datetime": "2023-10-20T14:35:19Z",
        "uri": "https://web.archive.org/web/20231020143519/https://www.businessinsider.com/elon-musk-considering-taking-twitter-x-out-of-europe-dsa-2023-10"
      },
      {
        "datetime": "2023-10-20T14:40:59Z",
        "uri": "https://web.archive.org/web/20231020144059/https://www.businessinsider.com/elon-musk-considering-taking-twitter-x-out-of-europe-dsa-2023-10"
      },
      {
        "datetime": "2023-10-20T16:26:05Z",
        "uri": "https://web.archive.org/web/20231020162605/https://www.businessinsider.com/elon-musk-considering-taking-twitter-x-out-of-europe-dsa-2023-10"
      },
      {
        "datetime": "2023-10-20T18:50:17Z",
        "uri": "https://web.archive.org/web/20231020185017/https://www.businessinsider.com/elon-musk-considering-taking-twitter-x-out-of-europe-dsa-2023-10"
      },
      {
        "datetime": "2023-10-20T18:56:08Z",
        "uri": "https://web.archive.org/web/20231020185608/https://www.businessinsider.com/elon-musk-considering-taking-twitter-x-out-of-europe-dsa-2023-10"
      },
      {
        "datetime": "2023-10-20T21:22:09Z",
        "uri": "https://web.archive.org/web/20231020212209/https://www.businessinsider.com/elon-musk-considering-taking-twitter-x-out-of-europe-dsa-2023-10"
      },
      {
        "datetime": "2023-10-21T00:35:47Z",
        "uri": "https://web.archive.org/web/20231021003547/https://www.businessinsider.com/elon-musk-considering-taking-twitter-x-out-of-europe-dsa-2023-10"
      },
      {
        "datetime": "2023-10-21T00:38:40Z",
        "uri": "https://web.archive.org/web/20231021003840/https://www.businessinsider.com/elon-musk-considering-taking-twitter-x-out-of-europe-dsa-2023-10"
      },
      {
        "datetime": "2023-10-21T01:04:28Z",
        "uri": "https://web.archive.org/web/20231021010428/https://www.businessinsider.com/elon-musk-considering-taking-twitter-x-out-of-europe-dsa-2023-10"
      },
      {
        "datetime": "2023-10-21T01:09:57Z",
        "uri": "https://web.archive.org/web/20231021010957/https://www.businessinsider.com/elon-musk-considering-taking-twitter-x-out-of-europe-dsa-2023-10"
      },
      {
        "datetime": "2023-10-21T01:10:32Z",
        "uri": "https://web.archive.org/web/20231021011032/https://www.businessinsider.com/elon-musk-considering-taking-twitter-x-out-of-europe-dsa-2023-10"
      },
      {
        "datetime": "2023-10-21T06:54:52Z",
        "uri": "https://web.archive.org/web/20231021065452/https://www.businessinsider.com/elon-musk-considering-taking-twitter-x-out-of-europe-dsa-2023-10"
      },
      {
        "datetime": "2023-10-22T01:34:18Z",
        "uri": "https://web.archive.org/web/20231022013418/https://www.businessinsider.com/elon-musk-considering-taking-twitter-x-out-of-europe-dsa-2023-10"
      },
      {
        "datetime": "2023-10-22T01:39:29Z",
        "uri": "https://web.archive.org/web/20231022013929/https://www.businessinsider.com/elon-musk-considering-taking-twitter-x-out-of-europe-dsa-2023-10"
      },
      {
        "datetime": "2023-10-22T02:10:19Z",
        "uri": "https://web.archive.org/web/20231022021019/https://www.businessinsider.com/elon-musk-considering-taking-twitter-x-out-of-europe-dsa-2023-10"
      },
      {
        "datetime": "2023-10-22T02:48:18Z",
        "uri": "https://web.archive.org/web/20231022024818/https://www.businessinsider.com/elon-musk-considering-taking-twitter-x-out-of-europe-dsa-2023-10"
      },
      {
        "datetime": "2023-10-22T06:22:52Z",
        "uri": "https://web.archive.org/web/20231022062252/https://www.businessinsider.com/elon-musk-considering-taking-twitter-x-out-of-europe-dsa-2023-10"
      },
      {
        "datetime": "2023-10-22T12:07:30Z",
        "uri": "https://web.archive.org/web/20231022120730/https://www.businessinsider.com/elon-musk-considering-taking-twitter-x-out-of-europe-dsa-2023-10"
      },
      {
        "datetime": "2023-10-22T16:20:50Z",
        "uri": "https://web.archive.org/web/20231022162050/https://www.businessinsider.com/elon-musk-considering-taking-twitter-x-out-of-europe-dsa-2023-10"
      },
      {
        "datetime": "2023-10-22T18:36:24Z",
        "uri": "https://web.archive.org/web/20231022183624/https://www.businessinsider.com/elon-musk-considering-taking-twitter-x-out-of-europe-dsa-2023-10"
      },
      {
        "datetime": "2023-10-22T18:36:32Z",
        "uri": "https://web.archive.org/web/20231022183632/https://www.businessinsider.com/elon-musk-considering-taking-twitter-x-out-of-europe-dsa-2023-10"
      },
      {
        "datetime": "2023-10-22T19:37:11Z",
        "uri": "https://web.archive.org/web/20231022193711/https://www.businessinsider.com/elon-musk-considering-taking-twitter-x-out-of-europe-dsa-2023-10"
      },
      {
        "datetime": "2023-10-22T20:38:34Z",
        "uri": "https://web.archive.org/web/20231022203834/https://www.businessinsider.com/elon-musk-considering-taking-twitter-x-out-of-europe-dsa-2023-10"
      },
      {
        "datetime": "2023-10-22T22:37:31Z",
        "uri": "https://web.archive.org/web/20231022223731/https://www.businessinsider.com/elon-musk-considering-taking-twitter-x-out-of-europe-dsa-2023-10"
      },
      {
        "datetime": "2023-10-22T22:38:01Z",
        "uri": "https://web.archive.org/web/20231022223801/https://www.businessinsider.com/elon-musk-considering-taking-twitter-x-out-of-europe-dsa-2023-10"
      },
      {
        "datetime": "2023-10-23T00:35:25Z",
        "uri": "https://web.archive.org/web/20231023003525/https://www.businessinsider.com/elon-musk-considering-taking-twitter-x-out-of-europe-dsa-2023-10"
      },
      {
        "datetime": "2023-10-23T01:37:04Z",
        "uri": "https://web.archive.org/web/20231023013704/https://www.businessinsider.com/elon-musk-considering-taking-twitter-x-out-of-europe-dsa-2023-10"
      },
      {
        "datetime": "2023-10-23T02:23:20Z",
        "uri": "https://web.archive.org/web/20231023022320/https://www.businessinsider.com/elon-musk-considering-taking-twitter-x-out-of-europe-dsa-2023-10"
      },
      {
        "datetime": "2023-10-23T02:38:31Z",
        "uri": "https://web.archive.org/web/20231023023831/https://www.businessinsider.com/elon-musk-considering-taking-twitter-x-out-of-europe-dsa-2023-10"
      },
      {
        "datetime": "2023-10-23T03:52:51Z",
        "uri": "https://web.archive.org/web/20231023035251/https://www.businessinsider.com/elon-musk-considering-taking-twitter-x-out-of-europe-dsa-2023-10"
      },
      {
        "datetime": "2023-10-23T10:06:37Z",
        "uri": "https://web.archive.org/web/20231023100637/https://www.businessinsider.com/elon-musk-considering-taking-twitter-x-out-of-europe-dsa-2023-10"
      },
      {
        "datetime": "2023-10-23T11:07:27Z",
        "uri": "https://web.archive.org/web/20231023110727/https://www.businessinsider.com/elon-musk-considering-taking-twitter-x-out-of-europe-dsa-2023-10"
      },
      {
        "datetime": "2023-10-23T11:24:26Z",
        "uri": "https://web.archive.org/web/20231023112426/https://www.businessinsider.com/elon-musk-considering-taking-twitter-x-out-of-europe-dsa-2023-10"
      },
      {
        "datetime": "2023-10-23T13:26:28Z",
        "uri": "https://web.archive.org/web/20231023132628/https://www.businessinsider.com/elon-musk-considering-taking-twitter-x-out-of-europe-dsa-2023-10"
      },
      {
        "datetime": "2023-10-23T13:50:53Z",
        "uri": "https://web.archive.org/web/20231023135053/https://www.businessinsider.com/elon-musk-considering-taking-twitter-x-out-of-europe-dsa-2023-10"
      },
      {
        "datetime": "2023-10-23T14:39:46Z",
        "uri": "https://web.archive.org/web/20231023143946/https://www.businessinsider.com/elon-musk-considering-taking-twitter-x-out-of-europe-dsa-2023-10"
      },
      {
        "datetime": "2023-10-23T15:32:59Z",
        "uri": "https://web.archive.org/web/20231023153259/https://www.businessinsider.com/elon-musk-considering-taking-twitter-x-out-of-europe-dsa-2023-10"
      },
      {
        "datetime": "2023-10-23T15:53:28Z",
        "uri": "https://web.archive.org/web/20231023155328/https://www.businessinsider.com/elon-musk-considering-taking-twitter-x-out-of-europe-dsa-2023-10"
      },
      {
        "datetime": "2023-10-23T16:51:42Z",
        "uri": "https://web.archive.org/web/20231023165142/https://www.businessinsider.com/elon-musk-considering-taking-twitter-x-out-of-europe-dsa-2023-10"
      },
      {
        "datetime": "2023-10-23T18:04:13Z",
        "uri": "https://web.archive.org/web/20231023180413/https://www.businessinsider.com/elon-musk-considering-taking-twitter-x-out-of-europe-dsa-2023-10"
      },
      {
        "datetime": "2023-10-23T18:09:43Z",
        "uri": "https://web.archive.org/web/20231023180943/https://www.businessinsider.com/elon-musk-considering-taking-twitter-x-out-of-europe-dsa-2023-10"
      },
      {
        "datetime": "2023-10-23T22:43:00Z",
        "uri": "https://wayback.archive-it.org/all/20231023224300/https://www.businessinsider.com/elon-musk-considering-taking-twitter-x-out-of-europe-dsa-2023-10"
      },
      {
        "datetime": "2023-10-23T23:24:27Z",
        "uri": "https://web.archive.org/web/20231023232427/https://www.businessinsider.com/elon-musk-considering-taking-twitter-x-out-of-europe-dsa-2023-10"
      },
      {
        "datetime": "2023-10-24T02:09:39Z",
        "uri": "https://web.archive.org/web/20231024020939/https://www.businessinsider.com/elon-musk-considering-taking-twitter-x-out-of-europe-dsa-2023-10"
      },
      {
        "datetime": "2023-10-24T04:42:12Z",
        "uri": "https://web.archive.org/web/20231024044212/https://www.businessinsider.com/elon-musk-considering-taking-twitter-x-out-of-europe-dsa-2023-10"
      },
      {
        "datetime": "2023-10-24T08:24:13Z",
        "uri": "https://web.archive.org/web/20231024082413/https://www.businessinsider.com/elon-musk-considering-taking-twitter-x-out-of-europe-dsa-2023-10"
      },
      {
        "datetime": "2023-10-24T08:40:05Z",
        "uri": "https://web.archive.org/web/20231024084005/https://www.businessinsider.com/elon-musk-considering-taking-twitter-x-out-of-europe-dsa-2023-10"
      },
      {
        "datetime": "2023-10-24T09:53:40Z",
        "uri": "https://web.archive.org/web/20231024095340/https://www.businessinsider.com/elon-musk-considering-taking-twitter-x-out-of-europe-dsa-2023-10"
      },
      {
        "datetime": "2023-10-24T16:39:10Z",
        "uri": "https://web.archive.org/web/20231024163910/https://www.businessinsider.com/elon-musk-considering-taking-twitter-x-out-of-europe-dsa-2023-10"
      },
      {
        "datetime": "2023-10-24T17:03:30Z",
        "uri": "https://web.archive.org/web/20231024170330/https://www.businessinsider.com/elon-musk-considering-taking-twitter-x-out-of-europe-dsa-2023-10"
      },
      {
        "datetime": "2023-10-24T23:37:59Z",
        "uri": "https://web.archive.org/web/20231024233759/https://www.businessinsider.com/elon-musk-considering-taking-twitter-x-out-of-europe-dsa-2023-10"
      },
      {
        "datetime": "2023-10-25T01:05:40Z",
        "uri": "https://web.archive.org/web/20231025010540/https://www.businessinsider.com/elon-musk-considering-taking-twitter-x-out-of-europe-dsa-2023-10"
      },
      {
        "datetime": "2023-10-25T05:56:19Z",
        "uri": "https://web.archive.org/web/20231025055619/https://www.businessinsider.com/elon-musk-considering-taking-twitter-x-out-of-europe-dsa-2023-10"
      },
      {
        "datetime": "2023-10-25T11:03:48Z",
        "uri": "https://web.archive.org/web/20231025110348/https://www.businessinsider.com/elon-musk-considering-taking-twitter-x-out-of-europe-dsa-2023-10"
      },
      {
        "datetime": "2023-10-25T19:23:30Z",
        "uri": "https://web.archive.org/web/20231025192330/https://www.businessinsider.com/elon-musk-considering-taking-twitter-x-out-of-europe-dsa-2023-10"
      },
      {
        "datetime": "2023-10-26T06:46:15Z",
        "uri": "https://web.archive.org/web/20231026064615/https://www.businessinsider.com/elon-musk-considering-taking-twitter-x-out-of-europe-dsa-2023-10"
      }
    ],
    "first": {
      "datetime": "2023-10-18T22:20:39Z",
      "uri": "http://archive.md/20231018222039/https://www.businessinsider.com/elon-musk-considering-taking-twitter-x-out-of-europe-dsa-2023-10"
    },
    "last": {
      "datetime": "2023-10-26T06:46:15Z",
      "uri": "https://web.archive.org/web/20231026064615/https://www.businessinsider.com/elon-musk-considering-taking-twitter-x-out-of-europe-dsa-2023-10"
    }
  },
  "timemap_uri": {
    "link_format": "http://localhost:1208/timemap/link/https://www.businessinsider.com/elon-musk-considering-taking-twitter-x-out-of-europe-dsa-2023-10",
    "json_format": "http://localhost:1208/timemap/json/https://www.businessinsider.com/elon-musk-considering-taking-twitter-x-out-of-europe-dsa-2023-10",
    "cdxj_format": "http://localhost:1208/timemap/cdxj/https://www.businessinsider.com/elon-musk-considering-taking-twitter-x-out-of-europe-dsa-2023-10"
  },
  "timegate_uri": "http://localhost:1208/timegate/https://www.businessinsider.com/elon-musk-considering-taking-twitter-x-out-of-europe-dsa-2023-10"
}
