{
  "original_uri": "https://www.n-tv.de/politik/Chinas-Aussenminister-Wang-reist-in-die-USA-article24484510.html",
  "self": "http://localhost:1208/timemap/json/https://www.n-tv.de/politik/Chinas-Aussenminister-Wang-reist-in-die-USA-article24484510.html",
  "mementos": {
    "list": [
      {
        "datetime": "2023-10-25T02:00:24Z",
        "uri": "https://web.archive.org/web/20231025020024/https://www.n-tv.de/politik/Chinas-Aussenminister-Wang-reist-in-die-USA-article24484510.html"
      },
      {
        "datetime": "2023-10-25T03:05:41Z",
        "uri": "https://web.archive.org/web/20231025030541/https://www.n-tv.de/politik/Chinas-Aussenminister-Wang-reist-in-die-USA-article24484510.html"
      },
      {
        "datetime": "2023-10-25T04:16:00Z",
        "uri": "https://web.archive.org/web/20231025041600/https://www.n-tv.de/politik/Chinas-Aussenminister-Wang-reist-in-die-USA-article24484510.html"
      },
      {
        "datetime": "2023-10-25T11:50:25Z",
        "uri": "https://web.archive.org/web/20231025115025/https://www.n-tv.de/politik/Chinas-Aussenminister-Wang-reist-in-die-USA-article24484510.html"
      },
      {
        "datetime": "2023-10-25T22:40:38Z",
        "uri": "https://web.archive.org/web/20231025224038/https://www.n-tv.de/politik/Chinas-Aussenminister-Wang-reist-in-die-USA-article24484510.html"
      },
      {
        "datetime": "2023-10-25T23:35:59Z",
        "uri": "https://web.archive.org/web/20231025233559/https://www.n-tv.de/politik/Chinas-Aussenminister-Wang-reist-in-die-USA-article24484510.html"
      }
    ],
    "first": {
      "datetime": "2023-10-25T02:00:24Z",
      "uri": "https://web.archive.org/web/20231025020024/https://www.n-tv.de/politik/Chinas-Aussenminister-Wang-reist-in-die-USA-article24484510.html"
    },
    "last": {
      "datetime": "2023-10-25T23:35:59Z",
      "uri": "https://web.archive.org/web/20231025233559/https://www.n-tv.de/politik/Chinas-Aussenminister-Wang-reist-in-die-USA-article24484510.html"
    }
  },
  "timemap_uri": {
    "link_format": "http://localhost:1208/timemap/link/https://www.n-tv.de/politik/Chinas-Aussenminister-Wang-reist-in-die-USA-article24484510.html",
    "json_format": "http://localhost:1208/timemap/json/https://www.n-tv.de/politik/Chinas-Aussenminister-Wang-reist-in-die-USA-article24484510.html",
    "cdxj_format": "http://localhost:1208/timemap/cdxj/https://www.n-tv.de/politik/Chinas-Aussenminister-Wang-reist-in-die-USA-article24484510.html"
  },
  "timegate_uri": "http://localhost:1208/timegate/https://www.n-tv.de/politik/Chinas-Aussenminister-Wang-reist-in-die-USA-article24484510.html"
}
