{
  "original_uri": "http://www.fullmoviestv.com/2023/10/watch-taylor-swift-eras-tour-full-movie.html",
  "self": "http://localhost:1208/timemap/json/http://www.fullmoviestv.com/2023/10/watch-taylor-swift-eras-tour-full-movie.html",
  "mementos": {
    "list": [
      {
        "datetime": "2023-10-23T19:23:16Z",
        "uri": "https://web.archive.org/web/20231023192316/http://www.fullmoviestv.com/2023/10/watch-taylor-swift-eras-tour-full-movie.html"
      }
    ],
    "first": {
      "datetime": "2023-10-23T19:23:16Z",
      "uri": "https://web.archive.org/web/20231023192316/http://www.fullmoviestv.com/2023/10/watch-taylor-swift-eras-tour-full-movie.html"
    },
    "last": {
      "datetime": "2023-10-23T19:23:16Z",
      "uri": "https://web.archive.org/web/20231023192316/http://www.fullmoviestv.com/2023/10/watch-taylor-swift-eras-tour-full-movie.html"
    }
  },
  "timemap_uri": {
    "link_format": "http://localhost:1208/timemap/link/http://www.fullmoviestv.com/2023/10/watch-taylor-swift-eras-tour-full-movie.html",
    "json_format": "http://localhost:1208/timemap/json/http://www.fullmoviestv.com/2023/10/watch-taylor-swift-eras-tour-full-movie.html",
    "cdxj_format": "http://localhost:1208/timemap/cdxj/http://www.fullmoviestv.com/2023/10/watch-taylor-swift-eras-tour-full-movie.html"
  },
  "timegate_uri": "http://localhost:1208/timegate/http://www.fullmoviestv.com/2023/10/watch-taylor-swift-eras-tour-full-movie.html"
}
