{
  "original_uri": "https://www.indiatoday.in/sports/cricket/story/world-cup-2023-irfan-pathan-celebrates-with-rashid-khan-on-the-field-after-afghanistans-historic-win-vs-pakistan-2452826-2023-10-23?utm_source=rss",
  "self": "http://localhost:1208/timemap/json/https://www.indiatoday.in/sports/cricket/story/world-cup-2023-irfan-pathan-celebrates-with-rashid-khan-on-the-field-after-afghanistans-historic-win-vs-pakistan-2452826-2023-10-23?utm_source=rss",
  "mementos": {
    "list": [
      {
        "datetime": "2023-10-24T02:04:54Z",
        "uri": "https://web.archive.org/web/20231024020454/https://www.indiatoday.in/sports/cricket/story/world-cup-2023-irfan-pathan-celebrates-with-rashid-khan-on-the-field-after-afghanistans-historic-win-vs-pakistan-2452826-2023-10-23?utm_source=rss"
      },
      {
        "datetime": "2023-10-24T04:17:09Z",
        "uri": "https://web.archive.org/web/20231024041709/https://www.indiatoday.in/sports/cricket/story/world-cup-2023-irfan-pathan-celebrates-with-rashid-khan-on-the-field-after-afghanistans-historic-win-vs-pakistan-2452826-2023-10-23?utm_source=rss"
      },
      {
        "datetime": "2023-10-24T06:28:54Z",
        "uri": "https://web.archive.org/web/20231024062854/https://www.indiatoday.in/sports/cricket/story/world-cup-2023-irfan-pathan-celebrates-with-rashid-khan-on-the-field-after-afghanistans-historic-win-vs-pakistan-2452826-2023-10-23?utm_source=rss"
      },
      {
        "datetime": "2023-10-24T07:05:25Z",
        "uri": "https://web.archive.org/web/20231024070525/https://www.indiatoday.in/sports/cricket/story/world-cup-2023-irfan-pathan-celebrates-with-rashid-khan-on-the-field-after-afghanistans-historic-win-vs-pakistan-2452826-2023-10-23?utm_source=rss"
      },
      {
        "datetime": "2023-10-24T07:08:00Z",
        "uri": "https://web.archive.org/web/20231024070800/https://www.indiatoday.in/sports/cricket/story/world-cup-2023-irfan-pathan-celebrates-with-rashid-khan-on-the-field-after-afghanistans-historic-win-vs-pakistan-2452826-2023-10-23?utm_source=rss"
      },
      {
        "datetime": "2023-10-24T07:08:05Z",
        "uri": "https://web.archive.org/web/20231024070805/https://www.indiatoday.in/sports/cricket/story/world-cup-2023-irfan-pathan-celebrates-with-rashid-khan-on-the-field-after-afghanistans-historic-win-vs-pakistan-2452826-2023-10-23?utm_source=rss"
      },
      {
        "datetime": "2023-10-24T14:00:23Z",
        "uri": "https://web.archive.org/web/20231024140023/https://www.indiatoday.in/sports/cricket/story/world-cup-2023-irfan-pathan-celebrates-with-rashid-khan-on-the-field-after-afghanistans-historic-win-vs-pakistan-2452826-2023-10-23?utm_source=rss"
      },
      {
        "datetime": "2023-10-25T00:32:37Z",
        "uri": "https://web.archive.org/web/20231025003237/https://www.indiatoday.in/sports/cricket/story/world-cup-2023-irfan-pathan-celebrates-with-rashid-khan-on-the-field-after-afghanistans-historic-win-vs-pakistan-2452826-2023-10-23?utm_source=rss"
      }
    ],
    "first": {
      "datetime": "2023-10-24T02:04:54Z",
      "uri": "https://web.archive.org/web/20231024020454/https://www.indiatoday.in/sports/cricket/story/world-cup-2023-irfan-pathan-celebrates-with-rashid-khan-on-the-field-after-afghanistans-historic-win-vs-pakistan-2452826-2023-10-23?utm_source=rss"
    },
    "last": {
      "datetime": "2023-10-25T00:32:37Z",
      "uri": "https://web.archive.org/web/20231025003237/https://www.indiatoday.in/sports/cricket/story/world-cup-2023-irfan-pathan-celebrates-with-rashid-khan-on-the-field-after-afghanistans-historic-win-vs-pakistan-2452826-2023-10-23?utm_source=rss"
    }
  },
  "timemap_uri": {
    "link_format": "http://localhost:1208/timemap/link/https://www.indiatoday.in/sports/cricket/story/world-cup-2023-irfan-pathan-celebrates-with-rashid-khan-on-the-field-after-afghanistans-historic-win-vs-pakistan-2452826-2023-10-23?utm_source=rss",
    "json_format": "http://localhost:1208/timemap/json/https://www.indiatoday.in/sports/cricket/story/world-cup-2023-irfan-pathan-celebrates-with-rashid-khan-on-the-field-after-afghanistans-historic-win-vs-pakistan-2452826-2023-10-23?utm_source=rss",
    "cdxj_format": "http://localhost:1208/timemap/cdxj/https://www.indiatoday.in/sports/cricket/story/world-cup-2023-irfan-pathan-celebrates-with-rashid-khan-on-the-field-after-afghanistans-historic-win-vs-pakistan-2452826-2023-10-23?utm_source=rss"
  },
  "timegate_uri": "http://localhost:1208/timegate/https://www.indiatoday.in/sports/cricket/story/world-cup-2023-irfan-pathan-celebrates-with-rashid-khan-on-the-field-after-afghanistans-historic-win-vs-pakistan-2452826-2023-10-23?utm_source=rss"
}
