{
  "original_uri": "https://www.itoen.jp/oiocha/?ats=1698126516897773",
  "self": "http://localhost:1208/timemap/json/https://www.itoen.jp/oiocha/?ats=1698126516897773",
  "mementos": {
    "list": [
      {
        "datetime": "2020-03-20T06:11:09Z",
        "uri": "https://arquivo.pt/wayback/20200320061109mp_/https://www.itoen.jp/oiocha/"
      },
      {
        "datetime": "2022-05-18T05:31:18Z",
        "uri": "https://arquivo.pt/wayback/20220518053118mp_/https://www.itoen.jp/oiocha/"
      }
    ],
    "first": {
      "datetime": "2020-03-20T06:11:09Z",
      "uri": "https://arquivo.pt/wayback/20200320061109mp_/https://www.itoen.jp/oiocha/"
    },
    "last": {
      "datetime": "2022-05-18T05:31:18Z",
      "uri": "https://arquivo.pt/wayback/20220518053118mp_/https://www.itoen.jp/oiocha/"
    }
  },
  "timemap_uri": {
    "link_format": "http://localhost:1208/timemap/link/https://www.itoen.jp/oiocha/?ats=1698126516897773",
    "json_format": "http://localhost:1208/timemap/json/https://www.itoen.jp/oiocha/?ats=1698126516897773",
    "cdxj_format": "http://localhost:1208/timemap/cdxj/https://www.itoen.jp/oiocha/?ats=1698126516897773"
  },
  "timegate_uri": "http://localhost:1208/timegate/https://www.itoen.jp/oiocha/?ats=1698126516897773"
}
