{
  "original_uri": "https://thedefiant.io/blackrock-plans-to-seed-its-spot-bitcoin-etf-in-october",
  "self": "http://localhost:1208/timemap/json/https://thedefiant.io/blackrock-plans-to-seed-its-spot-bitcoin-etf-in-october",
  "mementos": {
    "list": [
      {
        "datetime": "2023-10-23T17:38:57Z",
        "uri": "https://web.archive.org/web/20231023173857/https://thedefiant.io/blackrock-plans-to-seed-its-spot-bitcoin-etf-in-october"
      },
      {
        "datetime": "2023-10-24T02:56:39Z",
        "uri": "https://web.archive.org/web/20231024025639/https://thedefiant.io/blackrock-plans-to-seed-its-spot-bitcoin-etf-in-october"
      }
    ],
    "first": {
      "datetime": "2023-10-23T17:38:57Z",
      "uri": "https://web.archive.org/web/20231023173857/https://thedefiant.io/blackrock-plans-to-seed-its-spot-bitcoin-etf-in-october"
    },
    "last": {
      "datetime": "2023-10-24T02:56:39Z",
      "uri": "https://web.archive.org/web/20231024025639/https://thedefiant.io/blackrock-plans-to-seed-its-spot-bitcoin-etf-in-october"
    }
  },
  "timemap_uri": {
    "link_format": "http://localhost:1208/timemap/link/https://thedefiant.io/blackrock-plans-to-seed-its-spot-bitcoin-etf-in-october",
    "json_format": "http://localhost:1208/timemap/json/https://thedefiant.io/blackrock-plans-to-seed-its-spot-bitcoin-etf-in-october",
    "cdxj_format": "http://localhost:1208/timemap/cdxj/https://thedefiant.io/blackrock-plans-to-seed-its-spot-bitcoin-etf-in-october"
  },
  "timegate_uri": "http://localhost:1208/timegate/https://thedefiant.io/blackrock-plans-to-seed-its-spot-bitcoin-etf-in-october"
}
