{
  "original_uri": "https://aacparty.com/",
  "self": "http://localhost:1208/timemap/json/https://aacparty.com/",
  "mementos": {
    "list": [
      {
        "datetime": "2019-05-13T10:42:56Z",
        "uri": "https://web.archive.org/web/20190513104256/https://aacparty.com/"
      },
      {
        "datetime": "2019-05-20T12:40:59Z",
        "uri": "https://wayback.archive-it.org/all/20190520124059/http://www.aacparty.com/"
      },
      {
        "datetime": "2019-05-20T12:40:59Z",
        "uri": "https://web.archive.org/web/20190520124059/http://www.aacparty.com/"
      },
      {
        "datetime": "2019-05-25T01:25:39Z",
        "uri": "https://wayback.archive-it.org/all/20190525012539/http://www.aacparty.com/"
      },
      {
        "datetime": "2019-05-25T01:25:39Z",
        "uri": "https://web.archive.org/web/20190525012539/http://www.aacparty.com/"
      },
      {
        "datetime": "2019-05-31T07:34:34Z",
        "uri": "https://web.archive.org/web/20190531073434/https://aacparty.com/"
      },
      {
        "datetime": "2020-08-03T15:20:38Z",
        "uri": "https://web.archive.org/web/20200803152038/http://aacparty.com/"
      },
      {
        "datetime": "2020-11-06T12:16:09Z",
        "uri": "https://web.archive.org/web/20201106121609/http://www.aacparty.com/"
      },
      {
        "datetime": "2020-12-03T04:57:55Z",
        "uri": "https://web.archive.org/web/20201203045755/https://aacparty.com/"
      },
      {
        "datetime": "2020-12-03T04:57:55Z",
        "uri": "https://web.archive.org/web/20201203045755/http://aacparty.com/"
      },
      {
        "datetime": "2021-05-08T17:04:15Z",
        "uri": "https://web.archive.org/web/20210508170415/https://aacparty.com/"
      },
      {
        "datetime": "2021-06-19T00:58:50Z",
        "uri": "https://web.archive.org/web/20210619005850/https://aacparty.com/"
      },
      {
        "datetime": "2021-06-19T00:58:50Z",
        "uri": "https://web.archive.org/web/20210619005850/https://aacparty.com/"
      },
      {
        "datetime": "2021-07-26T23:51:36Z",
        "uri": "https://web.archive.org/web/20210726235136/https://aacparty.com/"
      },
      {
        "datetime": "2021-09-27T04:46:18Z",
        "uri": "https://web.archive.org/web/20210927044618/https://aacparty.com/"
      },
      {
        "datetime": "2021-10-28T15:44:03Z",
        "uri": "https://web.archive.org/web/20211028154403/https://aacparty.com/"
      },
      {
        "datetime": "2021-11-25T02:59:33Z",
        "uri": "https://web.archive.org/web/20211125025933/http://aacparty.com/"
      },
      {
        "datetime": "2021-12-04T10:59:31Z",
        "uri": "https://web.archive.org/web/20211204105931/https://aacparty.com/"
      },
      {
        "datetime": "2022-01-22T20:21:05Z",
        "uri": "https://web.archive.org/web/20220122202105/https://aacparty.com/"
      },
      {
        "datetime": "2022-01-24T20:35:19Z",
        "uri": "https://web.archive.org/web/20220124203519/https://aacparty.com/"
      },
      {
        "datetime": "2022-02-01T06:16:37Z",
        "uri": "https://web.archive.org/web/20220201061637/https://aacparty.com/"
      },
      {
        "datetime": "2022-04-20T16:03:44Z",
        "uri": "https://web.archive.org/web/20220420160344/https://aacparty.com/"
      },
      {
        "datetime": "2022-05-03T14:29:30Z",
        "uri": "https://web.archive.org/web/20220503142930/https://aacparty.com/"
      },
      {
        "datetime": "2022-05-18T03:58:31Z",
        "uri": "https://web.archive.org/web/20220518035831/https://aacparty.com/"
      },
      {
        "datetime": "2022-06-30T14:12:53Z",
        "uri": "https://web.archive.org/web/20220630141253/https://aacparty.com/"
      },
      {
        "datetime": "2022-08-11T12:26:55Z",
        "uri": "https://web.archive.org/web/20220811122655/https://aacparty.com/"
      },
      {
        "datetime": "2022-10-03T09:00:41Z",
        "uri": "https://web.archive.org/web/20221003090041/https://aacparty.com/"
      },
      {
        "datetime": "2022-11-29T12:10:26Z",
        "uri": "https://web.archive.org/web/20221129121026/https://aacparty.com/"
      },
      {
        "datetime": "2022-12-21T18:30:43Z",
        "uri": "https://web.archive.org/web/20221221183043/https://aacparty.com/"
      },
      {
        "datetime": "2023-01-28T07:39:51Z",
        "uri": "https://web.archive.org/web/20230128073951/https://aacparty.com/"
      },
      {
        "datetime": "2023-04-02T12:42:45Z",
        "uri": "https://web.archive.org/web/20230402124245/https://aacparty.com/"
      },
      {
        "datetime": "2023-04-05T06:13:15Z",
        "uri": "https://web.archive.org/web/20230405061315/https://aacparty.com/"
      },
      {
        "datetime": "2023-04-05T07:30:29Z",
        "uri": "https://web.archive.org/web/20230405073029/https://aacparty.com/"
      },
      {
        "datetime": "2023-04-05T07:48:22Z",
        "uri": "https://web.archive.org/web/20230405074822/http://aacparty.com/"
      },
      {
        "datetime": "2023-04-05T07:48:26Z",
        "uri": "https://web.archive.org/web/20230405074826/https://aacparty.com/"
      },
      {
        "datetime": "2023-04-20T08:52:35Z",
        "uri": "https://web.archive.org/web/20230420085235/https://www.aacparty.com/"
      },
      {
        "datetime": "2023-04-20T08:53:23Z",
        "uri": "https://web.archive.org/web/20230420085323/https://www.aacparty.com/"
      },
      {
        "datetime": "2023-05-07T15:52:16Z",
        "uri": "https://web.archive.org/web/20230507155216/https://aacparty.com/"
      },
      {
        "datetime": "2023-05-12T06:27:34Z",
        "uri": "https://web.archive.org/web/20230512062734/https://aacparty.com/"
      },
      {
        "datetime": "2023-05-15T21:19:50Z",
        "uri": "https://web.archive.org/web/20230515211950/http://www.aacparty.com/"
      },
      {
        "datetime": "2023-05-29T13:05:08Z",
        "uri": "https://web.archive.org/web/20230529130508/https://aacparty.com/"
      },
      {
        "datetime": "2023-05-30T20:19:07Z",
        "uri": "https://web.archive.org/web/20230530201907/http://aacparty.com/"
      },
      {
        "datetime": "2023-06-10T05:48:22Z",
        "uri": "https://web.archive.org/web/20230610054822/https://www.aacparty.com/"
      },
      {
        "datetime": "2023-06-10T06:18:46Z",
        "uri": "https://web.archive.org/web/20230610061846/https://aacparty.com/"
      },
      {
        "datetime": "2023-10-19T08:07:25Z",
        "uri": "https://web.archive.org/web/20231019080725/https://aacparty.com/"
      }
    ],
    "first": {
      "datetime": "2019-05-13T10:42:56Z",
      "uri": "https://web.archive.org/web/20190513104256/https://aacparty.com/"
    },
    "last": {
      "datetime": "2023-10-19T08:07:25Z",
      "uri": "https://web.archive.org/web/20231019080725/https://aacparty.com/"
    }
  },
  "timemap_uri": {
    "link_format": "http://localhost:1208/timemap/link/https://aacparty.com/",
    "json_format": "http://localhost:1208/timemap/json/https://aacparty.com/",
    "cdxj_format": "http://localhost:1208/timemap/cdxj/https://aacparty.com/"
  },
  "timegate_uri": "http://localhost:1208/timegate/https://aacparty.com/"
}
