{
  "original_uri": "https://dogfaceponia.com/dhs-says-40-80-of-americans-are-terrorists-but-not-the-taliban/",
  "self": "http://localhost:1208/timemap/json/https://dogfaceponia.com/dhs-says-40-80-of-americans-are-terrorists-but-not-the-taliban/",
  "mementos": {
    "list": [
      {
        "datetime": "2021-08-16T01:35:14Z",
        "uri": "https://web.archive.org/web/20210816013514/https://dogfaceponia.com/dhs-says-40-80-of-americans-are-terrorists-but-not-the-taliban/"
      },
      {
        "datetime": "2021-08-17T22:43:57Z",
        "uri": "https://web.archive.org/web/20210817224357/https://dogfaceponia.com/dhs-says-40-80-of-americans-are-terrorists-but-not-the-taliban/"
      },
      {
        "datetime": "2021-08-20T23:03:50Z",
        "uri": "https://web.archive.org/web/20210820230350/https://dogfaceponia.com/dhs-says-40-80-of-americans-are-terrorists-but-not-the-taliban/"
      },
      {
        "datetime": "2021-08-21T06:10:21Z",
        "uri": "https://web.archive.org/web/20210821061021/http://dogfaceponia.com/dhs-says-40-80-of-americans-are-terrorists-but-not-the-taliban"
      },
      {
        "datetime": "2021-08-21T06:10:22Z",
        "uri": "https://web.archive.org/web/20210821061022/http://dogfaceponia.com/dhs-says-40-80-of-americans-are-terrorists-but-not-the-taliban/"
      },
      {
        "datetime": "2021-08-26T06:06:47Z",
        "uri": "https://web.archive.org/web/20210826060647/https://dogfaceponia.com/dhs-says-40-80-of-americans-are-terrorists-but-not-the-taliban"
      },
      {
        "datetime": "2021-08-26T06:06:49Z",
        "uri": "https://web.archive.org/web/20210826060649/https://dogfaceponia.com/dhs-says-40-80-of-americans-are-terrorists-but-not-the-taliban/"
      },
      {
        "datetime": "2021-09-03T22:27:23Z",
        "uri": "https://web.archive.org/web/20210903222723/http://dogfaceponia.com/dhs-says-40-80-of-americans-are-terrorists-but-not-the-taliban/"
      },
      {
        "datetime": "2023-03-27T13:45:56Z",
        "uri": "https://web.archive.org/web/20230327134556/https://dogfaceponia.com/dhs-says-40-80-of-americans-are-terrorists-but-not-the-taliban/"
      }
    ],
    "first": {
      "datetime": "2021-08-16T01:35:14Z",
      "uri": "https://web.archive.org/web/20210816013514/https://dogfaceponia.com/dhs-says-40-80-of-americans-are-terrorists-but-not-the-taliban/"
    },
    "last": {
      "datetime": "2023-03-27T13:45:56Z",
      "uri": "https://web.archive.org/web/20230327134556/https://dogfaceponia.com/dhs-says-40-80-of-americans-are-terrorists-but-not-the-taliban/"
    }
  },
  "timemap_uri": {
    "link_format": "http://localhost:1208/timemap/link/https://dogfaceponia.com/dhs-says-40-80-of-americans-are-terrorists-but-not-the-taliban/",
    "json_format": "http://localhost:1208/timemap/json/https://dogfaceponia.com/dhs-says-40-80-of-americans-are-terrorists-but-not-the-taliban/",
    "cdxj_format": "http://localhost:1208/timemap/cdxj/https://dogfaceponia.com/dhs-says-40-80-of-americans-are-terrorists-but-not-the-taliban/"
  },
  "timegate_uri": "http://localhost:1208/timegate/https://dogfaceponia.com/dhs-says-40-80-of-americans-are-terrorists-but-not-the-taliban/"
}
