{
  "original_uri": "https://memorialhaven.online/2023/10/24/mason-ruble-obituary-salina-ks-visitation-and-funeral-arrangement/",
  "self": "http://localhost:1208/timemap/json/https://memorialhaven.online/2023/10/24/mason-ruble-obituary-salina-ks-visitation-and-funeral-arrangement/",
  "mementos": {
    "list": [
      {
        "datetime": "2023-10-24T02:14:05Z",
        "uri": "https://web.archive.org/web/20231024021405/https://memorialhaven.online/2023/10/24/mason-ruble-obituary-salina-ks-visitation-and-funeral-arrangement/"
      },
      {
        "datetime": "2023-10-24T02:14:09Z",
        "uri": "https://web.archive.org/web/20231024021409/https://memorialhaven.online/2023/10/24/mason-ruble-obituary-salina-ks-visitation-and-funeral-arrangement/"
      },
      {
        "datetime": "2023-10-25T08:38:39Z",
        "uri": "https://web.archive.org/web/20231025083839/https://memorialhaven.online/2023/10/24/mason-ruble-obituary-salina-ks-visitation-and-funeral-arrangement/"
      }
    ],
    "first": {
      "datetime": "2023-10-24T02:14:05Z",
      "uri": "https://web.archive.org/web/20231024021405/https://memorialhaven.online/2023/10/24/mason-ruble-obituary-salina-ks-visitation-and-funeral-arrangement/"
    },
    "last": {
      "datetime": "2023-10-25T08:38:39Z",
      "uri": "https://web.archive.org/web/20231025083839/https://memorialhaven.online/2023/10/24/mason-ruble-obituary-salina-ks-visitation-and-funeral-arrangement/"
    }
  },
  "timemap_uri": {
    "link_format": "http://localhost:1208/timemap/link/https://memorialhaven.online/2023/10/24/mason-ruble-obituary-salina-ks-visitation-and-funeral-arrangement/",
    "json_format": "http://localhost:1208/timemap/json/https://memorialhaven.online/2023/10/24/mason-ruble-obituary-salina-ks-visitation-and-funeral-arrangement/",
    "cdxj_format": "http://localhost:1208/timemap/cdxj/https://memorialhaven.online/2023/10/24/mason-ruble-obituary-salina-ks-visitation-and-funeral-arrangement/"
  },
  "timegate_uri": "http://localhost:1208/timegate/https://memorialhaven.online/2023/10/24/mason-ruble-obituary-salina-ks-visitation-and-funeral-arrangement/"
}
