{
  "original_uri": "https://aidoru.info/event/border",
  "self": "http://localhost:1208/timemap/json/https://aidoru.info/event/border",
  "mementos": {
    "list": [
      {
        "datetime": "2020-08-06T22:57:25Z",
        "uri": "https://web.archive.org/web/20200806225725/https://aidoru.info/event/border"
      },
      {
        "datetime": "2020-08-22T19:37:32Z",
        "uri": "https://web.archive.org/web/20200822193732/https://aidoru.info/event/border"
      },
      {
        "datetime": "2020-08-30T23:09:23Z",
        "uri": "https://web.archive.org/web/20200830230923/https://aidoru.info/event/border"
      },
      {
        "datetime": "2020-09-24T08:23:30Z",
        "uri": "https://web.archive.org/web/20200924082330/https://aidoru.info/event/border"
      },
      {
        "datetime": "2020-10-05T04:14:06Z",
        "uri": "https://web.archive.org/web/20201005041406/https://aidoru.info/event/border"
      },
      {
        "datetime": "2020-11-01T10:29:03Z",
        "uri": "https://web.archive.org/web/20201101102903/https://aidoru.info/event/border"
      },
      {
        "datetime": "2020-12-04T17:24:50Z",
        "uri": "https://web.archive.org/web/20201204172450/https://aidoru.info/event/border"
      },
      {
        "datetime": "2021-02-26T18:46:10Z",
        "uri": "https://web.archive.org/web/20210226184610/https://aidoru.info/event/border"
      },
      {
        "datetime": "2021-05-17T13:15:05Z",
        "uri": "https://web.archive.org/web/20210517131505/https://aidoru.info/event/border"
      },
      {
        "datetime": "2021-07-31T09:07:57Z",
        "uri": "https://web.archive.org/web/20210731090757/https://aidoru.info/event/border"
      },
      {
        "datetime": "2021-10-16T02:46:23Z",
        "uri": "https://web.archive.org/web/20211016024623/https://aidoru.info/event/border"
      },
      {
        "datetime": "2021-12-06T23:56:15Z",
        "uri": "https://web.archive.org/web/20211206235615/https://aidoru.info/event/border"
      },
      {
        "datetime": "2021-12-23T12:32:51Z",
        "uri": "https://web.archive.org/web/20211223123251/https://aidoru.info/event/border"
      },
      {
        "datetime": "2021-12-23T12:47:54Z",
        "uri": "https://web.archive.org/web/20211223124754/https://aidoru.info/event/border"
      },
      {
        "datetime": "2022-03-31T09:10:51Z",
        "uri": "https://web.archive.org/web/20220331091051/https://aidoru.info/event/border"
      },
      {
        "datetime": "2022-05-22T07:59:13Z",
        "uri": "https://web.archive.org/web/20220522075913/https://aidoru.info/event/border"
      },
      {
        "datetime": "2022-08-12T12:10:47Z",
        "uri": "https://web.archive.org/web/20220812121047/https://aidoru.info/event/border"
      },
      {
        "datetime": "2022-10-07T06:07:47Z",
        "uri": "https://web.archive.org/web/20221007060747/https://aidoru.info/event/border"
      },
      {
        "datetime": "2022-10-19T16:06:34Z",
        "uri": "https://web.archive.org/web/20221019160634/https://aidoru.info/event/border"
      },
      {
        "datetime": "2022-11-27T15:39:05Z",
        "uri": "https://web.archive.org/web/20221127153905/https://aidoru.info/event/border"
      },
      {
        "datetime": "2023-04-01T01:33:05Z",
        "uri": "https://web.archive.org/web/20230401013305/https://aidoru.info/event/border"
      }
    ],
    "first": {
      "datetime": "2020-08-06T22:57:25Z",
      "uri": "https://web.archive.org/web/20200806225725/https://aidoru.info/event/border"
    },
    "last": {
      "datetime": "2023-04-01T01:33:05Z",
      "uri": "https://web.archive.org/web/20230401013305/https://aidoru.info/event/border"
    }
  },
  "timemap_uri": {
    "link_format": "http://localhost:1208/timemap/link/https://aidoru.info/event/border",
    "json_format": "http://localhost:1208/timemap/json/https://aidoru.info/event/border",
    "cdxj_format": "http://localhost:1208/timemap/cdxj/https://aidoru.info/event/border"
  },
  "timegate_uri": "http://localhost:1208/timegate/https://aidoru.info/event/border"
}
