{
  "original_uri": "https://trakt.tv/movies/breaking-news-in-yuba-county-2021",
  "self": "http://localhost:1208/timemap/json/https://trakt.tv/movies/breaking-news-in-yuba-county-2021",
  "mementos": {
    "list": [
      {
        "datetime": "2021-03-05T16:10:24Z",
        "uri": "https://web.archive.org/web/20210305161024/https://trakt.tv/movies/breaking-news-in-yuba-county-2021"
      },
      {
        "datetime": "2021-04-11T21:33:57Z",
        "uri": "https://web.archive.org/web/20210411213357/https://trakt.tv/movies/breaking-news-in-yuba-county-2021"
      },
      {
        "datetime": "2021-09-09T07:56:09Z",
        "uri": "https://arquivo.pt/wayback/20210909075609mp_/https://trakt.tv/movies/breaking-news-in-yuba-county-2021"
      },
      {
        "datetime": "2021-10-19T11:26:51Z",
        "uri": "https://web.archive.org/web/20211019112651/https://trakt.tv/movies/breaking-news-in-yuba-county-2021"
      },
      {
        "datetime": "2021-11-27T02:48:56Z",
        "uri": "https://web.archive.org/web/20211127024856/https://trakt.tv/movies/breaking-news-in-yuba-county-2021"
      },
      {
        "datetime": "2021-12-30T08:02:26Z",
        "uri": "https://web.archive.org/web/20211230080226/https://trakt.tv/movies/breaking-news-in-yuba-county-2021"
      },
      {
        "datetime": "2022-03-17T21:37:52Z",
        "uri": "https://web.archive.org/web/20220317213752/https://trakt.tv/movies/breaking-news-in-yuba-county-2021"
      },
      {
        "datetime": "2023-01-18T05:49:02Z",
        "uri": "https://web.archive.org/web/20230118054902/https://trakt.tv/movies/breaking-news-in-yuba-county-2021"
      }
    ],
    "first": {
      "datetime": "2021-03-05T16:10:24Z",
      "uri": "https://web.archive.org/web/20210305161024/https://trakt.tv/movies/breaking-news-in-yuba-county-2021"
    },
    "last": {
      "datetime": "2023-01-18T05:49:02Z",
      "uri": "https://web.archive.org/web/20230118054902/https://trakt.tv/movies/breaking-news-in-yuba-county-2021"
    }
  },
  "timemap_uri": {
    "link_format": "http://localhost:1208/timemap/link/https://trakt.tv/movies/breaking-news-in-yuba-county-2021",
    "json_format": "http://localhost:1208/timemap/json/https://trakt.tv/movies/breaking-news-in-yuba-county-2021",
    "cdxj_format": "http://localhost:1208/timemap/cdxj/https://trakt.tv/movies/breaking-news-in-yuba-county-2021"
  },
  "timegate_uri": "http://localhost:1208/timegate/https://trakt.tv/movies/breaking-news-in-yuba-county-2021"
}
