{
  "original_uri": "https://www.numerama.com/pop-culture/1536636-5-mangas-horrifiques-a-lire-en-cette-periode-dhalloween.html",
  "self": "http://localhost:1208/timemap/json/https://www.numerama.com/pop-culture/1536636-5-mangas-horrifiques-a-lire-en-cette-periode-dhalloween.html",
  "mementos": {
    "list": [
      {
        "datetime": "2023-10-24T12:29:14Z",
        "uri": "https://web.archive.org/web/20231024122914/https://www.numerama.com/pop-culture/1536636-5-mangas-horrifiques-a-lire-en-cette-periode-dhalloween.html"
      },
      {
        "datetime": "2023-10-24T12:33:16Z",
        "uri": "https://web.archive.org/web/20231024123316/https://www.numerama.com/pop-culture/1536636-5-mangas-horrifiques-a-lire-en-cette-periode-dhalloween.html"
      },
      {
        "datetime": "2023-10-25T01:23:39Z",
        "uri": "https://web.archive.org/web/20231025012339/https://www.numerama.com/pop-culture/1536636-5-mangas-horrifiques-a-lire-en-cette-periode-dhalloween.html"
      },
      {
        "datetime": "2023-10-25T04:48:53Z",
        "uri": "https://web.archive.org/web/20231025044853/https://www.numerama.com/pop-culture/1536636-5-mangas-horrifiques-a-lire-en-cette-periode-dhalloween.html"
      },
      {
        "datetime": "2023-10-25T05:55:09Z",
        "uri": "https://web.archive.org/web/20231025055509/https://www.numerama.com/pop-culture/1536636-5-mangas-horrifiques-a-lire-en-cette-periode-dhalloween.html"
      },
      {
        "datetime": "2023-10-25T16:00:58Z",
        "uri": "https://web.archive.org/web/20231025160058/https://www.numerama.com/pop-culture/1536636-5-mangas-horrifiques-a-lire-en-cette-periode-dhalloween.html"
      }
    ],
    "first": {
      "datetime": "2023-10-24T12:29:14Z",
      "uri": "https://web.archive.org/web/20231024122914/https://www.numerama.com/pop-culture/1536636-5-mangas-horrifiques-a-lire-en-cette-periode-dhalloween.html"
    },
    "last": {
      "datetime": "2023-10-25T16:00:58Z",
      "uri": "https://web.archive.org/web/20231025160058/https://www.numerama.com/pop-culture/1536636-5-mangas-horrifiques-a-lire-en-cette-periode-dhalloween.html"
    }
  },
  "timemap_uri": {
    "link_format": "http://localhost:1208/timemap/link/https://www.numerama.com/pop-culture/1536636-5-mangas-horrifiques-a-lire-en-cette-periode-dhalloween.html",
    "json_format": "http://localhost:1208/timemap/json/https://www.numerama.com/pop-culture/1536636-5-mangas-horrifiques-a-lire-en-cette-periode-dhalloween.html",
    "cdxj_format": "http://localhost:1208/timemap/cdxj/https://www.numerama.com/pop-culture/1536636-5-mangas-horrifiques-a-lire-en-cette-periode-dhalloween.html"
  },
  "timegate_uri": "http://localhost:1208/timegate/https://www.numerama.com/pop-culture/1536636-5-mangas-horrifiques-a-lire-en-cette-periode-dhalloween.html"
}
