{
  "original_uri": "https://thebusinesspress.news.blog/2023/10/24/tragedy-strikes-eastern-ukraine-missile-attack-claims-lives-in-kharkiv/",
  "self": "http://localhost:1208/timemap/json/https://thebusinesspress.news.blog/2023/10/24/tragedy-strikes-eastern-ukraine-missile-attack-claims-lives-in-kharkiv/",
  "mementos": {
    "list": [
      {
        "datetime": "2023-10-24T10:00:18Z",
        "uri": "https://web.archive.org/web/20231024100018/http://thebusinesspress.news.blog/2023/10/24/tragedy-strikes-eastern-ukraine-missile-attack-claims-lives-in-kharkiv/"
      }
    ],
    "first": {
      "datetime": "2023-10-24T10:00:18Z",
      "uri": "https://web.archive.org/web/20231024100018/http://thebusinesspress.news.blog/2023/10/24/tragedy-strikes-eastern-ukraine-missile-attack-claims-lives-in-kharkiv/"
    },
    "last": {
      "datetime": "2023-10-24T10:00:18Z",
      "uri": "https://web.archive.org/web/20231024100018/http://thebusinesspress.news.blog/2023/10/24/tragedy-strikes-eastern-ukraine-missile-attack-claims-lives-in-kharkiv/"
    }
  },
  "timemap_uri": {
    "link_format": "http://localhost:1208/timemap/link/https://thebusinesspress.news.blog/2023/10/24/tragedy-strikes-eastern-ukraine-missile-attack-claims-lives-in-kharkiv/",
    "json_format": "http://localhost:1208/timemap/json/https://thebusinesspress.news.blog/2023/10/24/tragedy-strikes-eastern-ukraine-missile-attack-claims-lives-in-kharkiv/",
    "cdxj_format": "http://localhost:1208/timemap/cdxj/https://thebusinesspress.news.blog/2023/10/24/tragedy-strikes-eastern-ukraine-missile-attack-claims-lives-in-kharkiv/"
  },
  "timegate_uri": "http://localhost:1208/timegate/https://thebusinesspress.news.blog/2023/10/24/tragedy-strikes-eastern-ukraine-missile-attack-claims-lives-in-kharkiv/"
}
