{
  "original_uri": "https://www.washingtoninstitute.org/policy-analysis/gazas-urban-warfare-challenge-lessons-mosul-and-raqqa",
  "self": "http://localhost:1208/timemap/json/https://www.washingtoninstitute.org/policy-analysis/gazas-urban-warfare-challenge-lessons-mosul-and-raqqa",
  "mementos": {
    "list": [
      {
        "datetime": "2023-10-14T19:17:23Z",
        "uri": "http://archive.md/20231014191723/https://www.washingtoninstitute.org/policy-analysis/gazas-urban-warfare-challenge-lessons-mosul-and-raqqa"
      },
      {
        "datetime": "2023-10-15T02:51:43Z",
        "uri": "https://web.archive.org/web/20231015025143/https://www.washingtoninstitute.org/policy-analysis/gazas-urban-warfare-challenge-lessons-mosul-and-raqqa"
      },
      {
        "datetime": "2023-10-15T04:51:16Z",
        "uri": "https://web.archive.org/web/20231015045116/https://www.washingtoninstitute.org/policy-analysis/gazas-urban-warfare-challenge-lessons-mosul-and-raqqa"
      },
      {
        "datetime": "2023-10-15T04:51:44Z",
        "uri": "https://web.archive.org/web/20231015045144/http://www.washingtoninstitute.org/policy-analysis/gazas-urban-warfare-challenge-lessons-mosul-and-raqqa"
      },
      {
        "datetime": "2023-10-15T05:28:38Z",
        "uri": "https://wayback.archive-it.org/all/20231015052838/https://www.washingtoninstitute.org/policy-analysis/gazas-urban-warfare-challenge-lessons-mosul-and-raqqa"
      },
      {
        "datetime": "2023-10-15T13:38:41Z",
        "uri": "https://web.archive.org/web/20231015133841/https://www.washingtoninstitute.org/policy-analysis/gazas-urban-warfare-challenge-lessons-mosul-and-raqqa"
      },
      {
        "datetime": "2023-10-16T09:00:03Z",
        "uri": "https://wayback.archive-it.org/all/20231016090003/https://www.washingtoninstitute.org/policy-analysis/gazas-urban-warfare-challenge-lessons-mosul-and-raqqa"
      },
      {
        "datetime": "2023-10-17T14:36:00Z",
        "uri": "https://web.archive.org/web/20231017143600/https://www.washingtoninstitute.org/policy-analysis/gazas-urban-warfare-challenge-lessons-mosul-and-raqqa"
      },
      {
        "datetime": "2023-10-21T00:47:14Z",
        "uri": "https://web.archive.org/web/20231021004714/https://www.washingtoninstitute.org/policy-analysis/gazas-urban-warfare-challenge-lessons-mosul-and-raqqa"
      },
      {
        "datetime": "2023-10-22T15:50:26Z",
        "uri": "https://web.archive.org/web/20231022155026/https://www.washingtoninstitute.org/policy-analysis/gazas-urban-warfare-challenge-lessons-mosul-and-raqqa"
      },
      {
        "datetime": "2023-10-22T19:21:45Z",
        "uri": "https://web.archive.org/web/20231022192145/https://www.washingtoninstitute.org/policy-analysis/gazas-urban-warfare-challenge-lessons-mosul-and-raqqa"
      },
      {
        "datetime": "2023-10-23T04:21:50Z",
        "uri": "https://web.archive.org/web/20231023042150/https://www.washingtoninstitute.org/policy-analysis/gazas-urban-warfare-challenge-lessons-mosul-and-raqqa"
      },
      {
        "datetime": "2023-10-24T00:05:59Z",
        "uri": "https://web.archive.org/web/20231024000559/https://www.washingtoninstitute.org/policy-analysis/gazas-urban-warfare-challenge-lessons-mosul-and-raqqa"
      },
      {
        "datetime": "2023-10-24T05:00:44Z",
        "uri": "https://web.archive.org/web/20231024050044/https://www.washingtoninstitute.org/policy-analysis/gazas-urban-warfare-challenge-lessons-mosul-and-raqqa"
      },
      {
        "datetime": "2023-10-24T21:24:59Z",
        "uri": "https://web.archive.org/web/20231024212459/https://www.washingtoninstitute.org/policy-analysis/gazas-urban-warfare-challenge-lessons-mosul-and-raqqa"
      },
      {
        "datetime": "2023-10-24T22:35:07Z",
        "uri": "https://web.archive.org/web/20231024223507/https://www.washingtoninstitute.org/policy-analysis/gazas-urban-warfare-challenge-lessons-mosul-and-raqqa"
      },
      {
        "datetime": "2023-10-25T06:02:54Z",
        "uri": "https://web.archive.org/web/20231025060254/https://www.washingtoninstitute.org/policy-analysis/gazas-urban-warfare-challenge-lessons-mosul-and-raqqa"
      },
      {
        "datetime": "2023-10-26T00:28:00Z",
        "uri": "https://web.archive.org/web/20231026002800/https://www.washingtoninstitute.org/policy-analysis/gazas-urban-warfare-challenge-lessons-mosul-and-raqqa"
      },
      {
        "datetime": "2023-10-26T08:16:40Z",
        "uri": "https://web.archive.org/web/20231026081640/https://www.washingtoninstitute.org/policy-analysis/gazas-urban-warfare-challenge-lessons-mosul-and-raqqa"
      }
    ],
    "first": {
      "datetime": "2023-10-14T19:17:23Z",
      "uri": "http://archive.md/20231014191723/https://www.washingtoninstitute.org/policy-analysis/gazas-urban-warfare-challenge-lessons-mosul-and-raqqa"
    },
    "last": {
      "datetime": "2023-10-26T08:16:40Z",
      "uri": "https://web.archive.org/web/20231026081640/https://www.washingtoninstitute.org/policy-analysis/gazas-urban-warfare-challenge-lessons-mosul-and-raqqa"
    }
  },
  "timemap_uri": {
    "link_format": "http://localhost:1208/timemap/link/https://www.washingtoninstitute.org/policy-analysis/gazas-urban-warfare-challenge-lessons-mosul-and-raqqa",
    "json_format": "http://localhost:1208/timemap/json/https://www.washingtoninstitute.org/policy-analysis/gazas-urban-warfare-challenge-lessons-mosul-and-raqqa",
    "cdxj_format": "http://localhost:1208/timemap/cdxj/https://www.washingtoninstitute.org/policy-analysis/gazas-urban-warfare-challenge-lessons-mosul-and-raqqa"
  },
  "timegate_uri": "http://localhost:1208/timegate/https://www.washingtoninstitute.org/policy-analysis/gazas-urban-warfare-challenge-lessons-mosul-and-raqqa"
}
