{
  "original_uri": "https://yalladubai.ae/events/halloween-events-in-dubai/",
  "self": "http://localhost:1208/timemap/json/https://yalladubai.ae/events/halloween-events-in-dubai/",
  "mementos": {
    "list": [
      {
        "datetime": "2023-10-20T06:43:44Z",
        "uri": "https://web.archive.org/web/20231020064344/https://yalladubai.ae/events/halloween-events-in-dubai/"
      }
    ],
    "first": {
      "datetime": "2023-10-20T06:43:44Z",
      "uri": "https://web.archive.org/web/20231020064344/https://yalladubai.ae/events/halloween-events-in-dubai/"
    },
    "last": {
      "datetime": "2023-10-20T06:43:44Z",
      "uri": "https://web.archive.org/web/20231020064344/https://yalladubai.ae/events/halloween-events-in-dubai/"
    }
  },
  "timemap_uri": {
    "link_format": "http://localhost:1208/timemap/link/https://yalladubai.ae/events/halloween-events-in-dubai/",
    "json_format": "http://localhost:1208/timemap/json/https://yalladubai.ae/events/halloween-events-in-dubai/",
    "cdxj_format": "http://localhost:1208/timemap/cdxj/https://yalladubai.ae/events/halloween-events-in-dubai/"
  },
  "timegate_uri": "http://localhost:1208/timegate/https://yalladubai.ae/events/halloween-events-in-dubai/"
}
