{
  "original_uri": "https://timesofindia.indiatimes.com/india/pm-narendra-modi-talks-to-jordan-king-calls-for-early-resolution-of-gaza-conflict/articleshow/104660296.cms?from=mdr",
  "self": "http://localhost:1208/timemap/json/https://timesofindia.indiatimes.com/india/pm-narendra-modi-talks-to-jordan-king-calls-for-early-resolution-of-gaza-conflict/articleshow/104660296.cms?from=mdr",
  "mementos": {
    "list": [
      {
        "datetime": "2023-10-23T23:28:06Z",
        "uri": "https://web.archive.org/web/20231023232806/https://timesofindia.indiatimes.com/india/pm-narendra-modi-talks-to-jordan-king-calls-for-early-resolution-of-gaza-conflict/articleshow/104660296.cms?from=mdr"
      },
      {
        "datetime": "2023-10-24T07:39:05Z",
        "uri": "https://web.archive.org/web/20231024073905/https://timesofindia.indiatimes.com/india/pm-narendra-modi-talks-to-jordan-king-calls-for-early-resolution-of-gaza-conflict/articleshow/104660296.cms?from=mdr"
      }
    ],
    "first": {
      "datetime": "2023-10-23T23:28:06Z",
      "uri": "https://web.archive.org/web/20231023232806/https://timesofindia.indiatimes.com/india/pm-narendra-modi-talks-to-jordan-king-calls-for-early-resolution-of-gaza-conflict/articleshow/104660296.cms?from=mdr"
    },
    "last": {
      "datetime": "2023-10-24T07:39:05Z",
      "uri": "https://web.archive.org/web/20231024073905/https://timesofindia.indiatimes.com/india/pm-narendra-modi-talks-to-jordan-king-calls-for-early-resolution-of-gaza-conflict/articleshow/104660296.cms?from=mdr"
    }
  },
  "timemap_uri": {
    "link_format": "http://localhost:1208/timemap/link/https://timesofindia.indiatimes.com/india/pm-narendra-modi-talks-to-jordan-king-calls-for-early-resolution-of-gaza-conflict/articleshow/104660296.cms?from=mdr",
    "json_format": "http://localhost:1208/timemap/json/https://timesofindia.indiatimes.com/india/pm-narendra-modi-talks-to-jordan-king-calls-for-early-resolution-of-gaza-conflict/articleshow/104660296.cms?from=mdr",
    "cdxj_format": "http://localhost:1208/timemap/cdxj/https://timesofindia.indiatimes.com/india/pm-narendra-modi-talks-to-jordan-king-calls-for-early-resolution-of-gaza-conflict/articleshow/104660296.cms?from=mdr"
  },
  "timegate_uri": "http://localhost:1208/timegate/https://timesofindia.indiatimes.com/india/pm-narendra-modi-talks-to-jordan-king-calls-for-early-resolution-of-gaza-conflict/articleshow/104660296.cms?from=mdr"
}
