{
  "original_uri": "https://buythisco.in/",
  "self": "http://localhost:1208/timemap/json/https://buythisco.in/",
  "mementos": {
    "list": [
      {
        "datetime": "2023-08-25T20:06:53Z",
        "uri": "https://web.archive.org/web/20230825200653/http://buythisco.in/"
      }
    ],
    "first": {
      "datetime": "2023-08-25T20:06:53Z",
      "uri": "https://web.archive.org/web/20230825200653/http://buythisco.in/"
    },
    "last": {
      "datetime": "2023-08-25T20:06:53Z",
      "uri": "https://web.archive.org/web/20230825200653/http://buythisco.in/"
    }
  },
  "timemap_uri": {
    "link_format": "http://localhost:1208/timemap/link/https://buythisco.in/",
    "json_format": "http://localhost:1208/timemap/json/https://buythisco.in/",
    "cdxj_format": "http://localhost:1208/timemap/cdxj/https://buythisco.in/"
  },
  "timegate_uri": "http://localhost:1208/timegate/https://buythisco.in/"
}
