{
  "original_uri": "http://www.acapulcohalifax.com/ourlinks/",
  "self": "http://localhost:1208/timemap/json/http://www.acapulcohalifax.com/ourlinks/",
  "mementos": {
    "list": [
      {
        "datetime": "2021-06-29T15:22:25Z",
        "uri": "https://web.archive.org/web/20210629152225/http://www.acapulcohalifax.com/ourlinks"
      },
      {
        "datetime": "2021-06-29T15:23:26Z",
        "uri": "https://web.archive.org/web/20210629152326/http://www.acapulcohalifax.com/ourlinks/"
      },
      {
        "datetime": "2021-08-18T15:42:27Z",
        "uri": "https://web.archive.org/web/20210818154227/http://www.acapulcohalifax.com/ourlinks"
      },
      {
        "datetime": "2021-08-24T13:04:13Z",
        "uri": "https://web.archive.org/web/20210824130413/http://www.acapulcohalifax.com/ourlinks/"
      },
      {
        "datetime": "2021-08-25T13:53:10Z",
        "uri": "https://web.archive.org/web/20210825135310/http://www.acapulcohalifax.com/ourlinks"
      },
      {
        "datetime": "2021-11-27T12:31:55Z",
        "uri": "https://web.archive.org/web/20211127123155/http://www.acapulcohalifax.com/ourlinks/"
      },
      {
        "datetime": "2022-03-01T02:23:46Z",
        "uri": "https://web.archive.org/web/20220301022346/http://www.acapulcohalifax.com/ourlinks"
      },
      {
        "datetime": "2022-03-12T15:31:00Z",
        "uri": "https://web.archive.org/web/20220312153100/http://www.acapulcohalifax.com/ourlinks/"
      },
      {
        "datetime": "2022-04-01T07:56:25Z",
        "uri": "https://web.archive.org/web/20220401075625/http://www.acapulcohalifax.com/ourlinks"
      },
      {
        "datetime": "2022-04-01T07:56:29Z",
        "uri": "https://web.archive.org/web/20220401075629/http://www.acapulcohalifax.com/ourlinks"
      },
      {
        "datetime": "2022-09-21T00:07:03Z",
        "uri": "https://web.archive.org/web/20220921000703/http://www.acapulcohalifax.com/ourlinks"
      },
      {
        "datetime": "2022-09-21T00:25:38Z",
        "uri": "https://web.archive.org/web/20220921002538/http://www.acapulcohalifax.com/ourlinks"
      },
      {
        "datetime": "2022-11-28T12:41:22Z",
        "uri": "https://web.archive.org/web/20221128124122/http://www.acapulcohalifax.com/ourlinks/"
      }
    ],
    "first": {
      "datetime": "2021-06-29T15:22:25Z",
      "uri": "https://web.archive.org/web/20210629152225/http://www.acapulcohalifax.com/ourlinks"
    },
    "last": {
      "datetime": "2022-11-28T12:41:22Z",
      "uri": "https://web.archive.org/web/20221128124122/http://www.acapulcohalifax.com/ourlinks/"
    }
  },
  "timemap_uri": {
    "link_format": "http://localhost:1208/timemap/link/http://www.acapulcohalifax.com/ourlinks/",
    "json_format": "http://localhost:1208/timemap/json/http://www.acapulcohalifax.com/ourlinks/",
    "cdxj_format": "http://localhost:1208/timemap/cdxj/http://www.acapulcohalifax.com/ourlinks/"
  },
  "timegate_uri": "http://localhost:1208/timegate/http://www.acapulcohalifax.com/ourlinks/"
}
