{
  "original_uri": "https://wolfstreet.com/2023/10/23/spectacle-ensues-after-10-year-treasury-yield-pierces-5-huge-demand-piles-in-yield-plunges-19-basis-points-in-hours/",
  "self": "http://localhost:1208/timemap/json/https://wolfstreet.com/2023/10/23/spectacle-ensues-after-10-year-treasury-yield-pierces-5-huge-demand-piles-in-yield-plunges-19-basis-points-in-hours/",
  "mementos": {
    "list": [
      {
        "datetime": "2023-10-23T20:22:43Z",
        "uri": "https://web.archive.org/web/20231023202243/https://wolfstreet.com/2023/10/23/spectacle-ensues-after-10-year-treasury-yield-pierces-5-huge-demand-piles-in-yield-plunges-19-basis-points-in-hours/"
      },
      {
        "datetime": "2023-10-24T02:19:20Z",
        "uri": "http://archive.md/20231024021920/https://wolfstreet.com/2023/10/23/spectacle-ensues-after-10-year-treasury-yield-pierces-5-huge-demand-piles-in-yield-plunges-19-basis-points-in-hours/"
      }
    ],
    "first": {
      "datetime": "2023-10-23T20:22:43Z",
      "uri": "https://web.archive.org/web/20231023202243/https://wolfstreet.com/2023/10/23/spectacle-ensues-after-10-year-treasury-yield-pierces-5-huge-demand-piles-in-yield-plunges-19-basis-points-in-hours/"
    },
    "last": {
      "datetime": "2023-10-24T02:19:20Z",
      "uri": "http://archive.md/20231024021920/https://wolfstreet.com/2023/10/23/spectacle-ensues-after-10-year-treasury-yield-pierces-5-huge-demand-piles-in-yield-plunges-19-basis-points-in-hours/"
    }
  },
  "timemap_uri": {
    "link_format": "http://localhost:1208/timemap/link/https://wolfstreet.com/2023/10/23/spectacle-ensues-after-10-year-treasury-yield-pierces-5-huge-demand-piles-in-yield-plunges-19-basis-points-in-hours/",
    "json_format": "http://localhost:1208/timemap/json/https://wolfstreet.com/2023/10/23/spectacle-ensues-after-10-year-treasury-yield-pierces-5-huge-demand-piles-in-yield-plunges-19-basis-points-in-hours/",
    "cdxj_format": "http://localhost:1208/timemap/cdxj/https://wolfstreet.com/2023/10/23/spectacle-ensues-after-10-year-treasury-yield-pierces-5-huge-demand-piles-in-yield-plunges-19-basis-points-in-hours/"
  },
  "timegate_uri": "http://localhost:1208/timegate/https://wolfstreet.com/2023/10/23/spectacle-ensues-after-10-year-treasury-yield-pierces-5-huge-demand-piles-in-yield-plunges-19-basis-points-in-hours/"
}
