{
  "original_uri": "https://vancouver.citynews.ca/2023/10/23/male-dead-wreck-beach-capsize-vessel/",
  "self": "http://localhost:1208/timemap/json/https://vancouver.citynews.ca/2023/10/23/male-dead-wreck-beach-capsize-vessel/",
  "mementos": {
    "list": [
      {
        "datetime": "2023-10-24T02:52:05Z",
        "uri": "https://web.archive.org/web/20231024025205/https://vancouver.citynews.ca/2023/10/23/male-dead-wreck-beach-capsize-vessel/"
      },
      {
        "datetime": "2023-10-24T05:55:46Z",
        "uri": "https://web.archive.org/web/20231024055546/https://vancouver.citynews.ca/2023/10/23/male-dead-wreck-beach-capsize-vessel/"
      },
      {
        "datetime": "2023-10-24T06:32:31Z",
        "uri": "https://web.archive.org/web/20231024063231/https://vancouver.citynews.ca/2023/10/23/male-dead-wreck-beach-capsize-vessel/"
      },
      {
        "datetime": "2023-10-25T02:58:34Z",
        "uri": "https://web.archive.org/web/20231025025834/https://vancouver.citynews.ca/2023/10/23/male-dead-wreck-beach-capsize-vessel/"
      },
      {
        "datetime": "2023-10-25T04:22:36Z",
        "uri": "https://web.archive.org/web/20231025042236/https://vancouver.citynews.ca/2023/10/23/male-dead-wreck-beach-capsize-vessel/"
      },
      {
        "datetime": "2023-10-25T05:08:42Z",
        "uri": "https://web.archive.org/web/20231025050842/https://vancouver.citynews.ca/2023/10/23/male-dead-wreck-beach-capsize-vessel/"
      },
      {
        "datetime": "2023-10-25T23:23:22Z",
        "uri": "https://web.archive.org/web/20231025232322/https://vancouver.citynews.ca/2023/10/23/male-dead-wreck-beach-capsize-vessel/"
      }
    ],
    "first": {
      "datetime": "2023-10-24T02:52:05Z",
      "uri": "https://web.archive.org/web/20231024025205/https://vancouver.citynews.ca/2023/10/23/male-dead-wreck-beach-capsize-vessel/"
    },
    "last": {
      "datetime": "2023-10-25T23:23:22Z",
      "uri": "https://web.archive.org/web/20231025232322/https://vancouver.citynews.ca/2023/10/23/male-dead-wreck-beach-capsize-vessel/"
    }
  },
  "timemap_uri": {
    "link_format": "http://localhost:1208/timemap/link/https://vancouver.citynews.ca/2023/10/23/male-dead-wreck-beach-capsize-vessel/",
    "json_format": "http://localhost:1208/timemap/json/https://vancouver.citynews.ca/2023/10/23/male-dead-wreck-beach-capsize-vessel/",
    "cdxj_format": "http://localhost:1208/timemap/cdxj/https://vancouver.citynews.ca/2023/10/23/male-dead-wreck-beach-capsize-vessel/"
  },
  "timegate_uri": "http://localhost:1208/timegate/https://vancouver.citynews.ca/2023/10/23/male-dead-wreck-beach-capsize-vessel/"
}
