{
  "original_uri": "https://theconversation.com/a-twist-in-indonesias-presidential-election-does-not-bode-well-for-the-countrys-fragile-democracy-216007",
  "self": "http://localhost:1208/timemap/json/https://theconversation.com/a-twist-in-indonesias-presidential-election-does-not-bode-well-for-the-countrys-fragile-democracy-216007",
  "mementos": {
    "list": [
      {
        "datetime": "2023-10-24T05:45:27Z",
        "uri": "https://web.archive.org/web/20231024054527/https://theconversation.com/a-twist-in-indonesias-presidential-election-does-not-bode-well-for-the-countrys-fragile-democracy-216007"
      },
      {
        "datetime": "2023-10-24T08:41:49Z",
        "uri": "https://web.archive.org/web/20231024084149/http://theconversation.com/a-twist-in-indonesias-presidential-election-does-not-bode-well-for-the-countrys-fragile-democracy-216007"
      },
      {
        "datetime": "2023-10-24T10:41:49Z",
        "uri": "https://www.webarchive.org.uk/wayback/archive/20231024104149mp_/https://theconversation.com/a-twist-in-indonesias-presidential-election-does-not-bode-well-for-the-countrys-fragile-democracy-216007"
      },
      {
        "datetime": "2023-10-24T10:41:52Z",
        "uri": "https://www.webarchive.org.uk/wayback/archive/20231024104152mp_/http://theconversation.com/a-twist-in-indonesias-presidential-election-does-not-bode-well-for-the-countrys-fragile-democracy-216007"
      },
      {
        "datetime": "2023-10-25T02:41:16Z",
        "uri": "https://web.archive.org/web/20231025024116/https://theconversation.com/a-twist-in-indonesias-presidential-election-does-not-bode-well-for-the-countrys-fragile-democracy-216007"
      },
      {
        "datetime": "2023-10-25T05:02:17Z",
        "uri": "https://web.archive.org.au/awa/20231025050217mp_/https://theconversation.com/a-twist-in-indonesias-presidential-election-does-not-bode-well-for-the-countrys-fragile-democracy-216007"
      },
      {
        "datetime": "2023-10-25T06:04:36Z",
        "uri": "https://web.archive.org/web/20231025060436/https://theconversation.com/a-twist-in-indonesias-presidential-election-does-not-bode-well-for-the-countrys-fragile-democracy-216007"
      },
      {
        "datetime": "2023-10-25T16:14:00Z",
        "uri": "https://web.archive.org/web/20231025161400/https://theconversation.com/a-twist-in-indonesias-presidential-election-does-not-bode-well-for-the-countrys-fragile-democracy-216007"
      },
      {
        "datetime": "2023-10-25T19:56:56Z",
        "uri": "https://web.archive.org/web/20231025195656/https://theconversation.com/a-twist-in-indonesias-presidential-election-does-not-bode-well-for-the-countrys-fragile-democracy-216007"
      },
      {
        "datetime": "2023-10-26T05:03:22Z",
        "uri": "https://web.archive.org.au/awa/20231026050322mp_/https://theconversation.com/a-twist-in-indonesias-presidential-election-does-not-bode-well-for-the-countrys-fragile-democracy-216007"
      }
    ],
    "first": {
      "datetime": "2023-10-24T05:45:27Z",
      "uri": "https://web.archive.org/web/20231024054527/https://theconversation.com/a-twist-in-indonesias-presidential-election-does-not-bode-well-for-the-countrys-fragile-democracy-216007"
    },
    "last": {
      "datetime": "2023-10-26T05:03:22Z",
      "uri": "https://web.archive.org.au/awa/20231026050322mp_/https://theconversation.com/a-twist-in-indonesias-presidential-election-does-not-bode-well-for-the-countrys-fragile-democracy-216007"
    }
  },
  "timemap_uri": {
    "link_format": "http://localhost:1208/timemap/link/https://theconversation.com/a-twist-in-indonesias-presidential-election-does-not-bode-well-for-the-countrys-fragile-democracy-216007",
    "json_format": "http://localhost:1208/timemap/json/https://theconversation.com/a-twist-in-indonesias-presidential-election-does-not-bode-well-for-the-countrys-fragile-democracy-216007",
    "cdxj_format": "http://localhost:1208/timemap/cdxj/https://theconversation.com/a-twist-in-indonesias-presidential-election-does-not-bode-well-for-the-countrys-fragile-democracy-216007"
  },
  "timegate_uri": "http://localhost:1208/timegate/https://theconversation.com/a-twist-in-indonesias-presidential-election-does-not-bode-well-for-the-countrys-fragile-democracy-216007"
}
