{
  "original_uri": "https://www.billboard-japan.com/d_news/detail/131065",
  "self": "http://localhost:1208/timemap/json/https://www.billboard-japan.com/d_news/detail/131065",
  "mementos": {
    "list": [
      {
        "datetime": "2023-10-25T16:10:12Z",
        "uri": "https://web.archive.org/web/20231025161012/https://www.billboard-japan.com/d_news/detail/131065"
      }
    ],
    "first": {
      "datetime": "2023-10-25T16:10:12Z",
      "uri": "https://web.archive.org/web/20231025161012/https://www.billboard-japan.com/d_news/detail/131065"
    },
    "last": {
      "datetime": "2023-10-25T16:10:12Z",
      "uri": "https://web.archive.org/web/20231025161012/https://www.billboard-japan.com/d_news/detail/131065"
    }
  },
  "timemap_uri": {
    "link_format": "http://localhost:1208/timemap/link/https://www.billboard-japan.com/d_news/detail/131065",
    "json_format": "http://localhost:1208/timemap/json/https://www.billboard-japan.com/d_news/detail/131065",
    "cdxj_format": "http://localhost:1208/timemap/cdxj/https://www.billboard-japan.com/d_news/detail/131065"
  },
  "timegate_uri": "http://localhost:1208/timegate/https://www.billboard-japan.com/d_news/detail/131065"
}
