{
  "original_uri": "https://redlionmedia.home.blog/2023/10/24/governor-uzodimma-will-triumph-over-his-traducers-because-no-movement-based-on-hate-has-ever-survived/",
  "self": "http://localhost:1208/timemap/json/https://redlionmedia.home.blog/2023/10/24/governor-uzodimma-will-triumph-over-his-traducers-because-no-movement-based-on-hate-has-ever-survived/",
  "mementos": {
    "list": [
      {
        "datetime": "2023-10-24T10:09:44Z",
        "uri": "https://web.archive.org/web/20231024100944/http://redlionmedia.home.blog/2023/10/24/governor-uzodimma-will-triumph-over-his-traducers-because-no-movement-based-on-hate-has-ever-survived/"
      }
    ],
    "first": {
      "datetime": "2023-10-24T10:09:44Z",
      "uri": "https://web.archive.org/web/20231024100944/http://redlionmedia.home.blog/2023/10/24/governor-uzodimma-will-triumph-over-his-traducers-because-no-movement-based-on-hate-has-ever-survived/"
    },
    "last": {
      "datetime": "2023-10-24T10:09:44Z",
      "uri": "https://web.archive.org/web/20231024100944/http://redlionmedia.home.blog/2023/10/24/governor-uzodimma-will-triumph-over-his-traducers-because-no-movement-based-on-hate-has-ever-survived/"
    }
  },
  "timemap_uri": {
    "link_format": "http://localhost:1208/timemap/link/https://redlionmedia.home.blog/2023/10/24/governor-uzodimma-will-triumph-over-his-traducers-because-no-movement-based-on-hate-has-ever-survived/",
    "json_format": "http://localhost:1208/timemap/json/https://redlionmedia.home.blog/2023/10/24/governor-uzodimma-will-triumph-over-his-traducers-because-no-movement-based-on-hate-has-ever-survived/",
    "cdxj_format": "http://localhost:1208/timemap/cdxj/https://redlionmedia.home.blog/2023/10/24/governor-uzodimma-will-triumph-over-his-traducers-because-no-movement-based-on-hate-has-ever-survived/"
  },
  "timegate_uri": "http://localhost:1208/timegate/https://redlionmedia.home.blog/2023/10/24/governor-uzodimma-will-triumph-over-his-traducers-because-no-movement-based-on-hate-has-ever-survived/"
}
