{
  "original_uri": "https://thebusinesspress.news.blog/2023/10/24/imran-khan-faces-charges-over-secret-cable-revelation/",
  "self": "http://localhost:1208/timemap/json/https://thebusinesspress.news.blog/2023/10/24/imran-khan-faces-charges-over-secret-cable-revelation/",
  "mementos": {
    "list": [
      {
        "datetime": "2023-10-24T02:12:24Z",
        "uri": "https://web.archive.org/web/20231024021224/http://thebusinesspress.news.blog/2023/10/24/imran-khan-faces-charges-over-secret-cable-revelation/"
      }
    ],
    "first": {
      "datetime": "2023-10-24T02:12:24Z",
      "uri": "https://web.archive.org/web/20231024021224/http://thebusinesspress.news.blog/2023/10/24/imran-khan-faces-charges-over-secret-cable-revelation/"
    },
    "last": {
      "datetime": "2023-10-24T02:12:24Z",
      "uri": "https://web.archive.org/web/20231024021224/http://thebusinesspress.news.blog/2023/10/24/imran-khan-faces-charges-over-secret-cable-revelation/"
    }
  },
  "timemap_uri": {
    "link_format": "http://localhost:1208/timemap/link/https://thebusinesspress.news.blog/2023/10/24/imran-khan-faces-charges-over-secret-cable-revelation/",
    "json_format": "http://localhost:1208/timemap/json/https://thebusinesspress.news.blog/2023/10/24/imran-khan-faces-charges-over-secret-cable-revelation/",
    "cdxj_format": "http://localhost:1208/timemap/cdxj/https://thebusinesspress.news.blog/2023/10/24/imran-khan-faces-charges-over-secret-cable-revelation/"
  },
  "timegate_uri": "http://localhost:1208/timegate/https://thebusinesspress.news.blog/2023/10/24/imran-khan-faces-charges-over-secret-cable-revelation/"
}
