{
  "original_uri": "https://www.15navi.com/aichi/aa126/shop15741/",
  "self": "http://localhost:1208/timemap/json/https://www.15navi.com/aichi/aa126/shop15741/",
  "mementos": {
    "list": [
      {
        "datetime": "2019-12-29T22:56:18Z",
        "uri": "https://web.archive.org/web/20191229225618/https://www.15navi.com/aichi/aa126/shop15741/"
      },
      {
        "datetime": "2020-08-15T01:48:07Z",
        "uri": "https://web.archive.org/web/20200815014807/https://www.15navi.com/aichi/aa126/shop15741/"
      },
      {
        "datetime": "2021-04-20T19:32:38Z",
        "uri": "https://web.archive.org/web/20210420193238/https://www.15navi.com/aichi/aa126/shop15741/"
      },
      {
        "datetime": "2021-07-25T06:48:32Z",
        "uri": "https://web.archive.org/web/20210725064832/https://www.15navi.com/aichi/aa126/shop15741/"
      },
      {
        "datetime": "2022-06-27T20:40:37Z",
        "uri": "https://web.archive.org/web/20220627204037/https://www.15navi.com/aichi/aa126/shop15741/"
      },
      {
        "datetime": "2023-02-19T20:41:20Z",
        "uri": "https://web.archive.org/web/20230219204120/https://www.15navi.com/aichi/aa126/shop15741/"
      },
      {
        "datetime": "2023-05-15T17:05:54Z",
        "uri": "https://web.archive.org/web/20230515170554/https://www.15navi.com/aichi/aa126/shop15741/"
      },
      {
        "datetime": "2023-06-07T12:16:14Z",
        "uri": "https://web.archive.org/web/20230607121614/https://www.15navi.com/aichi/aa126/shop15741/"
      }
    ],
    "first": {
      "datetime": "2019-12-29T22:56:18Z",
      "uri": "https://web.archive.org/web/20191229225618/https://www.15navi.com/aichi/aa126/shop15741/"
    },
    "last": {
      "datetime": "2023-06-07T12:16:14Z",
      "uri": "https://web.archive.org/web/20230607121614/https://www.15navi.com/aichi/aa126/shop15741/"
    }
  },
  "timemap_uri": {
    "link_format": "http://localhost:1208/timemap/link/https://www.15navi.com/aichi/aa126/shop15741/",
    "json_format": "http://localhost:1208/timemap/json/https://www.15navi.com/aichi/aa126/shop15741/",
    "cdxj_format": "http://localhost:1208/timemap/cdxj/https://www.15navi.com/aichi/aa126/shop15741/"
  },
  "timegate_uri": "http://localhost:1208/timegate/https://www.15navi.com/aichi/aa126/shop15741/"
}
