{
  "original_uri": "https://www.thehindu.com/business/Economy/india-will-remain-fastest-growing-major-economy-in-fy24-finance-ministry-report/article67452141.ece",
  "self": "http://localhost:1208/timemap/json/https://www.thehindu.com/business/Economy/india-will-remain-fastest-growing-major-economy-in-fy24-finance-ministry-report/article67452141.ece",
  "mementos": {
    "list": [
      {
        "datetime": "2023-10-23T12:27:54Z",
        "uri": "https://web.archive.org/web/20231023122754/https://www.thehindu.com/business/Economy/india-will-remain-fastest-growing-major-economy-in-fy24-finance-ministry-report/article67452141.ece"
      },
      {
        "datetime": "2023-10-24T02:51:29Z",
        "uri": "https://web.archive.org/web/20231024025129/https://www.thehindu.com/business/Economy/india-will-remain-fastest-growing-major-economy-in-fy24-finance-ministry-report/article67452141.ece"
      },
      {
        "datetime": "2023-10-24T03:33:24Z",
        "uri": "https://web.archive.org/web/20231024033324/https://www.thehindu.com/business/Economy/india-will-remain-fastest-growing-major-economy-in-fy24-finance-ministry-report/article67452141.ece"
      },
      {
        "datetime": "2023-10-24T03:55:28Z",
        "uri": "https://web.archive.org/web/20231024035528/https://www.thehindu.com/business/Economy/india-will-remain-fastest-growing-major-economy-in-fy24-finance-ministry-report/article67452141.ece"
      },
      {
        "datetime": "2023-10-24T06:15:06Z",
        "uri": "https://web.archive.org/web/20231024061506/https://www.thehindu.com/business/Economy/india-will-remain-fastest-growing-major-economy-in-fy24-finance-ministry-report/article67452141.ece"
      },
      {
        "datetime": "2023-10-24T07:28:39Z",
        "uri": "https://web.archive.org/web/20231024072839/https://www.thehindu.com/business/Economy/india-will-remain-fastest-growing-major-economy-in-fy24-finance-ministry-report/article67452141.ece"
      },
      {
        "datetime": "2023-10-24T07:33:12Z",
        "uri": "https://web.archive.org/web/20231024073312/https://www.thehindu.com/business/Economy/india-will-remain-fastest-growing-major-economy-in-fy24-finance-ministry-report/article67452141.ece"
      },
      {
        "datetime": "2023-10-24T10:36:31Z",
        "uri": "https://web.archive.org/web/20231024103631/https://www.thehindu.com/business/Economy/india-will-remain-fastest-growing-major-economy-in-fy24-finance-ministry-report/article67452141.ece"
      },
      {
        "datetime": "2023-10-24T12:46:44Z",
        "uri": "https://web.archive.org/web/20231024124644/https://www.thehindu.com/business/Economy/india-will-remain-fastest-growing-major-economy-in-fy24-finance-ministry-report/article67452141.ece"
      },
      {
        "datetime": "2023-10-24T16:30:43Z",
        "uri": "https://web.archive.org/web/20231024163043/https://www.thehindu.com/business/Economy/india-will-remain-fastest-growing-major-economy-in-fy24-finance-ministry-report/article67452141.ece"
      },
      {
        "datetime": "2023-10-25T09:28:48Z",
        "uri": "https://web.archive.org/web/20231025092848/https://www.thehindu.com/business/Economy/india-will-remain-fastest-growing-major-economy-in-fy24-finance-ministry-report/article67452141.ece"
      },
      {
        "datetime": "2023-10-25T19:05:20Z",
        "uri": "https://web.archive.org/web/20231025190520/https://www.thehindu.com/business/Economy/india-will-remain-fastest-growing-major-economy-in-fy24-finance-ministry-report/article67452141.ece"
      }
    ],
    "first": {
      "datetime": "2023-10-23T12:27:54Z",
      "uri": "https://web.archive.org/web/20231023122754/https://www.thehindu.com/business/Economy/india-will-remain-fastest-growing-major-economy-in-fy24-finance-ministry-report/article67452141.ece"
    },
    "last": {
      "datetime": "2023-10-25T19:05:20Z",
      "uri": "https://web.archive.org/web/20231025190520/https://www.thehindu.com/business/Economy/india-will-remain-fastest-growing-major-economy-in-fy24-finance-ministry-report/article67452141.ece"
    }
  },
  "timemap_uri": {
    "link_format": "http://localhost:1208/timemap/link/https://www.thehindu.com/business/Economy/india-will-remain-fastest-growing-major-economy-in-fy24-finance-ministry-report/article67452141.ece",
    "json_format": "http://localhost:1208/timemap/json/https://www.thehindu.com/business/Economy/india-will-remain-fastest-growing-major-economy-in-fy24-finance-ministry-report/article67452141.ece",
    "cdxj_format": "http://localhost:1208/timemap/cdxj/https://www.thehindu.com/business/Economy/india-will-remain-fastest-growing-major-economy-in-fy24-finance-ministry-report/article67452141.ece"
  },
  "timegate_uri": "http://localhost:1208/timegate/https://www.thehindu.com/business/Economy/india-will-remain-fastest-growing-major-economy-in-fy24-finance-ministry-report/article67452141.ece"
}
