{
  "original_uri": "https://ommcomnews.com/world-news/more-humanitarian-aid-for-gaza-arrive-in-egypt",
  "self": "http://localhost:1208/timemap/json/https://ommcomnews.com/world-news/more-humanitarian-aid-for-gaza-arrive-in-egypt",
  "mementos": {
    "list": [
      {
        "datetime": "2023-10-24T04:50:16Z",
        "uri": "https://web.archive.org/web/20231024045016/https://ommcomnews.com/world-news/more-humanitarian-aid-for-gaza-arrive-in-egypt"
      },
      {
        "datetime": "2023-10-24T04:50:26Z",
        "uri": "https://web.archive.org/web/20231024045026/https://ommcomnews.com/world-news/more-humanitarian-aid-for-gaza-arrive-in-egypt"
      },
      {
        "datetime": "2023-10-24T05:00:00Z",
        "uri": "https://web.archive.org/web/20231024050000/https://ommcomnews.com/world-news/more-humanitarian-aid-for-gaza-arrive-in-egypt"
      },
      {
        "datetime": "2023-10-24T05:48:10Z",
        "uri": "https://web.archive.org/web/20231024054810/https://ommcomnews.com/world-news/more-humanitarian-aid-for-gaza-arrive-in-egypt"
      },
      {
        "datetime": "2023-10-25T10:39:51Z",
        "uri": "https://web.archive.org/web/20231025103951/https://ommcomnews.com/world-news/more-humanitarian-aid-for-gaza-arrive-in-egypt"
      }
    ],
    "first": {
      "datetime": "2023-10-24T04:50:16Z",
      "uri": "https://web.archive.org/web/20231024045016/https://ommcomnews.com/world-news/more-humanitarian-aid-for-gaza-arrive-in-egypt"
    },
    "last": {
      "datetime": "2023-10-25T10:39:51Z",
      "uri": "https://web.archive.org/web/20231025103951/https://ommcomnews.com/world-news/more-humanitarian-aid-for-gaza-arrive-in-egypt"
    }
  },
  "timemap_uri": {
    "link_format": "http://localhost:1208/timemap/link/https://ommcomnews.com/world-news/more-humanitarian-aid-for-gaza-arrive-in-egypt",
    "json_format": "http://localhost:1208/timemap/json/https://ommcomnews.com/world-news/more-humanitarian-aid-for-gaza-arrive-in-egypt",
    "cdxj_format": "http://localhost:1208/timemap/cdxj/https://ommcomnews.com/world-news/more-humanitarian-aid-for-gaza-arrive-in-egypt"
  },
  "timegate_uri": "http://localhost:1208/timegate/https://ommcomnews.com/world-news/more-humanitarian-aid-for-gaza-arrive-in-egypt"
}
