{
  "original_uri": "https://newscentric.com.ng/news/leadershipng/20011/",
  "self": "http://localhost:1208/timemap/json/https://newscentric.com.ng/news/leadershipng/20011/",
  "mementos": {
    "list": [
      {
        "datetime": "2023-10-24T07:58:47Z",
        "uri": "https://web.archive.org/web/20231024075847/https://newscentric.com.ng/news/leadershipng/20011/"
      }
    ],
    "first": {
      "datetime": "2023-10-24T07:58:47Z",
      "uri": "https://web.archive.org/web/20231024075847/https://newscentric.com.ng/news/leadershipng/20011/"
    },
    "last": {
      "datetime": "2023-10-24T07:58:47Z",
      "uri": "https://web.archive.org/web/20231024075847/https://newscentric.com.ng/news/leadershipng/20011/"
    }
  },
  "timemap_uri": {
    "link_format": "http://localhost:1208/timemap/link/https://newscentric.com.ng/news/leadershipng/20011/",
    "json_format": "http://localhost:1208/timemap/json/https://newscentric.com.ng/news/leadershipng/20011/",
    "cdxj_format": "http://localhost:1208/timemap/cdxj/https://newscentric.com.ng/news/leadershipng/20011/"
  },
  "timegate_uri": "http://localhost:1208/timegate/https://newscentric.com.ng/news/leadershipng/20011/"
}
