{
  "original_uri": "https://musingsoniraq.blogspot.com/2021/11/fatah-refuses-to-accept-results-and.html",
  "self": "http://localhost:1208/timemap/json/https://musingsoniraq.blogspot.com/2021/11/fatah-refuses-to-accept-results-and.html",
  "mementos": {
    "list": [
      {
        "datetime": "2021-11-02T15:33:14Z",
        "uri": "https://web.archive.org/web/20211102153314/http://musingsoniraq.blogspot.com/2021/11/fatah-refuses-to-accept-results-and.html"
      },
      {
        "datetime": "2021-11-02T16:34:47Z",
        "uri": "https://web.archive.org/web/20211102163447/https://musingsoniraq.blogspot.com/2021/11/fatah-refuses-to-accept-results-and.html"
      },
      {
        "datetime": "2021-11-02T16:35:51Z",
        "uri": "https://web.archive.org/web/20211102163551/http://musingsoniraq.blogspot.com/2021/11/fatah-refuses-to-accept-results-and.html"
      },
      {
        "datetime": "2021-11-02T22:42:08Z",
        "uri": "https://wayback.archive-it.org/all/20211102224208/http://musingsoniraq.blogspot.com/2021/11/fatah-refuses-to-accept-results-and.html"
      },
      {
        "datetime": "2021-11-02T22:42:08Z",
        "uri": "https://web.archive.org/web/20211102224208/http://musingsoniraq.blogspot.com/2021/11/fatah-refuses-to-accept-results-and.html"
      },
      {
        "datetime": "2021-11-07T08:45:42Z",
        "uri": "https://wayback.archive-it.org/all/20211107084542/http://musingsoniraq.blogspot.com/2021/11/fatah-refuses-to-accept-results-and.html"
      },
      {
        "datetime": "2021-11-07T08:45:42Z",
        "uri": "https://web.archive.org/web/20211107084542/http://musingsoniraq.blogspot.com/2021/11/fatah-refuses-to-accept-results-and.html"
      },
      {
        "datetime": "2021-11-08T15:26:14Z",
        "uri": "https://wayback.archive-it.org/all/20211108152614/http://musingsoniraq.blogspot.com/2021/11/fatah-refuses-to-accept-results-and.html"
      },
      {
        "datetime": "2021-11-08T15:26:14Z",
        "uri": "https://web.archive.org/web/20211108152614/http://musingsoniraq.blogspot.com/2021/11/fatah-refuses-to-accept-results-and.html"
      },
      {
        "datetime": "2021-11-09T13:53:08Z",
        "uri": "https://wayback.archive-it.org/all/20211109135308/http://musingsoniraq.blogspot.com/2021/11/fatah-refuses-to-accept-results-and.html"
      },
      {
        "datetime": "2021-11-09T13:53:08Z",
        "uri": "https://web.archive.org/web/20211109135308/http://musingsoniraq.blogspot.com/2021/11/fatah-refuses-to-accept-results-and.html"
      },
      {
        "datetime": "2021-11-10T18:54:57Z",
        "uri": "https://wayback.archive-it.org/all/20211110185457/http://musingsoniraq.blogspot.com/2021/11/fatah-refuses-to-accept-results-and.html"
      },
      {
        "datetime": "2021-11-10T18:54:57Z",
        "uri": "https://web.archive.org/web/20211110185457/http://musingsoniraq.blogspot.com/2021/11/fatah-refuses-to-accept-results-and.html"
      },
      {
        "datetime": "2021-11-13T15:50:36Z",
        "uri": "https://wayback.archive-it.org/all/20211113155036/http://musingsoniraq.blogspot.com/2021/11/fatah-refuses-to-accept-results-and.html"
      },
      {
        "datetime": "2021-11-13T15:50:36Z",
        "uri": "https://web.archive.org/web/20211113155036/http://musingsoniraq.blogspot.com/2021/11/fatah-refuses-to-accept-results-and.html"
      },
      {
        "datetime": "2021-11-15T21:35:29Z",
        "uri": "https://wayback.archive-it.org/all/20211115213529/http://musingsoniraq.blogspot.com/2021/11/fatah-refuses-to-accept-results-and.html"
      },
      {
        "datetime": "2021-11-15T21:35:29Z",
        "uri": "https://web.archive.org/web/20211115213529/http://musingsoniraq.blogspot.com/2021/11/fatah-refuses-to-accept-results-and.html"
      },
      {
        "datetime": "2021-11-17T01:46:25Z",
        "uri": "https://wayback.archive-it.org/all/20211117014625/http://musingsoniraq.blogspot.com/2021/11/fatah-refuses-to-accept-results-and.html"
      },
      {
        "datetime": "2021-11-17T01:46:25Z",
        "uri": "https://web.archive.org/web/20211117014625/http://musingsoniraq.blogspot.com/2021/11/fatah-refuses-to-accept-results-and.html"
      },
      {
        "datetime": "2021-11-17T14:08:33Z",
        "uri": "https://wayback.archive-it.org/all/20211117140833/http://musingsoniraq.blogspot.com/2021/11/fatah-refuses-to-accept-results-and.html"
      },
      {
        "datetime": "2021-11-17T14:08:33Z",
        "uri": "https://web.archive.org/web/20211117140833/http://musingsoniraq.blogspot.com/2021/11/fatah-refuses-to-accept-results-and.html"
      },
      {
        "datetime": "2021-12-07T09:21:11Z",
        "uri": "https://web.archive.org/web/20211207092111/https://musingsoniraq.blogspot.com/2021/11/fatah-refuses-to-accept-results-and.html"
      },
      {
        "datetime": "2022-10-01T14:56:22Z",
        "uri": "https://web.archive.org/web/20221001145622/https://musingsoniraq.blogspot.com/2021/11/fatah-refuses-to-accept-results-and.html"
      },
      {
        "datetime": "2022-10-22T18:11:48Z",
        "uri": "https://web.archive.org/web/20221022181148/https://musingsoniraq.blogspot.com/2021/11/fatah-refuses-to-accept-results-and.html"
      },
      {
        "datetime": "2023-02-07T05:20:59Z",
        "uri": "https://web.archive.org/web/20230207052059/https://musingsoniraq.blogspot.com/2021/11/fatah-refuses-to-accept-results-and.html"
      }
    ],
    "first": {
      "datetime": "2021-11-02T15:33:14Z",
      "uri": "https://web.archive.org/web/20211102153314/http://musingsoniraq.blogspot.com/2021/11/fatah-refuses-to-accept-results-and.html"
    },
    "last": {
      "datetime": "2023-02-07T05:20:59Z",
      "uri": "https://web.archive.org/web/20230207052059/https://musingsoniraq.blogspot.com/2021/11/fatah-refuses-to-accept-results-and.html"
    }
  },
  "timemap_uri": {
    "link_format": "http://localhost:1208/timemap/link/https://musingsoniraq.blogspot.com/2021/11/fatah-refuses-to-accept-results-and.html",
    "json_format": "http://localhost:1208/timemap/json/https://musingsoniraq.blogspot.com/2021/11/fatah-refuses-to-accept-results-and.html",
    "cdxj_format": "http://localhost:1208/timemap/cdxj/https://musingsoniraq.blogspot.com/2021/11/fatah-refuses-to-accept-results-and.html"
  },
  "timegate_uri": "http://localhost:1208/timegate/https://musingsoniraq.blogspot.com/2021/11/fatah-refuses-to-accept-results-and.html"
}
