{
  "original_uri": "https://www.ezrollonline.com/#/pages/event/eventDetail?id=9",
  "self": "http://localhost:1208/timemap/json/https://www.ezrollonline.com/#/pages/event/eventDetail?id=9",
  "mementos": {
    "list": [
      {
        "datetime": "2023-07-22T23:04:51Z",
        "uri": "https://web.archive.org/web/20230722230451/https://ezrollonline.com/"
      },
      {
        "datetime": "2023-07-22T23:07:20Z",
        "uri": "https://web.archive.org/web/20230722230720/https://ezrollonline.com/"
      }
    ],
    "first": {
      "datetime": "2023-07-22T23:04:51Z",
      "uri": "https://web.archive.org/web/20230722230451/https://ezrollonline.com/"
    },
    "last": {
      "datetime": "2023-07-22T23:07:20Z",
      "uri": "https://web.archive.org/web/20230722230720/https://ezrollonline.com/"
    }
  },
  "timemap_uri": {
    "link_format": "http://localhost:1208/timemap/link/https://www.ezrollonline.com/#/pages/event/eventDetail?id=9",
    "json_format": "http://localhost:1208/timemap/json/https://www.ezrollonline.com/#/pages/event/eventDetail?id=9",
    "cdxj_format": "http://localhost:1208/timemap/cdxj/https://www.ezrollonline.com/#/pages/event/eventDetail?id=9"
  },
  "timegate_uri": "http://localhost:1208/timegate/https://www.ezrollonline.com/#/pages/event/eventDetail?id=9"
}
