{
  "original_uri": "https://www.elsoldemexico.com.mx/gossip/celebridades/cruel-summer-de-taylor-swift-alcanza-el-primer-lugar-del-hot-100-de-billboard-10895485.html",
  "self": "http://localhost:1208/timemap/json/https://www.elsoldemexico.com.mx/gossip/celebridades/cruel-summer-de-taylor-swift-alcanza-el-primer-lugar-del-hot-100-de-billboard-10895485.html",
  "mementos": {
    "list": [
      {
        "datetime": "2023-10-24T06:43:34Z",
        "uri": "https://web.archive.org/web/20231024064334/https://www.elsoldemexico.com.mx/gossip/celebridades/cruel-summer-de-taylor-swift-alcanza-el-primer-lugar-del-hot-100-de-billboard-10895485.html"
      },
      {
        "datetime": "2023-10-25T06:16:20Z",
        "uri": "https://web.archive.org/web/20231025061620/https://www.elsoldemexico.com.mx/gossip/celebridades/cruel-summer-de-taylor-swift-alcanza-el-primer-lugar-del-hot-100-de-billboard-10895485.html"
      },
      {
        "datetime": "2023-10-25T12:43:58Z",
        "uri": "https://web.archive.org/web/20231025124358/https://www.elsoldemexico.com.mx/gossip/celebridades/cruel-summer-de-taylor-swift-alcanza-el-primer-lugar-del-hot-100-de-billboard-10895485.html"
      },
      {
        "datetime": "2023-10-25T20:12:02Z",
        "uri": "https://web.archive.org/web/20231025201202/https://www.elsoldemexico.com.mx/gossip/celebridades/cruel-summer-de-taylor-swift-alcanza-el-primer-lugar-del-hot-100-de-billboard-10895485.html"
      }
    ],
    "first": {
      "datetime": "2023-10-24T06:43:34Z",
      "uri": "https://web.archive.org/web/20231024064334/https://www.elsoldemexico.com.mx/gossip/celebridades/cruel-summer-de-taylor-swift-alcanza-el-primer-lugar-del-hot-100-de-billboard-10895485.html"
    },
    "last": {
      "datetime": "2023-10-25T20:12:02Z",
      "uri": "https://web.archive.org/web/20231025201202/https://www.elsoldemexico.com.mx/gossip/celebridades/cruel-summer-de-taylor-swift-alcanza-el-primer-lugar-del-hot-100-de-billboard-10895485.html"
    }
  },
  "timemap_uri": {
    "link_format": "http://localhost:1208/timemap/link/https://www.elsoldemexico.com.mx/gossip/celebridades/cruel-summer-de-taylor-swift-alcanza-el-primer-lugar-del-hot-100-de-billboard-10895485.html",
    "json_format": "http://localhost:1208/timemap/json/https://www.elsoldemexico.com.mx/gossip/celebridades/cruel-summer-de-taylor-swift-alcanza-el-primer-lugar-del-hot-100-de-billboard-10895485.html",
    "cdxj_format": "http://localhost:1208/timemap/cdxj/https://www.elsoldemexico.com.mx/gossip/celebridades/cruel-summer-de-taylor-swift-alcanza-el-primer-lugar-del-hot-100-de-billboard-10895485.html"
  },
  "timegate_uri": "http://localhost:1208/timegate/https://www.elsoldemexico.com.mx/gossip/celebridades/cruel-summer-de-taylor-swift-alcanza-el-primer-lugar-del-hot-100-de-billboard-10895485.html"
}
