{
  "original_uri": "https://www.cjsportsmedia.com/podcast",
  "self": "http://localhost:1208/timemap/json/https://www.cjsportsmedia.com/podcast",
  "mementos": {
    "list": [
      {
        "datetime": "2019-04-24T04:20:42Z",
        "uri": "https://web.archive.org/web/20190424042042/https://cjsportsmedia.com/podcast"
      },
      {
        "datetime": "2019-04-25T18:03:41Z",
        "uri": "https://web.archive.org/web/20190425180341/http://cjsportsmedia.com/podcast"
      },
      {
        "datetime": "2020-08-05T13:28:45Z",
        "uri": "https://web.archive.org/web/20200805132845/https://cjsportsmedia.com/podcast"
      },
      {
        "datetime": "2020-10-28T14:23:45Z",
        "uri": "https://web.archive.org/web/20201028142345/https://cjsportsmedia.com/podcast"
      },
      {
        "datetime": "2020-11-17T21:42:00Z",
        "uri": "https://web.archive.org/web/20201117214200/https://cjsportsmedia.com/podcast"
      },
      {
        "datetime": "2021-01-27T10:12:46Z",
        "uri": "https://web.archive.org/web/20210127101246/https://cjsportsmedia.com/podcast"
      },
      {
        "datetime": "2021-04-23T14:23:03Z",
        "uri": "https://web.archive.org/web/20210423142303/https://cjsportsmedia.com/podcast"
      },
      {
        "datetime": "2021-05-12T23:50:36Z",
        "uri": "https://web.archive.org/web/20210512235036/https://cjsportsmedia.com/podcast"
      },
      {
        "datetime": "2021-06-24T12:20:10Z",
        "uri": "https://web.archive.org/web/20210624122010/https://cjsportsmedia.com/podcast"
      },
      {
        "datetime": "2021-06-24T12:20:10Z",
        "uri": "https://web.archive.org/web/20210624122010/https://cjsportsmedia.com/podcast"
      },
      {
        "datetime": "2021-09-26T18:58:51Z",
        "uri": "https://web.archive.org/web/20210926185851/https://cjsportsmedia.com/podcast"
      },
      {
        "datetime": "2022-01-25T16:58:55Z",
        "uri": "https://web.archive.org/web/20220125165855/https://cjsportsmedia.com/podcast"
      },
      {
        "datetime": "2022-03-05T00:52:21Z",
        "uri": "https://web.archive.org/web/20220305005221/https://cjsportsmedia.com/podcast"
      },
      {
        "datetime": "2022-05-23T14:38:10Z",
        "uri": "https://web.archive.org/web/20220523143810/https://cjsportsmedia.com/podcast"
      },
      {
        "datetime": "2022-09-29T14:37:44Z",
        "uri": "https://web.archive.org/web/20220929143744/https://cjsportsmedia.com/podcast"
      },
      {
        "datetime": "2023-01-06T01:20:24Z",
        "uri": "https://web.archive.org/web/20230106012024/http://cjsportsmedia.com/podcast"
      },
      {
        "datetime": "2023-02-08T20:24:46Z",
        "uri": "https://web.archive.org/web/20230208202446/https://cjsportsmedia.com/podcast"
      },
      {
        "datetime": "2023-04-02T11:31:50Z",
        "uri": "https://web.archive.org/web/20230402113150/https://www.cjsportsmedia.com/podcast"
      },
      {
        "datetime": "2023-05-12T21:17:38Z",
        "uri": "https://web.archive.org/web/20230512211738/https://www.cjsportsmedia.com/podcast"
      },
      {
        "datetime": "2023-06-01T08:31:04Z",
        "uri": "https://web.archive.org/web/20230601083104/https://www.cjsportsmedia.com/podcast"
      }
    ],
    "first": {
      "datetime": "2019-04-24T04:20:42Z",
      "uri": "https://web.archive.org/web/20190424042042/https://cjsportsmedia.com/podcast"
    },
    "last": {
      "datetime": "2023-06-01T08:31:04Z",
      "uri": "https://web.archive.org/web/20230601083104/https://www.cjsportsmedia.com/podcast"
    }
  },
  "timemap_uri": {
    "link_format": "http://localhost:1208/timemap/link/https://www.cjsportsmedia.com/podcast",
    "json_format": "http://localhost:1208/timemap/json/https://www.cjsportsmedia.com/podcast",
    "cdxj_format": "http://localhost:1208/timemap/cdxj/https://www.cjsportsmedia.com/podcast"
  },
  "timegate_uri": "http://localhost:1208/timegate/https://www.cjsportsmedia.com/podcast"
}
