{
  "original_uri": "https://nunatsiaq.com/stories/article/nuanvut-votes-grise-fiord-mayor-re-elected-in-first-race-to-be-settled/",
  "self": "http://localhost:1208/timemap/json/https://nunatsiaq.com/stories/article/nuanvut-votes-grise-fiord-mayor-re-elected-in-first-race-to-be-settled/",
  "mementos": {
    "list": [
      {
        "datetime": "2023-10-24T00:28:29Z",
        "uri": "https://web.archive.org/web/20231024002829/https://nunatsiaq.com/stories/article/nuanvut-votes-grise-fiord-mayor-re-elected-in-first-race-to-be-settled/"
      },
      {
        "datetime": "2023-10-24T06:37:54Z",
        "uri": "https://web.archive.org/web/20231024063754/https://nunatsiaq.com/stories/article/nuanvut-votes-grise-fiord-mayor-re-elected-in-first-race-to-be-settled/"
      },
      {
        "datetime": "2023-10-25T01:26:44Z",
        "uri": "https://web.archive.org/web/20231025012644/https://nunatsiaq.com/stories/article/nuanvut-votes-grise-fiord-mayor-re-elected-in-first-race-to-be-settled/"
      },
      {
        "datetime": "2023-10-25T02:34:52Z",
        "uri": "https://web.archive.org/web/20231025023452/https://nunatsiaq.com/stories/article/nuanvut-votes-grise-fiord-mayor-re-elected-in-first-race-to-be-settled/"
      },
      {
        "datetime": "2023-10-25T06:04:04Z",
        "uri": "https://web.archive.org/web/20231025060404/https://nunatsiaq.com/stories/article/nuanvut-votes-grise-fiord-mayor-re-elected-in-first-race-to-be-settled/"
      },
      {
        "datetime": "2023-10-25T17:09:04Z",
        "uri": "https://web.archive.org/web/20231025170904/https://nunatsiaq.com/stories/article/nuanvut-votes-grise-fiord-mayor-re-elected-in-first-race-to-be-settled/"
      }
    ],
    "first": {
      "datetime": "2023-10-24T00:28:29Z",
      "uri": "https://web.archive.org/web/20231024002829/https://nunatsiaq.com/stories/article/nuanvut-votes-grise-fiord-mayor-re-elected-in-first-race-to-be-settled/"
    },
    "last": {
      "datetime": "2023-10-25T17:09:04Z",
      "uri": "https://web.archive.org/web/20231025170904/https://nunatsiaq.com/stories/article/nuanvut-votes-grise-fiord-mayor-re-elected-in-first-race-to-be-settled/"
    }
  },
  "timemap_uri": {
    "link_format": "http://localhost:1208/timemap/link/https://nunatsiaq.com/stories/article/nuanvut-votes-grise-fiord-mayor-re-elected-in-first-race-to-be-settled/",
    "json_format": "http://localhost:1208/timemap/json/https://nunatsiaq.com/stories/article/nuanvut-votes-grise-fiord-mayor-re-elected-in-first-race-to-be-settled/",
    "cdxj_format": "http://localhost:1208/timemap/cdxj/https://nunatsiaq.com/stories/article/nuanvut-votes-grise-fiord-mayor-re-elected-in-first-race-to-be-settled/"
  },
  "timegate_uri": "http://localhost:1208/timegate/https://nunatsiaq.com/stories/article/nuanvut-votes-grise-fiord-mayor-re-elected-in-first-race-to-be-settled/"
}
