{
  "original_uri": "https://www.vanityfair.com/news/2023/10/kenneth-chesebro-donald-trump-georgia-guilty-plea",
  "self": "http://localhost:1208/timemap/json/https://www.vanityfair.com/news/2023/10/kenneth-chesebro-donald-trump-georgia-guilty-plea",
  "mementos": {
    "list": [
      {
        "datetime": "2023-10-20T23:20:33Z",
        "uri": "https://wayback.archive-it.org/all/20231020232033/https://www.vanityfair.com/news/2023/10/kenneth-chesebro-donald-trump-georgia-guilty-plea"
      },
      {
        "datetime": "2023-10-21T02:52:22Z",
        "uri": "http://archive.md/20231021025222/https://www.vanityfair.com/news/2023/10/kenneth-chesebro-donald-trump-georgia-guilty-plea"
      },
      {
        "datetime": "2023-10-21T07:02:48Z",
        "uri": "https://web.archive.org/web/20231021070248/https://www.vanityfair.com/news/2023/10/kenneth-chesebro-donald-trump-georgia-guilty-plea"
      },
      {
        "datetime": "2023-10-21T14:30:32Z",
        "uri": "https://web.archive.org/web/20231021143032/http://www.vanityfair.com/news/2023/10/kenneth-chesebro-donald-trump-georgia-guilty-plea"
      },
      {
        "datetime": "2023-10-21T14:31:30Z",
        "uri": "https://web.archive.org/web/20231021143130/https://www.vanityfair.com/news/2023/10/kenneth-chesebro-donald-trump-georgia-guilty-plea"
      },
      {
        "datetime": "2023-10-21T14:33:01Z",
        "uri": "https://web.archive.org/web/20231021143301/http://www.vanityfair.com/news/2023/10/kenneth-chesebro-donald-trump-georgia-guilty-plea"
      },
      {
        "datetime": "2023-10-22T01:19:46Z",
        "uri": "https://web.archive.org/web/20231022011946/https://www.vanityfair.com/news/2023/10/kenneth-chesebro-donald-trump-georgia-guilty-plea"
      },
      {
        "datetime": "2023-10-22T03:39:00Z",
        "uri": "https://web.archive.org/web/20231022033900/https://www.vanityfair.com/news/2023/10/kenneth-chesebro-donald-trump-georgia-guilty-plea"
      },
      {
        "datetime": "2023-10-22T11:31:11Z",
        "uri": "https://web.archive.org/web/20231022113111/https://www.vanityfair.com/news/2023/10/kenneth-chesebro-donald-trump-georgia-guilty-plea"
      },
      {
        "datetime": "2023-10-23T21:25:26Z",
        "uri": "https://web.archive.org/web/20231023212526/https://www.vanityfair.com/news/2023/10/kenneth-chesebro-donald-trump-georgia-guilty-plea"
      },
      {
        "datetime": "2023-10-24T07:56:36Z",
        "uri": "https://web.archive.org/web/20231024075636/https://www.vanityfair.com/news/2023/10/kenneth-chesebro-donald-trump-georgia-guilty-plea"
      }
    ],
    "first": {
      "datetime": "2023-10-20T23:20:33Z",
      "uri": "https://wayback.archive-it.org/all/20231020232033/https://www.vanityfair.com/news/2023/10/kenneth-chesebro-donald-trump-georgia-guilty-plea"
    },
    "last": {
      "datetime": "2023-10-24T07:56:36Z",
      "uri": "https://web.archive.org/web/20231024075636/https://www.vanityfair.com/news/2023/10/kenneth-chesebro-donald-trump-georgia-guilty-plea"
    }
  },
  "timemap_uri": {
    "link_format": "http://localhost:1208/timemap/link/https://www.vanityfair.com/news/2023/10/kenneth-chesebro-donald-trump-georgia-guilty-plea",
    "json_format": "http://localhost:1208/timemap/json/https://www.vanityfair.com/news/2023/10/kenneth-chesebro-donald-trump-georgia-guilty-plea",
    "cdxj_format": "http://localhost:1208/timemap/cdxj/https://www.vanityfair.com/news/2023/10/kenneth-chesebro-donald-trump-georgia-guilty-plea"
  },
  "timegate_uri": "http://localhost:1208/timegate/https://www.vanityfair.com/news/2023/10/kenneth-chesebro-donald-trump-georgia-guilty-plea"
}
