{
  "original_uri": "https://www.facebook.com/groups/761902492166636",
  "self": "http://localhost:1208/timemap/json/https://www.facebook.com/groups/761902492166636",
  "mementos": {
    "list": [
      {
        "datetime": "2023-03-25T11:23:24Z",
        "uri": "https://web.archive.org/web/20230325112324/https://www.facebook.com/groups/761902492166636/"
      },
      {
        "datetime": "2023-04-09T09:40:55Z",
        "uri": "https://web.archive.org/web/20230409094055/https://www.facebook.com/groups/761902492166636"
      },
      {
        "datetime": "2023-04-30T09:27:17Z",
        "uri": "https://web.archive.org/web/20230430092717/https://www.facebook.com/groups/761902492166636"
      },
      {
        "datetime": "2023-05-12T02:50:05Z",
        "uri": "https://web.archive.org/web/20230512025005/https://www.facebook.com/groups/761902492166636"
      },
      {
        "datetime": "2023-05-12T04:29:58Z",
        "uri": "https://web.archive.org/web/20230512042958/https://www.facebook.com/groups/761902492166636"
      }
    ],
    "first": {
      "datetime": "2023-03-25T11:23:24Z",
      "uri": "https://web.archive.org/web/20230325112324/https://www.facebook.com/groups/761902492166636/"
    },
    "last": {
      "datetime": "2023-05-12T04:29:58Z",
      "uri": "https://web.archive.org/web/20230512042958/https://www.facebook.com/groups/761902492166636"
    }
  },
  "timemap_uri": {
    "link_format": "http://localhost:1208/timemap/link/https://www.facebook.com/groups/761902492166636",
    "json_format": "http://localhost:1208/timemap/json/https://www.facebook.com/groups/761902492166636",
    "cdxj_format": "http://localhost:1208/timemap/cdxj/https://www.facebook.com/groups/761902492166636"
  },
  "timegate_uri": "http://localhost:1208/timegate/https://www.facebook.com/groups/761902492166636"
}
