{
  "original_uri": "https://t.me/Halloween_BSC",
  "self": "http://localhost:1208/timemap/json/https://t.me/Halloween_BSC",
  "mementos": {
    "list": [
      {
        "datetime": "2022-10-31T14:37:48Z",
        "uri": "https://web.archive.org/web/20221031143748/http://t.me/halloween_bsc"
      }
    ],
    "first": {
      "datetime": "2022-10-31T14:37:48Z",
      "uri": "https://web.archive.org/web/20221031143748/http://t.me/halloween_bsc"
    },
    "last": {
      "datetime": "2022-10-31T14:37:48Z",
      "uri": "https://web.archive.org/web/20221031143748/http://t.me/halloween_bsc"
    }
  },
  "timemap_uri": {
    "link_format": "http://localhost:1208/timemap/link/https://t.me/Halloween_BSC",
    "json_format": "http://localhost:1208/timemap/json/https://t.me/Halloween_BSC",
    "cdxj_format": "http://localhost:1208/timemap/cdxj/https://t.me/Halloween_BSC"
  },
  "timegate_uri": "http://localhost:1208/timegate/https://t.me/Halloween_BSC"
}
