{
  "original_uri": "https://malline.id/news/754342023/sapa-dunia-hamas-lepaskan-dua-tawanan-warga-negara-as/",
  "self": "http://localhost:1208/timemap/json/https://malline.id/news/754342023/sapa-dunia-hamas-lepaskan-dua-tawanan-warga-negara-as/",
  "mementos": {
    "list": [
      {
        "datetime": "2023-10-24T15:40:44Z",
        "uri": "https://web.archive.org/web/20231024154044/https://malline.id/news/754342023/sapa-dunia-hamas-lepaskan-dua-tawanan-warga-negara-as/"
      }
    ],
    "first": {
      "datetime": "2023-10-24T15:40:44Z",
      "uri": "https://web.archive.org/web/20231024154044/https://malline.id/news/754342023/sapa-dunia-hamas-lepaskan-dua-tawanan-warga-negara-as/"
    },
    "last": {
      "datetime": "2023-10-24T15:40:44Z",
      "uri": "https://web.archive.org/web/20231024154044/https://malline.id/news/754342023/sapa-dunia-hamas-lepaskan-dua-tawanan-warga-negara-as/"
    }
  },
  "timemap_uri": {
    "link_format": "http://localhost:1208/timemap/link/https://malline.id/news/754342023/sapa-dunia-hamas-lepaskan-dua-tawanan-warga-negara-as/",
    "json_format": "http://localhost:1208/timemap/json/https://malline.id/news/754342023/sapa-dunia-hamas-lepaskan-dua-tawanan-warga-negara-as/",
    "cdxj_format": "http://localhost:1208/timemap/cdxj/https://malline.id/news/754342023/sapa-dunia-hamas-lepaskan-dua-tawanan-warga-negara-as/"
  },
  "timegate_uri": "http://localhost:1208/timegate/https://malline.id/news/754342023/sapa-dunia-hamas-lepaskan-dua-tawanan-warga-negara-as/"
}
