{
  "original_uri": "https://thebusinesspress.news.blog/2023/10/24/escalating-tensions-on-the-lebanon-israel-border-hezbollahs-role-in-the-recent-clashes/",
  "self": "http://localhost:1208/timemap/json/https://thebusinesspress.news.blog/2023/10/24/escalating-tensions-on-the-lebanon-israel-border-hezbollahs-role-in-the-recent-clashes/",
  "mementos": {
    "list": [
      {
        "datetime": "2023-10-24T02:16:18Z",
        "uri": "https://web.archive.org/web/20231024021618/http://thebusinesspress.news.blog/2023/10/24/escalating-tensions-on-the-lebanon-israel-border-hezbollahs-role-in-the-recent-clashes/"
      }
    ],
    "first": {
      "datetime": "2023-10-24T02:16:18Z",
      "uri": "https://web.archive.org/web/20231024021618/http://thebusinesspress.news.blog/2023/10/24/escalating-tensions-on-the-lebanon-israel-border-hezbollahs-role-in-the-recent-clashes/"
    },
    "last": {
      "datetime": "2023-10-24T02:16:18Z",
      "uri": "https://web.archive.org/web/20231024021618/http://thebusinesspress.news.blog/2023/10/24/escalating-tensions-on-the-lebanon-israel-border-hezbollahs-role-in-the-recent-clashes/"
    }
  },
  "timemap_uri": {
    "link_format": "http://localhost:1208/timemap/link/https://thebusinesspress.news.blog/2023/10/24/escalating-tensions-on-the-lebanon-israel-border-hezbollahs-role-in-the-recent-clashes/",
    "json_format": "http://localhost:1208/timemap/json/https://thebusinesspress.news.blog/2023/10/24/escalating-tensions-on-the-lebanon-israel-border-hezbollahs-role-in-the-recent-clashes/",
    "cdxj_format": "http://localhost:1208/timemap/cdxj/https://thebusinesspress.news.blog/2023/10/24/escalating-tensions-on-the-lebanon-israel-border-hezbollahs-role-in-the-recent-clashes/"
  },
  "timegate_uri": "http://localhost:1208/timegate/https://thebusinesspress.news.blog/2023/10/24/escalating-tensions-on-the-lebanon-israel-border-hezbollahs-role-in-the-recent-clashes/"
}
