{
  "original_uri": "https://nypost.com/2023/09/29/aoc-spars-with-elon-musk-on-x-after-mogul-mocked-her-as-not-that-smart/",
  "self": "http://localhost:1208/timemap/json/https://nypost.com/2023/09/29/aoc-spars-with-elon-musk-on-x-after-mogul-mocked-her-as-not-that-smart/",
  "mementos": {
    "list": [
      {
        "datetime": "2023-09-30T01:18:54Z",
        "uri": "https://web.archive.org/web/20230930011854/https://nypost.com/2023/09/29/aoc-spars-with-elon-musk-on-x-after-mogul-mocked-her-as-not-that-smart/"
      },
      {
        "datetime": "2023-09-30T02:28:26Z",
        "uri": "https://web.archive.org/web/20230930022826/https://nypost.com/2023/09/29/aoc-spars-with-elon-musk-on-x-after-mogul-mocked-her-as-not-that-smart/"
      },
      {
        "datetime": "2023-09-30T03:34:16Z",
        "uri": "https://web.archive.org/web/20230930033416/https://nypost.com/2023/09/29/aoc-spars-with-elon-musk-on-x-after-mogul-mocked-her-as-not-that-smart/"
      },
      {
        "datetime": "2023-09-30T07:24:11Z",
        "uri": "https://web.archive.org/web/20230930072411/https://nypost.com/2023/09/29/aoc-spars-with-elon-musk-on-x-after-mogul-mocked-her-as-not-that-smart/"
      },
      {
        "datetime": "2023-09-30T07:26:31Z",
        "uri": "https://web.archive.org/web/20230930072631/https://nypost.com/2023/09/29/aoc-spars-with-elon-musk-on-x-after-mogul-mocked-her-as-not-that-smart/"
      },
      {
        "datetime": "2023-10-03T08:25:33Z",
        "uri": "https://web.archive.org/web/20231003082533/https://nypost.com/2023/09/29/aoc-spars-with-elon-musk-on-x-after-mogul-mocked-her-as-not-that-smart/"
      },
      {
        "datetime": "2023-10-07T00:10:15Z",
        "uri": "https://web.archive.org/web/20231007001015/https://nypost.com/2023/09/29/aoc-spars-with-elon-musk-on-x-after-mogul-mocked-her-as-not-that-smart/"
      },
      {
        "datetime": "2023-10-07T08:52:48Z",
        "uri": "https://web.archive.org/web/20231007085248/https://nypost.com/2023/09/29/aoc-spars-with-elon-musk-on-x-after-mogul-mocked-her-as-not-that-smart/"
      },
      {
        "datetime": "2023-10-16T07:10:47Z",
        "uri": "https://web.archive.org/web/20231016071047/https://nypost.com/2023/09/29/aoc-spars-with-elon-musk-on-x-after-mogul-mocked-her-as-not-that-smart/"
      }
    ],
    "first": {
      "datetime": "2023-09-30T01:18:54Z",
      "uri": "https://web.archive.org/web/20230930011854/https://nypost.com/2023/09/29/aoc-spars-with-elon-musk-on-x-after-mogul-mocked-her-as-not-that-smart/"
    },
    "last": {
      "datetime": "2023-10-16T07:10:47Z",
      "uri": "https://web.archive.org/web/20231016071047/https://nypost.com/2023/09/29/aoc-spars-with-elon-musk-on-x-after-mogul-mocked-her-as-not-that-smart/"
    }
  },
  "timemap_uri": {
    "link_format": "http://localhost:1208/timemap/link/https://nypost.com/2023/09/29/aoc-spars-with-elon-musk-on-x-after-mogul-mocked-her-as-not-that-smart/",
    "json_format": "http://localhost:1208/timemap/json/https://nypost.com/2023/09/29/aoc-spars-with-elon-musk-on-x-after-mogul-mocked-her-as-not-that-smart/",
    "cdxj_format": "http://localhost:1208/timemap/cdxj/https://nypost.com/2023/09/29/aoc-spars-with-elon-musk-on-x-after-mogul-mocked-her-as-not-that-smart/"
  },
  "timegate_uri": "http://localhost:1208/timegate/https://nypost.com/2023/09/29/aoc-spars-with-elon-musk-on-x-after-mogul-mocked-her-as-not-that-smart/"
}
