{
  "original_uri": "https://www.indiatoday.in/diu/story/delhi-mumbai-compare-air-pollution-changes-construction-2452838-2023-10-23?utm_source=rss",
  "self": "http://localhost:1208/timemap/json/https://www.indiatoday.in/diu/story/delhi-mumbai-compare-air-pollution-changes-construction-2452838-2023-10-23?utm_source=rss",
  "mementos": {
    "list": [
      {
        "datetime": "2023-10-25T01:47:27Z",
        "uri": "https://web.archive.org/web/20231025014727/https://www.indiatoday.in/diu/story/delhi-mumbai-compare-air-pollution-changes-construction-2452838-2023-10-23?utm_source=rss"
      },
      {
        "datetime": "2023-10-25T02:57:18Z",
        "uri": "https://web.archive.org/web/20231025025718/https://www.indiatoday.in/diu/story/delhi-mumbai-compare-air-pollution-changes-construction-2452838-2023-10-23?utm_source=rss"
      },
      {
        "datetime": "2023-10-25T04:02:44Z",
        "uri": "https://web.archive.org/web/20231025040244/https://www.indiatoday.in/diu/story/delhi-mumbai-compare-air-pollution-changes-construction-2452838-2023-10-23?utm_source=rss"
      },
      {
        "datetime": "2023-10-25T11:39:31Z",
        "uri": "https://web.archive.org/web/20231025113931/https://www.indiatoday.in/diu/story/delhi-mumbai-compare-air-pollution-changes-construction-2452838-2023-10-23?utm_source=rss"
      },
      {
        "datetime": "2023-10-25T17:54:05Z",
        "uri": "https://web.archive.org/web/20231025175405/https://www.indiatoday.in/diu/story/delhi-mumbai-compare-air-pollution-changes-construction-2452838-2023-10-23?utm_source=rss"
      }
    ],
    "first": {
      "datetime": "2023-10-25T01:47:27Z",
      "uri": "https://web.archive.org/web/20231025014727/https://www.indiatoday.in/diu/story/delhi-mumbai-compare-air-pollution-changes-construction-2452838-2023-10-23?utm_source=rss"
    },
    "last": {
      "datetime": "2023-10-25T17:54:05Z",
      "uri": "https://web.archive.org/web/20231025175405/https://www.indiatoday.in/diu/story/delhi-mumbai-compare-air-pollution-changes-construction-2452838-2023-10-23?utm_source=rss"
    }
  },
  "timemap_uri": {
    "link_format": "http://localhost:1208/timemap/link/https://www.indiatoday.in/diu/story/delhi-mumbai-compare-air-pollution-changes-construction-2452838-2023-10-23?utm_source=rss",
    "json_format": "http://localhost:1208/timemap/json/https://www.indiatoday.in/diu/story/delhi-mumbai-compare-air-pollution-changes-construction-2452838-2023-10-23?utm_source=rss",
    "cdxj_format": "http://localhost:1208/timemap/cdxj/https://www.indiatoday.in/diu/story/delhi-mumbai-compare-air-pollution-changes-construction-2452838-2023-10-23?utm_source=rss"
  },
  "timegate_uri": "http://localhost:1208/timegate/https://www.indiatoday.in/diu/story/delhi-mumbai-compare-air-pollution-changes-construction-2452838-2023-10-23?utm_source=rss"
}
