{
  "original_uri": "https://www.himalmag.com/punjab-general-elections-military-pakistan-muslim-league-nawaz-shehbaz-sharif/",
  "self": "http://localhost:1208/timemap/json/https://www.himalmag.com/punjab-general-elections-military-pakistan-muslim-league-nawaz-shehbaz-sharif/",
  "mementos": {
    "list": [
      {
        "datetime": "2023-10-22T03:33:16Z",
        "uri": "https://web.archive.org/web/20231022033316/https://www.himalmag.com/punjab-general-elections-military-pakistan-muslim-league-nawaz-shehbaz-sharif/"
      },
      {
        "datetime": "2023-10-22T05:40:56Z",
        "uri": "https://web.archive.org/web/20231022054056/https://www.himalmag.com/punjab-general-elections-military-pakistan-muslim-league-nawaz-shehbaz-sharif/"
      },
      {
        "datetime": "2023-10-22T17:11:46Z",
        "uri": "https://web.archive.org/web/20231022171146/https://www.himalmag.com/punjab-general-elections-military-pakistan-muslim-league-nawaz-shehbaz-sharif/"
      },
      {
        "datetime": "2023-10-22T17:34:41Z",
        "uri": "https://web.archive.org/web/20231022173441/https://www.himalmag.com/punjab-general-elections-military-pakistan-muslim-league-nawaz-shehbaz-sharif/"
      },
      {
        "datetime": "2023-10-24T00:13:48Z",
        "uri": "https://web.archive.org/web/20231024001348/https://www.himalmag.com/punjab-general-elections-military-pakistan-muslim-league-nawaz-shehbaz-sharif/"
      },
      {
        "datetime": "2023-10-24T14:43:42Z",
        "uri": "https://web.archive.org/web/20231024144342/https://www.himalmag.com/punjab-general-elections-military-pakistan-muslim-league-nawaz-shehbaz-sharif/"
      },
      {
        "datetime": "2023-10-24T17:10:47Z",
        "uri": "https://web.archive.org/web/20231024171047/https://www.himalmag.com/punjab-general-elections-military-pakistan-muslim-league-nawaz-shehbaz-sharif/"
      }
    ],
    "first": {
      "datetime": "2023-10-22T03:33:16Z",
      "uri": "https://web.archive.org/web/20231022033316/https://www.himalmag.com/punjab-general-elections-military-pakistan-muslim-league-nawaz-shehbaz-sharif/"
    },
    "last": {
      "datetime": "2023-10-24T17:10:47Z",
      "uri": "https://web.archive.org/web/20231024171047/https://www.himalmag.com/punjab-general-elections-military-pakistan-muslim-league-nawaz-shehbaz-sharif/"
    }
  },
  "timemap_uri": {
    "link_format": "http://localhost:1208/timemap/link/https://www.himalmag.com/punjab-general-elections-military-pakistan-muslim-league-nawaz-shehbaz-sharif/",
    "json_format": "http://localhost:1208/timemap/json/https://www.himalmag.com/punjab-general-elections-military-pakistan-muslim-league-nawaz-shehbaz-sharif/",
    "cdxj_format": "http://localhost:1208/timemap/cdxj/https://www.himalmag.com/punjab-general-elections-military-pakistan-muslim-league-nawaz-shehbaz-sharif/"
  },
  "timegate_uri": "http://localhost:1208/timegate/https://www.himalmag.com/punjab-general-elections-military-pakistan-muslim-league-nawaz-shehbaz-sharif/"
}
