{
  "original_uri": "https://www.rawstory.com/trump-election-case-pre-trial-motions/",
  "self": "http://localhost:1208/timemap/json/https://www.rawstory.com/trump-election-case-pre-trial-motions/",
  "mementos": {
    "list": [
      {
        "datetime": "2023-10-24T06:37:43Z",
        "uri": "https://web.archive.org/web/20231024063743/https://www.rawstory.com/trump-election-case-pre-trial-motions/"
      },
      {
        "datetime": "2023-10-25T01:17:55Z",
        "uri": "https://web.archive.org/web/20231025011755/https://www.rawstory.com/trump-election-case-pre-trial-motions/"
      },
      {
        "datetime": "2023-10-25T02:22:21Z",
        "uri": "https://web.archive.org/web/20231025022221/https://www.rawstory.com/trump-election-case-pre-trial-motions/"
      },
      {
        "datetime": "2023-10-25T03:30:49Z",
        "uri": "https://web.archive.org/web/20231025033049/https://www.rawstory.com/trump-election-case-pre-trial-motions/"
      },
      {
        "datetime": "2023-10-25T05:46:00Z",
        "uri": "https://web.archive.org/web/20231025054600/https://www.rawstory.com/trump-election-case-pre-trial-motions/"
      },
      {
        "datetime": "2023-10-25T08:16:09Z",
        "uri": "https://web.archive.org/web/20231025081609/https://www.rawstory.com/trump-election-case-pre-trial-motions/"
      },
      {
        "datetime": "2023-10-25T08:18:40Z",
        "uri": "https://web.archive.org/web/20231025081840/https://www.rawstory.com/trump-election-case-pre-trial-motions/"
      },
      {
        "datetime": "2023-10-25T12:59:13Z",
        "uri": "https://web.archive.org/web/20231025125913/https://www.rawstory.com/trump-election-case-pre-trial-motions/"
      },
      {
        "datetime": "2023-10-25T16:14:09Z",
        "uri": "https://web.archive.org/web/20231025161409/https://www.rawstory.com/trump-election-case-pre-trial-motions/"
      }
    ],
    "first": {
      "datetime": "2023-10-24T06:37:43Z",
      "uri": "https://web.archive.org/web/20231024063743/https://www.rawstory.com/trump-election-case-pre-trial-motions/"
    },
    "last": {
      "datetime": "2023-10-25T16:14:09Z",
      "uri": "https://web.archive.org/web/20231025161409/https://www.rawstory.com/trump-election-case-pre-trial-motions/"
    }
  },
  "timemap_uri": {
    "link_format": "http://localhost:1208/timemap/link/https://www.rawstory.com/trump-election-case-pre-trial-motions/",
    "json_format": "http://localhost:1208/timemap/json/https://www.rawstory.com/trump-election-case-pre-trial-motions/",
    "cdxj_format": "http://localhost:1208/timemap/cdxj/https://www.rawstory.com/trump-election-case-pre-trial-motions/"
  },
  "timegate_uri": "http://localhost:1208/timegate/https://www.rawstory.com/trump-election-case-pre-trial-motions/"
}
