{
  "original_uri": "http://www.solarischem.com/",
  "self": "http://localhost:1208/timemap/json/http://www.solarischem.com/",
  "mementos": {
    "list": [
      {
        "datetime": "2012-03-15T17:46:53Z",
        "uri": "https://web.archive.org/web/20120315174653/http://www.solarischem.com:80/"
      },
      {
        "datetime": "2012-04-15T04:15:40Z",
        "uri": "https://web.archive.org/web/20120415041540/http://www.solarischem.com:80/"
      },
      {
        "datetime": "2012-04-19T17:24:21Z",
        "uri": "https://web.archive.org/web/20120419172421/http://www.solarischem.com:80/?"
      },
      {
        "datetime": "2012-05-16T22:18:59Z",
        "uri": "https://web.archive.org/web/20120516221859/http://www.solarischem.com:80/"
      },
      {
        "datetime": "2012-05-20T09:56:50Z",
        "uri": "https://web.archive.org/web/20120520095650/http://www.solarischem.com:80/?"
      },
      {
        "datetime": "2012-06-20T00:56:48Z",
        "uri": "https://web.archive.org/web/20120620005648/http://www.solarischem.com:80/?"
      },
      {
        "datetime": "2012-07-21T04:54:39Z",
        "uri": "https://web.archive.org/web/20120721045439/http://www.solarischem.com:80/?"
      },
      {
        "datetime": "2013-03-22T02:21:54Z",
        "uri": "https://web.archive.org/web/20130322022154/http://www.solarischem.com:80/?"
      },
      {
        "datetime": "2013-07-17T21:56:15Z",
        "uri": "https://web.archive.org/web/20130717215615/http://solarischem.com/"
      },
      {
        "datetime": "2013-12-23T15:01:32Z",
        "uri": "https://web.archive.org/web/20131223150132/http://solarischem.com/"
      },
      {
        "datetime": "2014-12-18T08:31:00Z",
        "uri": "https://web.archive.org/web/20141218083100/http://solarischem.com/"
      },
      {
        "datetime": "2015-11-24T03:02:24Z",
        "uri": "https://web.archive.org/web/20151124030224/http://solarischem.com/"
      },
      {
        "datetime": "2016-01-10T00:27:19Z",
        "uri": "https://web.archive.org/web/20160110002719/http://solarischem.com/"
      },
      {
        "datetime": "2016-03-07T18:19:38Z",
        "uri": "https://web.archive.org/web/20160307181938/http://solarischem.com/"
      },
      {
        "datetime": "2016-10-08T01:30:42Z",
        "uri": "https://web.archive.org/web/20161008013042/http://solarischem.com/"
      },
      {
        "datetime": "2017-04-26T22:15:19Z",
        "uri": "https://web.archive.org/web/20170426221519/http://www.solarischem.com:80/"
      },
      {
        "datetime": "2017-05-08T04:21:32Z",
        "uri": "https://web.archive.org/web/20170508042132/http://www.solarischem.com:80/?"
      },
      {
        "datetime": "2017-05-28T23:15:03Z",
        "uri": "https://web.archive.org/web/20170528231503/http://www.solarischem.com:80/"
      },
      {
        "datetime": "2017-06-08T23:08:07Z",
        "uri": "https://web.archive.org/web/20170608230807/http://www.solarischem.com:80/?"
      },
      {
        "datetime": "2017-06-26T11:46:35Z",
        "uri": "https://web.archive.org/web/20170626114635/http://solarischem.com/"
      },
      {
        "datetime": "2017-07-28T23:54:40Z",
        "uri": "https://web.archive.org/web/20170728235440/http://www.solarischem.com:80/?"
      },
      {
        "datetime": "2017-08-29T08:01:31Z",
        "uri": "https://web.archive.org/web/20170829080131/http://www.solarischem.com:80/?"
      },
      {
        "datetime": "2017-09-28T19:17:34Z",
        "uri": "https://web.archive.org/web/20170928191734/http://www.solarischem.com:80/?"
      },
      {
        "datetime": "2017-10-01T02:40:40Z",
        "uri": "https://web.archive.org/web/20171001024040/http://solarischem.com/"
      },
      {
        "datetime": "2017-10-29T16:36:02Z",
        "uri": "https://web.archive.org/web/20171029163602/http://www.solarischem.com:80/?"
      },
      {
        "datetime": "2017-11-29T06:31:33Z",
        "uri": "https://web.archive.org/web/20171129063133/http://www.solarischem.com:80/?"
      },
      {
        "datetime": "2017-12-07T03:13:57Z",
        "uri": "https://web.archive.org/web/20171207031357/http://solarischem.com:80/"
      },
      {
        "datetime": "2017-12-30T07:10:47Z",
        "uri": "https://web.archive.org/web/20171230071047/http://www.solarischem.com:80/?"
      },
      {
        "datetime": "2018-01-07T17:23:17Z",
        "uri": "https://web.archive.org/web/20180107172317/http://solarischem.com:80/"
      },
      {
        "datetime": "2018-01-29T19:13:16Z",
        "uri": "https://web.archive.org/web/20180129191316/http://www.solarischem.com:80/?"
      },
      {
        "datetime": "2018-02-07T20:22:49Z",
        "uri": "https://web.archive.org/web/20180207202249/http://solarischem.com:80/"
      },
      {
        "datetime": "2018-03-02T00:06:19Z",
        "uri": "https://web.archive.org/web/20180302000619/http://www.solarischem.com:80/?"
      },
      {
        "datetime": "2018-03-11T00:13:59Z",
        "uri": "https://web.archive.org/web/20180311001359/http://solarischem.com:80/"
      },
      {
        "datetime": "2018-03-14T05:16:44Z",
        "uri": "https://web.archive.org/web/20180314051644/http://solarischem.com/"
      },
      {
        "datetime": "2018-04-02T02:27:39Z",
        "uri": "https://web.archive.org/web/20180402022739/http://www.solarischem.com:80/?"
      },
      {
        "datetime": "2018-04-10T18:58:16Z",
        "uri": "https://web.archive.org/web/20180410185816/http://solarischem.com:80/"
      },
      {
        "datetime": "2018-05-03T22:57:06Z",
        "uri": "https://web.archive.org/web/20180503225706/http://www.solarischem.com:80/?"
      },
      {
        "datetime": "2018-05-11T21:05:50Z",
        "uri": "https://web.archive.org/web/20180511210550/http://solarischem.com:80/"
      },
      {
        "datetime": "2018-05-12T08:50:11Z",
        "uri": "https://web.archive.org/web/20180512085011/http://solarischem.com:80/"
      },
      {
        "datetime": "2018-06-04T16:55:56Z",
        "uri": "https://web.archive.org/web/20180604165556/http://www.solarischem.com:80/?"
      },
      {
        "datetime": "2018-06-12T07:47:48Z",
        "uri": "https://web.archive.org/web/20180612074748/http://solarischem.com:80/"
      },
      {
        "datetime": "2018-06-29T14:51:11Z",
        "uri": "https://web.archive.org/web/20180629145111/http://www.solarischem.com:80/"
      },
      {
        "datetime": "2018-07-05T20:47:47Z",
        "uri": "https://web.archive.org/web/20180705204747/http://www.solarischem.com:80/?"
      },
      {
        "datetime": "2018-07-13T08:22:34Z",
        "uri": "https://web.archive.org/web/20180713082234/http://solarischem.com:80/"
      },
      {
        "datetime": "2018-07-31T03:09:02Z",
        "uri": "https://web.archive.org/web/20180731030902/http://www.solarischem.com:80/"
      },
      {
        "datetime": "2018-08-05T21:33:44Z",
        "uri": "https://web.archive.org/web/20180805213344/http://solarischem.com/"
      },
      {
        "datetime": "2018-08-13T11:22:31Z",
        "uri": "https://web.archive.org/web/20180813112231/http://solarischem.com:80/"
      },
      {
        "datetime": "2018-08-31T21:33:56Z",
        "uri": "https://web.archive.org/web/20180831213356/http://www.solarischem.com:80/"
      },
      {
        "datetime": "2018-09-13T02:55:34Z",
        "uri": "https://web.archive.org/web/20180913025534/http://solarischem.com:80/"
      },
      {
        "datetime": "2018-10-01T09:42:33Z",
        "uri": "https://web.archive.org/web/20181001094233/http://www.solarischem.com:80/"
      },
      {
        "datetime": "2018-10-13T22:50:34Z",
        "uri": "https://web.archive.org/web/20181013225034/http://solarischem.com:80/"
      },
      {
        "datetime": "2018-11-02T03:48:23Z",
        "uri": "https://web.archive.org/web/20181102034823/http://www.solarischem.com:80/"
      },
      {
        "datetime": "2018-11-10T09:45:12Z",
        "uri": "https://web.archive.org/web/20181110094512/http://solarischem.com/"
      },
      {
        "datetime": "2018-11-14T09:00:41Z",
        "uri": "https://web.archive.org/web/20181114090041/http://solarischem.com:80/"
      },
      {
        "datetime": "2018-12-03T00:28:50Z",
        "uri": "https://web.archive.org/web/20181203002850/http://www.solarischem.com:80/"
      },
      {
        "datetime": "2018-12-15T10:59:50Z",
        "uri": "https://web.archive.org/web/20181215105950/http://solarischem.com:80/"
      },
      {
        "datetime": "2019-01-02T15:18:03Z",
        "uri": "https://web.archive.org/web/20190102151803/http://www.solarischem.com:80/"
      },
      {
        "datetime": "2019-01-15T09:53:57Z",
        "uri": "https://web.archive.org/web/20190115095357/http://solarischem.com:80/"
      },
      {
        "datetime": "2019-02-02T08:48:09Z",
        "uri": "https://web.archive.org/web/20190202084809/http://www.solarischem.com:80/"
      },
      {
        "datetime": "2019-02-16T03:09:17Z",
        "uri": "https://web.archive.org/web/20190216030917/http://solarischem.com:80/"
      },
      {
        "datetime": "2019-03-05T17:23:07Z",
        "uri": "https://web.archive.org/web/20190305172307/http://www.solarischem.com:80/"
      },
      {
        "datetime": "2019-03-18T23:39:15Z",
        "uri": "https://web.archive.org/web/20190318233915/http://solarischem.com:80/"
      },
      {
        "datetime": "2019-04-05T15:08:10Z",
        "uri": "https://web.archive.org/web/20190405150810/http://www.solarischem.com:80/"
      },
      {
        "datetime": "2019-04-18T23:35:20Z",
        "uri": "https://web.archive.org/web/20190418233520/http://solarischem.com:80/"
      },
      {
        "datetime": "2019-05-06T20:51:22Z",
        "uri": "https://web.archive.org/web/20190506205122/http://www.solarischem.com:80/"
      },
      {
        "datetime": "2019-05-20T00:34:02Z",
        "uri": "https://web.archive.org/web/20190520003402/http://solarischem.com:80/"
      },
      {
        "datetime": "2019-05-23T10:43:01Z",
        "uri": "https://web.archive.org/web/20190523104301/http://solarischem.com/"
      },
      {
        "datetime": "2019-06-07T01:45:04Z",
        "uri": "https://web.archive.org/web/20190607014504/http://www.solarischem.com:80/"
      },
      {
        "datetime": "2019-06-21T04:18:22Z",
        "uri": "https://web.archive.org/web/20190621041822/http://solarischem.com:80/"
      },
      {
        "datetime": "2019-07-08T13:12:14Z",
        "uri": "https://web.archive.org/web/20190708131214/http://www.solarischem.com:80/"
      },
      {
        "datetime": "2019-07-22T01:34:18Z",
        "uri": "https://web.archive.org/web/20190722013418/http://solarischem.com:80/"
      },
      {
        "datetime": "2019-08-07T20:40:32Z",
        "uri": "https://web.archive.org/web/20190807204032/http://www.solarischem.com:80/"
      },
      {
        "datetime": "2019-08-21T18:42:06Z",
        "uri": "https://web.archive.org/web/20190821184206/http://solarischem.com:80/"
      },
      {
        "datetime": "2019-09-07T13:14:54Z",
        "uri": "https://web.archive.org/web/20190907131454/http://www.solarischem.com:80/"
      },
      {
        "datetime": "2019-09-22T03:50:49Z",
        "uri": "https://web.archive.org/web/20190922035049/http://solarischem.com:80/"
      },
      {
        "datetime": "2019-10-20T15:11:20Z",
        "uri": "https://web.archive.org/web/20191020151120/http://solarischem.com:80/"
      },
      {
        "datetime": "2019-11-20T01:29:21Z",
        "uri": "https://web.archive.org/web/20191120012921/http://solarischem.com:80/"
      },
      {
        "datetime": "2019-12-20T04:11:33Z",
        "uri": "https://web.archive.org/web/20191220041133/http://solarischem.com:80/"
      },
      {
        "datetime": "2020-01-19T12:04:39Z",
        "uri": "https://web.archive.org/web/20200119120439/http://solarischem.com:80/"
      },
      {
        "datetime": "2020-02-18T15:13:06Z",
        "uri": "https://web.archive.org/web/20200218151306/http://solarischem.com:80/"
      },
      {
        "datetime": "2020-06-04T08:44:12Z",
        "uri": "https://web.archive.org/web/20200604084412/https://www.solarischem.com/"
      },
      {
        "datetime": "2020-08-04T08:17:31Z",
        "uri": "https://web.archive.org/web/20200804081731/https://www.solarischem.com/"
      },
      {
        "datetime": "2020-08-10T21:20:43Z",
        "uri": "https://web.archive.org/web/20200810212043/https://www.solarischem.com/"
      },
      {
        "datetime": "2020-08-10T21:43:03Z",
        "uri": "https://web.archive.org/web/20200810214303/https://solarischem.com/"
      },
      {
        "datetime": "2020-09-24T11:31:11Z",
        "uri": "https://web.archive.org/web/20200924113111/https://www.solarischem.com/"
      },
      {
        "datetime": "2020-10-03T13:32:19Z",
        "uri": "https://web.archive.org/web/20201003133219/http://www.solarischem.com/"
      },
      {
        "datetime": "2020-10-19T15:43:17Z",
        "uri": "https://web.archive.org/web/20201019154317/https://www.solarischem.com/"
      },
      {
        "datetime": "2020-11-01T00:27:48Z",
        "uri": "https://web.archive.org/web/20201101002748/https://solarischem.com/"
      },
      {
        "datetime": "2020-11-01T00:27:48Z",
        "uri": "https://web.archive.org/web/20201101002748/http://solarischem.com/"
      },
      {
        "datetime": "2020-11-01T03:03:39Z",
        "uri": "https://web.archive.org/web/20201101030339/https://solarischem.com/"
      },
      {
        "datetime": "2020-11-01T03:03:39Z",
        "uri": "https://web.archive.org/web/20201101030339/http://solarischem.com/"
      },
      {
        "datetime": "2020-11-01T03:43:47Z",
        "uri": "https://web.archive.org/web/20201101034347/https://www.solarischem.com/"
      },
      {
        "datetime": "2020-11-01T03:43:47Z",
        "uri": "https://web.archive.org/web/20201101034347/http://www.solarischem.com/"
      },
      {
        "datetime": "2020-11-09T08:00:18Z",
        "uri": "https://web.archive.org/web/20201109080018/https://www.solarischem.com/"
      },
      {
        "datetime": "2020-11-26T15:14:36Z",
        "uri": "https://web.archive.org/web/20201126151436/https://www.solarischem.com/"
      },
      {
        "datetime": "2021-01-19T20:55:24Z",
        "uri": "https://web.archive.org/web/20210119205524/https://www.solarischem.com/"
      },
      {
        "datetime": "2021-01-20T10:04:30Z",
        "uri": "https://web.archive.org/web/20210120100430/https://www.solarischem.com/"
      },
      {
        "datetime": "2021-02-08T09:43:06Z",
        "uri": "https://web.archive.org/web/20210208094306/https://solarischem.com/"
      },
      {
        "datetime": "2021-02-10T13:17:23Z",
        "uri": "https://web.archive.org/web/20210210131723/https://solarischem.com/"
      },
      {
        "datetime": "2021-02-13T02:46:27Z",
        "uri": "https://web.archive.org/web/20210213024627/https://solarischem.com/"
      },
      {
        "datetime": "2021-03-05T13:21:48Z",
        "uri": "https://web.archive.org/web/20210305132148/https://solarischem.com/"
      },
      {
        "datetime": "2021-04-10T18:48:28Z",
        "uri": "https://web.archive.org/web/20210410184828/https://solarischem.com/"
      },
      {
        "datetime": "2021-06-25T13:32:57Z",
        "uri": "https://web.archive.org/web/20210625133257/https://solarischem.com/"
      },
      {
        "datetime": "2021-06-25T13:32:57Z",
        "uri": "https://web.archive.org/web/20210625133257/https://solarischem.com/"
      },
      {
        "datetime": "2021-08-02T09:27:18Z",
        "uri": "https://web.archive.org/web/20210802092718/https://solarischem.com/"
      },
      {
        "datetime": "2021-09-17T12:12:33Z",
        "uri": "https://arquivo.pt/wayback/20210917121233mp_/http://www.solarischem.com/"
      },
      {
        "datetime": "2021-09-22T08:40:38Z",
        "uri": "https://web.archive.org/web/20210922084038/https://solarischem.com/"
      },
      {
        "datetime": "2021-09-26T13:01:32Z",
        "uri": "https://arquivo.pt/wayback/20210926130132mp_/https://solarischem.com/"
      },
      {
        "datetime": "2021-09-27T19:53:09Z",
        "uri": "https://web.archive.org/web/20210927195309/https://solarischem.com"
      },
      {
        "datetime": "2021-10-17T22:08:19Z",
        "uri": "https://web.archive.org/web/20211017220819/https://solarischem.com/"
      },
      {
        "datetime": "2021-10-17T22:35:01Z",
        "uri": "https://web.archive.org/web/20211017223501/https://solarischem.com"
      },
      {
        "datetime": "2021-10-20T19:58:56Z",
        "uri": "https://web.archive.org/web/20211020195856/https://solarischem.com"
      },
      {
        "datetime": "2021-11-27T17:27:17Z",
        "uri": "https://web.archive.org/web/20211127172717/https://solarischem.com/"
      },
      {
        "datetime": "2021-11-27T17:49:39Z",
        "uri": "https://web.archive.org/web/20211127174939/https://solarischem.com"
      },
      {
        "datetime": "2022-01-21T14:51:05Z",
        "uri": "https://web.archive.org/web/20220121145105/https://solarischem.com"
      },
      {
        "datetime": "2022-02-01T11:52:50Z",
        "uri": "https://web.archive.org/web/20220201115250/https://solarischem.com/"
      },
      {
        "datetime": "2022-03-15T08:19:46Z",
        "uri": "https://web.archive.org/web/20220315081946/https://solarischem.com/"
      },
      {
        "datetime": "2022-04-04T00:02:16Z",
        "uri": "https://web.archive.org/web/20220404000216/https://solarischem.com/"
      },
      {
        "datetime": "2022-04-19T07:45:31Z",
        "uri": "https://web.archive.org/web/20220419074531/https://solarischem.com/"
      },
      {
        "datetime": "2022-05-27T19:23:26Z",
        "uri": "https://web.archive.org/web/20220527192326/https://solarischem.com"
      },
      {
        "datetime": "2022-07-02T23:55:34Z",
        "uri": "https://web.archive.org/web/20220702235534/https://solarischem.com"
      },
      {
        "datetime": "2022-07-20T07:29:10Z",
        "uri": "https://web.archive.org/web/20220720072910/https://solarischem.com/"
      },
      {
        "datetime": "2022-08-13T15:07:19Z",
        "uri": "https://web.archive.org/web/20220813150719/https://solarischem.com/"
      },
      {
        "datetime": "2022-08-13T15:49:15Z",
        "uri": "https://web.archive.org/web/20220813154915/https://solarischem.com"
      },
      {
        "datetime": "2022-09-13T06:36:49Z",
        "uri": "https://web.archive.org/web/20220913063649/https://solarischem.com/"
      },
      {
        "datetime": "2022-09-30T06:57:41Z",
        "uri": "https://web.archive.org/web/20220930065741/https://solarischem.com"
      },
      {
        "datetime": "2022-10-04T23:50:45Z",
        "uri": "https://web.archive.org/web/20221004235045/https://solarischem.com/"
      },
      {
        "datetime": "2022-10-13T09:35:24Z",
        "uri": "https://web.archive.org/web/20221013093524/https://solarischem.com/"
      },
      {
        "datetime": "2022-11-10T06:49:45Z",
        "uri": "https://web.archive.org/web/20221110064945/https://solarischem.com/"
      },
      {
        "datetime": "2022-11-25T02:35:57Z",
        "uri": "https://web.archive.org/web/20221125023557/https://solarischem.com/"
      },
      {
        "datetime": "2022-12-01T03:00:49Z",
        "uri": "https://web.archive.org/web/20221201030049/https://solarischem.com"
      },
      {
        "datetime": "2022-12-28T08:46:21Z",
        "uri": "https://web.archive.org/web/20221228084621/https://solarischem.com/"
      },
      {
        "datetime": "2023-01-02T08:42:42Z",
        "uri": "https://web.archive.org/web/20230102084242/https://solarischem.com/"
      },
      {
        "datetime": "2023-01-28T20:08:05Z",
        "uri": "https://web.archive.org/web/20230128200805/https://solarischem.com/"
      },
      {
        "datetime": "2023-01-28T20:30:31Z",
        "uri": "https://web.archive.org/web/20230128203031/https://solarischem.com"
      },
      {
        "datetime": "2023-02-05T17:25:32Z",
        "uri": "https://web.archive.org/web/20230205172532/https://www.solarischem.com/"
      },
      {
        "datetime": "2023-02-10T07:55:32Z",
        "uri": "https://web.archive.org/web/20230210075532/https://solarischem.com/"
      },
      {
        "datetime": "2023-03-19T07:42:49Z",
        "uri": "https://web.archive.org/web/20230319074249/https://solarischem.com/"
      },
      {
        "datetime": "2023-03-20T15:36:31Z",
        "uri": "https://web.archive.org/web/20230320153631/http://solarischem.com/"
      },
      {
        "datetime": "2023-03-27T16:56:16Z",
        "uri": "https://web.archive.org/web/20230327165616/https://solarischem.com/"
      },
      {
        "datetime": "2023-04-08T04:29:02Z",
        "uri": "https://web.archive.org/web/20230408042902/https://solarischem.com/"
      },
      {
        "datetime": "2023-05-08T20:38:07Z",
        "uri": "https://web.archive.org/web/20230508203807/https://solarischem.com/"
      },
      {
        "datetime": "2023-05-28T06:26:57Z",
        "uri": "https://web.archive.org/web/20230528062657/https://solarischem.com/"
      },
      {
        "datetime": "2023-06-14T08:46:24Z",
        "uri": "https://web.archive.org/web/20230614084624/https://solarischem.com/"
      },
      {
        "datetime": "2023-08-25T05:56:31Z",
        "uri": "https://web.archive.org/web/20230825055631/http://www.solarischem.com/"
      },
      {
        "datetime": "2023-08-25T05:56:55Z",
        "uri": "https://web.archive.org/web/20230825055655/https://solarischem.com/"
      }
    ],
    "first": {
      "datetime": "2012-03-15T17:46:53Z",
      "uri": "https://web.archive.org/web/20120315174653/http://www.solarischem.com:80/"
    },
    "last": {
      "datetime": "2023-08-25T05:56:55Z",
      "uri": "https://web.archive.org/web/20230825055655/https://solarischem.com/"
    }
  },
  "timemap_uri": {
    "link_format": "http://localhost:1208/timemap/link/http://www.solarischem.com/",
    "json_format": "http://localhost:1208/timemap/json/http://www.solarischem.com/",
    "cdxj_format": "http://localhost:1208/timemap/cdxj/http://www.solarischem.com/"
  },
  "timegate_uri": "http://localhost:1208/timegate/http://www.solarischem.com/"
}
