{
  "original_uri": "https://secure.actblue.com/donate/aec-2023-eoy",
  "self": "http://localhost:1208/timemap/json/https://secure.actblue.com/donate/aec-2023-eoy",
  "mementos": {
    "list": [
      {
        "datetime": "2023-03-19T18:04:28Z",
        "uri": "https://web.archive.org/web/20230319180428/https://secure.actblue.com/donate/aec-2023-eoy"
      }
    ],
    "first": {
      "datetime": "2023-03-19T18:04:28Z",
      "uri": "https://web.archive.org/web/20230319180428/https://secure.actblue.com/donate/aec-2023-eoy"
    },
    "last": {
      "datetime": "2023-03-19T18:04:28Z",
      "uri": "https://web.archive.org/web/20230319180428/https://secure.actblue.com/donate/aec-2023-eoy"
    }
  },
  "timemap_uri": {
    "link_format": "http://localhost:1208/timemap/link/https://secure.actblue.com/donate/aec-2023-eoy",
    "json_format": "http://localhost:1208/timemap/json/https://secure.actblue.com/donate/aec-2023-eoy",
    "cdxj_format": "http://localhost:1208/timemap/cdxj/https://secure.actblue.com/donate/aec-2023-eoy"
  },
  "timegate_uri": "http://localhost:1208/timegate/https://secure.actblue.com/donate/aec-2023-eoy"
}
