{
  "original_uri": "https://www.meine-moehren.de/rezepte/halloween/rezept-halloween/detail/moehren-kuerbis-suppe",
  "self": "http://localhost:1208/timemap/json/https://www.meine-moehren.de/rezepte/halloween/rezept-halloween/detail/moehren-kuerbis-suppe",
  "mementos": {
    "list": [
      {
        "datetime": "2020-10-27T11:33:04Z",
        "uri": "https://web.archive.org/web/20201027113304/https://www.meine-moehren.de/rezepte/halloween/rezept-halloween/detail/moehren-kuerbis-suppe"
      },
      {
        "datetime": "2021-01-20T12:29:52Z",
        "uri": "https://web.archive.org/web/20210120122952/https://www.meine-moehren.de/rezepte/halloween/rezept-halloween/detail/moehren-kuerbis-suppe"
      },
      {
        "datetime": "2021-04-22T19:46:22Z",
        "uri": "https://web.archive.org/web/20210422194622/https://www.meine-moehren.de/rezepte/halloween/rezept-halloween/detail/moehren-kuerbis-suppe"
      },
      {
        "datetime": "2021-10-20T05:52:43Z",
        "uri": "https://web.archive.org/web/20211020055243/https://www.meine-moehren.de/rezepte/halloween/rezept-halloween/detail/moehren-kuerbis-suppe"
      },
      {
        "datetime": "2021-10-20T06:24:35Z",
        "uri": "https://web.archive.org/web/20211020062435/https://www.meine-moehren.de/rezepte/halloween/rezept-halloween/detail/moehren-kuerbis-suppe"
      },
      {
        "datetime": "2022-08-16T12:33:38Z",
        "uri": "https://web.archive.org/web/20220816123338/https://www.meine-moehren.de/rezepte/halloween/rezept-halloween/detail/moehren-kuerbis-suppe"
      },
      {
        "datetime": "2022-10-21T16:31:59Z",
        "uri": "https://web.archive.org/web/20221021163159/https://www.meine-moehren.de/rezepte/halloween/rezept-halloween/detail/moehren-kuerbis-suppe"
      }
    ],
    "first": {
      "datetime": "2020-10-27T11:33:04Z",
      "uri": "https://web.archive.org/web/20201027113304/https://www.meine-moehren.de/rezepte/halloween/rezept-halloween/detail/moehren-kuerbis-suppe"
    },
    "last": {
      "datetime": "2022-10-21T16:31:59Z",
      "uri": "https://web.archive.org/web/20221021163159/https://www.meine-moehren.de/rezepte/halloween/rezept-halloween/detail/moehren-kuerbis-suppe"
    }
  },
  "timemap_uri": {
    "link_format": "http://localhost:1208/timemap/link/https://www.meine-moehren.de/rezepte/halloween/rezept-halloween/detail/moehren-kuerbis-suppe",
    "json_format": "http://localhost:1208/timemap/json/https://www.meine-moehren.de/rezepte/halloween/rezept-halloween/detail/moehren-kuerbis-suppe",
    "cdxj_format": "http://localhost:1208/timemap/cdxj/https://www.meine-moehren.de/rezepte/halloween/rezept-halloween/detail/moehren-kuerbis-suppe"
  },
  "timegate_uri": "http://localhost:1208/timegate/https://www.meine-moehren.de/rezepte/halloween/rezept-halloween/detail/moehren-kuerbis-suppe"
}
