{
  "original_uri": "https://fortune.com/2023/10/19/tesla-earnings-third-quarter-poor-elon-musk-car-manufacturer-not-tech-firm/",
  "self": "http://localhost:1208/timemap/json/https://fortune.com/2023/10/19/tesla-earnings-third-quarter-poor-elon-musk-car-manufacturer-not-tech-firm/",
  "mementos": {
    "list": [
      {
        "datetime": "2023-10-19T20:23:44Z",
        "uri": "http://archive.md/20231019202344/https://fortune.com/2023/10/19/tesla-earnings-third-quarter-poor-elon-musk-car-manufacturer-not-tech-firm/"
      },
      {
        "datetime": "2023-10-19T21:16:59Z",
        "uri": "https://web.archive.org/web/20231019211659/https://fortune.com/2023/10/19/tesla-earnings-third-quarter-poor-elon-musk-car-manufacturer-not-tech-firm/"
      },
      {
        "datetime": "2023-10-19T23:44:11Z",
        "uri": "https://web.archive.org/web/20231019234411/https://fortune.com/2023/10/19/tesla-earnings-third-quarter-poor-elon-musk-car-manufacturer-not-tech-firm/"
      },
      {
        "datetime": "2023-10-20T01:43:38Z",
        "uri": "https://web.archive.org/web/20231020014338/https://fortune.com/2023/10/19/tesla-earnings-third-quarter-poor-elon-musk-car-manufacturer-not-tech-firm"
      },
      {
        "datetime": "2023-10-20T02:30:46Z",
        "uri": "https://web.archive.org/web/20231020023046/https://fortune.com/2023/10/19/tesla-earnings-third-quarter-poor-elon-musk-car-manufacturer-not-tech-firm/"
      },
      {
        "datetime": "2023-10-20T03:37:27Z",
        "uri": "https://web.archive.org/web/20231020033727/https://fortune.com/2023/10/19/tesla-earnings-third-quarter-poor-elon-musk-car-manufacturer-not-tech-firm/"
      },
      {
        "datetime": "2023-10-20T04:46:09Z",
        "uri": "https://web.archive.org/web/20231020044609/https://fortune.com/2023/10/19/tesla-earnings-third-quarter-poor-elon-musk-car-manufacturer-not-tech-firm/"
      },
      {
        "datetime": "2023-10-20T05:53:45Z",
        "uri": "https://web.archive.org/web/20231020055345/https://fortune.com/2023/10/19/tesla-earnings-third-quarter-poor-elon-musk-car-manufacturer-not-tech-firm/"
      },
      {
        "datetime": "2023-10-20T07:48:14Z",
        "uri": "https://web.archive.org/web/20231020074814/https://fortune.com/2023/10/19/tesla-earnings-third-quarter-poor-elon-musk-car-manufacturer-not-tech-firm/"
      },
      {
        "datetime": "2023-10-20T09:40:59Z",
        "uri": "https://web.archive.org/web/20231020094059/https://fortune.com/2023/10/19/tesla-earnings-third-quarter-poor-elon-musk-car-manufacturer-not-tech-firm/"
      },
      {
        "datetime": "2023-10-20T10:53:38Z",
        "uri": "https://web.archive.org/web/20231020105338/https://fortune.com/2023/10/19/tesla-earnings-third-quarter-poor-elon-musk-car-manufacturer-not-tech-firm/"
      },
      {
        "datetime": "2023-10-20T11:21:41Z",
        "uri": "https://web.archive.org/web/20231020112141/https://fortune.com/2023/10/19/tesla-earnings-third-quarter-poor-elon-musk-car-manufacturer-not-tech-firm/"
      },
      {
        "datetime": "2023-10-20T11:27:22Z",
        "uri": "https://web.archive.org/web/20231020112722/https://fortune.com/2023/10/19/tesla-earnings-third-quarter-poor-elon-musk-car-manufacturer-not-tech-firm/"
      },
      {
        "datetime": "2023-10-20T15:51:23Z",
        "uri": "https://web.archive.org/web/20231020155123/https://fortune.com/2023/10/19/tesla-earnings-third-quarter-poor-elon-musk-car-manufacturer-not-tech-firm/"
      },
      {
        "datetime": "2023-10-20T18:54:42Z",
        "uri": "https://web.archive.org/web/20231020185442/https://fortune.com/2023/10/19/tesla-earnings-third-quarter-poor-elon-musk-car-manufacturer-not-tech-firm/"
      },
      {
        "datetime": "2023-10-21T01:54:46Z",
        "uri": "https://web.archive.org/web/20231021015446/https://fortune.com/2023/10/19/tesla-earnings-third-quarter-poor-elon-musk-car-manufacturer-not-tech-firm/"
      },
      {
        "datetime": "2023-10-21T03:57:16Z",
        "uri": "https://web.archive.org/web/20231021035716/https://fortune.com/2023/10/19/tesla-earnings-third-quarter-poor-elon-musk-car-manufacturer-not-tech-firm/"
      },
      {
        "datetime": "2023-10-21T06:19:55Z",
        "uri": "https://web.archive.org/web/20231021061955/https://fortune.com/2023/10/19/tesla-earnings-third-quarter-poor-elon-musk-car-manufacturer-not-tech-firm/"
      },
      {
        "datetime": "2023-10-21T07:29:26Z",
        "uri": "https://web.archive.org/web/20231021072926/https://fortune.com/2023/10/19/tesla-earnings-third-quarter-poor-elon-musk-car-manufacturer-not-tech-firm/"
      },
      {
        "datetime": "2023-10-22T20:22:34Z",
        "uri": "https://web.archive.org/web/20231022202234/https://fortune.com/2023/10/19/tesla-earnings-third-quarter-poor-elon-musk-car-manufacturer-not-tech-firm/"
      },
      {
        "datetime": "2023-10-23T04:59:31Z",
        "uri": "https://web.archive.org/web/20231023045931/https://fortune.com/2023/10/19/tesla-earnings-third-quarter-poor-elon-musk-car-manufacturer-not-tech-firm/"
      },
      {
        "datetime": "2023-10-23T11:54:39Z",
        "uri": "https://web.archive.org/web/20231023115439/https://fortune.com/2023/10/19/tesla-earnings-third-quarter-poor-elon-musk-car-manufacturer-not-tech-firm/"
      },
      {
        "datetime": "2023-10-23T17:07:02Z",
        "uri": "https://web.archive.org/web/20231023170702/https://fortune.com/2023/10/19/tesla-earnings-third-quarter-poor-elon-musk-car-manufacturer-not-tech-firm/"
      },
      {
        "datetime": "2023-10-23T22:32:09Z",
        "uri": "https://web.archive.org/web/20231023223209/https://fortune.com/2023/10/19/tesla-earnings-third-quarter-poor-elon-musk-car-manufacturer-not-tech-firm/"
      },
      {
        "datetime": "2023-10-24T14:08:06Z",
        "uri": "https://web.archive.org/web/20231024140806/https://fortune.com/2023/10/19/tesla-earnings-third-quarter-poor-elon-musk-car-manufacturer-not-tech-firm/"
      },
      {
        "datetime": "2023-10-25T01:12:49Z",
        "uri": "https://web.archive.org/web/20231025011249/https://fortune.com/2023/10/19/tesla-earnings-third-quarter-poor-elon-musk-car-manufacturer-not-tech-firm/"
      },
      {
        "datetime": "2023-10-26T04:28:51Z",
        "uri": "https://web.archive.org/web/20231026042851/https://fortune.com/2023/10/19/tesla-earnings-third-quarter-poor-elon-musk-car-manufacturer-not-tech-firm/"
      }
    ],
    "first": {
      "datetime": "2023-10-19T20:23:44Z",
      "uri": "http://archive.md/20231019202344/https://fortune.com/2023/10/19/tesla-earnings-third-quarter-poor-elon-musk-car-manufacturer-not-tech-firm/"
    },
    "last": {
      "datetime": "2023-10-26T04:28:51Z",
      "uri": "https://web.archive.org/web/20231026042851/https://fortune.com/2023/10/19/tesla-earnings-third-quarter-poor-elon-musk-car-manufacturer-not-tech-firm/"
    }
  },
  "timemap_uri": {
    "link_format": "http://localhost:1208/timemap/link/https://fortune.com/2023/10/19/tesla-earnings-third-quarter-poor-elon-musk-car-manufacturer-not-tech-firm/",
    "json_format": "http://localhost:1208/timemap/json/https://fortune.com/2023/10/19/tesla-earnings-third-quarter-poor-elon-musk-car-manufacturer-not-tech-firm/",
    "cdxj_format": "http://localhost:1208/timemap/cdxj/https://fortune.com/2023/10/19/tesla-earnings-third-quarter-poor-elon-musk-car-manufacturer-not-tech-firm/"
  },
  "timegate_uri": "http://localhost:1208/timegate/https://fortune.com/2023/10/19/tesla-earnings-third-quarter-poor-elon-musk-car-manufacturer-not-tech-firm/"
}
