{
  "original_uri": "https://halaspaws.com/",
  "self": "http://localhost:1208/timemap/json/https://halaspaws.com/",
  "mementos": {
    "list": [
      {
        "datetime": "2011-06-07T16:17:04Z",
        "uri": "https://web.archive.org/web/20110607161704/http://www.halaspaws.com:80/"
      },
      {
        "datetime": "2011-07-11T15:50:26Z",
        "uri": "https://web.archive.org/web/20110711155026/http://halaspaws.com:80/"
      },
      {
        "datetime": "2011-08-11T16:05:56Z",
        "uri": "https://web.archive.org/web/20110811160556/http://halaspaws.com:80/"
      },
      {
        "datetime": "2011-09-01T23:32:09Z",
        "uri": "https://web.archive.org/web/20110901233209/http://halaspaws.com:80/"
      },
      {
        "datetime": "2011-09-24T03:00:18Z",
        "uri": "https://web.archive.org/web/20110924030018/http://halaspaws.com:80/"
      },
      {
        "datetime": "2011-10-07T05:24:13Z",
        "uri": "https://web.archive.org/web/20111007052413/http://halaspaws.com/"
      },
      {
        "datetime": "2011-10-15T20:28:58Z",
        "uri": "https://web.archive.org/web/20111015202858/http://halaspaws.com/"
      },
      {
        "datetime": "2011-10-18T05:30:27Z",
        "uri": "https://web.archive.org/web/20111018053027/http://halaspaws.com:80/"
      },
      {
        "datetime": "2011-11-11T01:13:10Z",
        "uri": "https://web.archive.org/web/20111111011310/http://halaspaws.com:80/"
      },
      {
        "datetime": "2011-12-11T16:41:50Z",
        "uri": "https://web.archive.org/web/20111211164150/http://halaspaws.com:80/"
      },
      {
        "datetime": "2012-01-21T09:04:27Z",
        "uri": "https://web.archive.org/web/20120121090427/http://halaspaws.com:80/"
      },
      {
        "datetime": "2012-02-21T13:50:42Z",
        "uri": "https://web.archive.org/web/20120221135042/http://www.halaspaws.com:80/"
      },
      {
        "datetime": "2012-03-29T18:02:21Z",
        "uri": "https://web.archive.org/web/20120329180221/http://www.halaspaws.com:80/"
      },
      {
        "datetime": "2012-04-29T19:54:31Z",
        "uri": "https://web.archive.org/web/20120429195431/http://www.halaspaws.com:80/"
      },
      {
        "datetime": "2012-06-17T20:17:27Z",
        "uri": "https://web.archive.org/web/20120617201727/http://www.halaspaws.com:80/"
      },
      {
        "datetime": "2012-12-13T13:10:20Z",
        "uri": "https://web.archive.org/web/20121213131020/http://halaspaws.com:80/"
      },
      {
        "datetime": "2013-04-03T12:12:40Z",
        "uri": "https://web.archive.org/web/20130403121240/http://www.halaspaws.com/"
      },
      {
        "datetime": "2013-06-04T05:43:01Z",
        "uri": "https://web.archive.org/web/20130604054301/http://halaspaws.com/"
      },
      {
        "datetime": "2014-01-02T03:03:32Z",
        "uri": "https://web.archive.org/web/20140102030332/http://halaspaws.com/"
      },
      {
        "datetime": "2014-05-17T09:21:08Z",
        "uri": "https://web.archive.org/web/20140517092108/http://halaspaws.com/"
      },
      {
        "datetime": "2014-12-17T05:11:43Z",
        "uri": "https://web.archive.org/web/20141217051143/http://halaspaws.com/"
      },
      {
        "datetime": "2015-02-14T04:19:16Z",
        "uri": "https://web.archive.org/web/20150214041916/http://halaspaws.com:80/"
      },
      {
        "datetime": "2015-03-21T07:01:17Z",
        "uri": "https://web.archive.org/web/20150321070117/http://halaspaws.com:80/"
      },
      {
        "datetime": "2015-04-23T03:38:15Z",
        "uri": "https://web.archive.org/web/20150423033815/http://halaspaws.com:80/"
      },
      {
        "datetime": "2015-05-26T04:40:08Z",
        "uri": "https://web.archive.org/web/20150526044008/http://halaspaws.com:80/"
      },
      {
        "datetime": "2015-08-01T13:12:50Z",
        "uri": "https://web.archive.org/web/20150801131250/http://halaspaws.com/"
      },
      {
        "datetime": "2015-10-15T10:53:07Z",
        "uri": "https://web.archive.org/web/20151015105307/http://halaspaws.com/"
      },
      {
        "datetime": "2016-01-09T18:22:41Z",
        "uri": "https://web.archive.org/web/20160109182241/http://halaspaws.com/"
      },
      {
        "datetime": "2016-01-14T03:24:54Z",
        "uri": "https://web.archive.org/web/20160114032454/http://www.halaspaws.com/"
      },
      {
        "datetime": "2016-03-05T00:26:38Z",
        "uri": "https://web.archive.org/web/20160305002638/http://halaspaws.com/"
      },
      {
        "datetime": "2016-03-15T19:04:02Z",
        "uri": "https://web.archive.org/web/20160315190402/http://www.halaspaws.com/"
      },
      {
        "datetime": "2016-09-11T22:18:29Z",
        "uri": "https://web.archive.org/web/20160911221829/http://www.halaspaws.com:80/"
      },
      {
        "datetime": "2016-10-01T19:04:17Z",
        "uri": "https://web.archive.org/web/20161001190417/http://halaspaws.com/"
      },
      {
        "datetime": "2016-10-11T05:15:36Z",
        "uri": "https://web.archive.org/web/20161011051536/http://www.halaspaws.com/"
      },
      {
        "datetime": "2016-10-13T12:11:12Z",
        "uri": "https://web.archive.org/web/20161013121112/http://www.halaspaws.com:80/"
      },
      {
        "datetime": "2016-11-16T18:19:14Z",
        "uri": "https://web.archive.org/web/20161116181914/http://www.halaspaws.com:80/"
      },
      {
        "datetime": "2017-04-20T20:07:07Z",
        "uri": "https://web.archive.org/web/20170420200707/http://www.halaspaws.com:80/"
      },
      {
        "datetime": "2017-05-16T12:52:10Z",
        "uri": "https://web.archive.org/web/20170516125210/http://halaspaws.com/"
      },
      {
        "datetime": "2017-05-23T15:02:48Z",
        "uri": "https://web.archive.org/web/20170523150248/http://www.halaspaws.com:80/"
      },
      {
        "datetime": "2017-06-23T13:03:55Z",
        "uri": "https://web.archive.org/web/20170623130355/http://www.halaspaws.com:80/"
      },
      {
        "datetime": "2017-07-09T11:51:30Z",
        "uri": "https://web.archive.org/web/20170709115130/http://www.halaspaws.com/"
      },
      {
        "datetime": "2017-07-24T14:25:42Z",
        "uri": "https://web.archive.org/web/20170724142542/http://www.halaspaws.com:80/"
      },
      {
        "datetime": "2017-08-26T17:54:28Z",
        "uri": "https://web.archive.org/web/20170826175428/http://www.halaspaws.com:80/"
      },
      {
        "datetime": "2017-09-13T00:23:50Z",
        "uri": "https://web.archive.org/web/20170913002350/http://halaspaws.com/"
      },
      {
        "datetime": "2017-09-29T04:53:47Z",
        "uri": "https://web.archive.org/web/20170929045347/http://www.halaspaws.com:80/"
      },
      {
        "datetime": "2017-10-01T03:46:54Z",
        "uri": "https://web.archive.org/web/20171001034654/http://www.halaspaws.com/"
      },
      {
        "datetime": "2017-10-30T10:33:52Z",
        "uri": "https://web.archive.org/web/20171030103352/http://www.halaspaws.com:80/"
      },
      {
        "datetime": "2017-12-01T11:30:58Z",
        "uri": "https://web.archive.org/web/20171201113058/http://www.halaspaws.com:80/"
      },
      {
        "datetime": "2017-12-05T09:01:45Z",
        "uri": "https://web.archive.org/web/20171205090145/http://halaspaws.com/"
      },
      {
        "datetime": "2017-12-05T13:57:26Z",
        "uri": "https://web.archive.org/web/20171205135726/http://www.halaspaws.com/"
      },
      {
        "datetime": "2018-01-02T07:55:17Z",
        "uri": "https://web.archive.org/web/20180102075517/http://www.halaspaws.com/"
      },
      {
        "datetime": "2018-01-05T21:50:33Z",
        "uri": "https://web.archive.org/web/20180105215033/http://www.halaspaws.com:80/"
      },
      {
        "datetime": "2018-01-08T14:46:26Z",
        "uri": "https://web.archive.org/web/20180108144626/http://www.halaspaws.com/"
      },
      {
        "datetime": "2018-02-06T18:29:07Z",
        "uri": "https://web.archive.org/web/20180206182907/http://www.halaspaws.com:80/"
      },
      {
        "datetime": "2018-02-14T22:34:57Z",
        "uri": "https://web.archive.org/web/20180214223457/http://halaspaws.com/"
      },
      {
        "datetime": "2018-03-11T14:25:46Z",
        "uri": "https://web.archive.org/web/20180311142546/http://www.halaspaws.com:80/"
      },
      {
        "datetime": "2018-03-14T21:15:42Z",
        "uri": "https://web.archive.org/web/20180314211542/http://halaspaws.com/"
      },
      {
        "datetime": "2018-04-12T03:20:35Z",
        "uri": "https://web.archive.org/web/20180412032035/http://www.halaspaws.com:80/"
      },
      {
        "datetime": "2018-04-12T12:00:33Z",
        "uri": "https://web.archive.org/web/20180412120033/http://www.halaspaws.com/"
      },
      {
        "datetime": "2018-04-13T01:53:27Z",
        "uri": "https://web.archive.org/web/20180413015327/http://www.halaspaws.com/"
      },
      {
        "datetime": "2018-05-13T08:50:22Z",
        "uri": "https://web.archive.org/web/20180513085022/http://www.halaspaws.com:80/"
      },
      {
        "datetime": "2018-06-16T00:52:32Z",
        "uri": "https://web.archive.org/web/20180616005232/http://www.halaspaws.com:80/"
      },
      {
        "datetime": "2018-07-17T14:34:57Z",
        "uri": "https://web.archive.org/web/20180717143457/http://www.halaspaws.com:80/"
      },
      {
        "datetime": "2018-07-18T20:59:22Z",
        "uri": "https://web.archive.org/web/20180718205922/http://www.halaspaws.com:80/"
      },
      {
        "datetime": "2018-08-05T05:17:34Z",
        "uri": "https://web.archive.org/web/20180805051734/http://halaspaws.com/"
      },
      {
        "datetime": "2018-08-19T05:48:00Z",
        "uri": "https://web.archive.org/web/20180819054800/http://www.halaspaws.com/"
      },
      {
        "datetime": "2018-08-19T17:06:51Z",
        "uri": "https://web.archive.org/web/20180819170651/http://www.halaspaws.com:80/"
      },
      {
        "datetime": "2018-09-19T22:14:28Z",
        "uri": "https://web.archive.org/web/20180919221428/http://www.halaspaws.com:80/"
      },
      {
        "datetime": "2018-10-21T05:09:44Z",
        "uri": "https://web.archive.org/web/20181021050944/http://www.halaspaws.com:80/"
      },
      {
        "datetime": "2018-11-22T09:43:05Z",
        "uri": "https://web.archive.org/web/20181122094305/http://www.halaspaws.com:80/"
      },
      {
        "datetime": "2018-12-25T16:04:38Z",
        "uri": "https://web.archive.org/web/20181225160438/http://www.halaspaws.com:80/"
      },
      {
        "datetime": "2018-12-28T10:03:19Z",
        "uri": "https://web.archive.org/web/20181228100319/http://halaspaws.com/"
      },
      {
        "datetime": "2019-01-16T07:49:15Z",
        "uri": "https://web.archive.org/web/20190116074915/http://www.halaspaws.com/"
      },
      {
        "datetime": "2019-01-26T01:31:44Z",
        "uri": "https://web.archive.org/web/20190126013144/http://www.halaspaws.com:80/"
      },
      {
        "datetime": "2019-01-30T21:58:07Z",
        "uri": "https://web.archive.org/web/20190130215807/https://www.halaspaws.com/"
      },
      {
        "datetime": "2019-02-27T15:53:11Z",
        "uri": "https://web.archive.org/web/20190227155311/http://www.halaspaws.com:80/"
      },
      {
        "datetime": "2019-04-01T00:52:22Z",
        "uri": "https://web.archive.org/web/20190401005222/http://www.halaspaws.com:80/"
      },
      {
        "datetime": "2019-05-02T03:41:07Z",
        "uri": "https://web.archive.org/web/20190502034107/http://www.halaspaws.com:80/"
      },
      {
        "datetime": "2019-05-28T18:39:44Z",
        "uri": "https://web.archive.org/web/20190528183944/http://halaspaws.com/"
      },
      {
        "datetime": "2019-06-04T20:51:29Z",
        "uri": "https://web.archive.org/web/20190604205129/http://www.halaspaws.com:80/"
      },
      {
        "datetime": "2019-06-05T23:43:21Z",
        "uri": "https://web.archive.org/web/20190605234321/http://www.halaspaws.com:80/"
      },
      {
        "datetime": "2019-07-07T16:40:48Z",
        "uri": "https://web.archive.org/web/20190707164048/http://www.halaspaws.com:80/"
      },
      {
        "datetime": "2019-07-08T19:50:58Z",
        "uri": "https://web.archive.org/web/20190708195058/http://www.halaspaws.com:80/"
      },
      {
        "datetime": "2019-07-20T12:08:15Z",
        "uri": "https://web.archive.org/web/20190720120815/http://halaspaws.com:80/"
      },
      {
        "datetime": "2019-08-10T20:18:36Z",
        "uri": "https://web.archive.org/web/20190810201836/http://www.halaspaws.com:80/"
      },
      {
        "datetime": "2020-10-31T06:09:39Z",
        "uri": "https://web.archive.org/web/20201031060939/https://halaspaws.com/"
      },
      {
        "datetime": "2020-10-31T06:09:39Z",
        "uri": "https://web.archive.org/web/20201031060939/http://www.halaspaws.com/"
      },
      {
        "datetime": "2020-11-01T05:11:41Z",
        "uri": "https://web.archive.org/web/20201101051141/http://www.halaspaws.com/"
      },
      {
        "datetime": "2020-11-01T05:11:43Z",
        "uri": "https://web.archive.org/web/20201101051143/https://halaspaws.com/"
      },
      {
        "datetime": "2021-03-04T02:18:55Z",
        "uri": "https://web.archive.org/web/20210304021855/http://halaspaws.com/"
      },
      {
        "datetime": "2021-03-04T02:18:56Z",
        "uri": "https://web.archive.org/web/20210304021856/https://halaspaws.com/"
      },
      {
        "datetime": "2021-05-10T23:12:43Z",
        "uri": "https://web.archive.org/web/20210510231243/https://halaspaws.com/"
      },
      {
        "datetime": "2021-05-11T09:25:34Z",
        "uri": "https://web.archive.org/web/20210511092534/https://halaspaws.com/"
      },
      {
        "datetime": "2021-06-19T01:08:20Z",
        "uri": "https://web.archive.org/web/20210619010820/https://halaspaws.com/"
      },
      {
        "datetime": "2021-06-19T01:08:20Z",
        "uri": "https://web.archive.org/web/20210619010820/https://halaspaws.com/"
      },
      {
        "datetime": "2021-07-30T11:42:20Z",
        "uri": "https://web.archive.org/web/20210730114220/https://halaspaws.com/"
      },
      {
        "datetime": "2021-09-27T20:29:13Z",
        "uri": "https://web.archive.org/web/20210927202913/https://halaspaws.com/"
      },
      {
        "datetime": "2021-10-28T03:08:40Z",
        "uri": "https://web.archive.org/web/20211028030840/https://halaspaws.com/"
      },
      {
        "datetime": "2021-11-30T22:25:39Z",
        "uri": "https://web.archive.org/web/20211130222539/https://halaspaws.com/"
      },
      {
        "datetime": "2021-12-06T17:20:44Z",
        "uri": "https://web.archive.org/web/20211206172044/http://halaspaws.com/"
      },
      {
        "datetime": "2022-01-28T07:18:50Z",
        "uri": "https://arquivo.pt/wayback/20220128071850mp_/https://halaspaws.com/"
      },
      {
        "datetime": "2022-01-28T09:51:53Z",
        "uri": "https://web.archive.org/web/20220128095153/https://halaspaws.com/"
      },
      {
        "datetime": "2022-01-31T04:20:52Z",
        "uri": "https://web.archive.org/web/20220131042052/https://halaspaws.com/"
      },
      {
        "datetime": "2022-02-01T03:10:36Z",
        "uri": "https://web.archive.org/web/20220201031036/https://halaspaws.com/"
      },
      {
        "datetime": "2022-02-08T01:16:51Z",
        "uri": "https://web.archive.org/web/20220208011651/https://halaspaws.com/"
      },
      {
        "datetime": "2022-03-09T06:03:13Z",
        "uri": "https://web.archive.org/web/20220309060313/https://halaspaws.com/"
      },
      {
        "datetime": "2022-03-13T13:19:07Z",
        "uri": "https://web.archive.org/web/20220313131907/https://halaspaws.com/"
      },
      {
        "datetime": "2022-04-29T01:43:58Z",
        "uri": "https://arquivo.pt/wayback/20220429014358mp_/https://halaspaws.com/"
      },
      {
        "datetime": "2022-05-24T10:13:35Z",
        "uri": "https://web.archive.org/web/20220524101335/https://halaspaws.com/"
      },
      {
        "datetime": "2022-07-03T16:56:50Z",
        "uri": "https://web.archive.org/web/20220703165650/https://halaspaws.com/"
      },
      {
        "datetime": "2022-07-06T08:02:55Z",
        "uri": "https://web.archive.org/web/20220706080255/https://halaspaws.com/"
      },
      {
        "datetime": "2022-08-09T02:44:59Z",
        "uri": "https://web.archive.org/web/20220809024459/https://halaspaws.com/"
      },
      {
        "datetime": "2022-10-07T16:58:39Z",
        "uri": "https://web.archive.org/web/20221007165839/https://halaspaws.com/"
      },
      {
        "datetime": "2022-11-26T13:47:20Z",
        "uri": "https://web.archive.org/web/20221126134720/https://halaspaws.com/"
      },
      {
        "datetime": "2022-11-28T03:03:51Z",
        "uri": "https://web.archive.org/web/20221128030351/https://halaspaws.com/"
      },
      {
        "datetime": "2023-02-02T02:41:50Z",
        "uri": "https://web.archive.org/web/20230202024150/https://halaspaws.com/"
      },
      {
        "datetime": "2023-03-06T18:17:17Z",
        "uri": "https://web.archive.org/web/20230306181717/http://halaspaws.com/"
      },
      {
        "datetime": "2023-03-06T22:17:16Z",
        "uri": "https://web.archive.org/web/20230306221716/http://www.halaspaws.com/"
      },
      {
        "datetime": "2023-03-06T22:17:17Z",
        "uri": "https://web.archive.org/web/20230306221717/https://halaspaws.com/"
      },
      {
        "datetime": "2023-03-06T22:44:07Z",
        "uri": "https://web.archive.org/web/20230306224407/https://halaspaws.com/"
      },
      {
        "datetime": "2023-03-11T11:38:35Z",
        "uri": "https://web.archive.org/web/20230311113835/https://halaspaws.com/"
      },
      {
        "datetime": "2023-03-11T12:44:24Z",
        "uri": "https://web.archive.org/web/20230311124424/https://halaspaws.com/"
      },
      {
        "datetime": "2023-03-29T04:39:27Z",
        "uri": "https://web.archive.org/web/20230329043927/https://halaspaws.com/"
      },
      {
        "datetime": "2023-04-12T01:27:08Z",
        "uri": "https://web.archive.org/web/20230412012708/https://halaspaws.com/"
      },
      {
        "datetime": "2023-04-12T01:31:34Z",
        "uri": "https://web.archive.org/web/20230412013134/http://halaspaws.com/"
      },
      {
        "datetime": "2023-05-02T00:33:37Z",
        "uri": "https://web.archive.org/web/20230502003337/http://www.halaspaws.com/"
      },
      {
        "datetime": "2023-06-04T18:32:22Z",
        "uri": "https://web.archive.org/web/20230604183222/https://halaspaws.com/"
      },
      {
        "datetime": "2023-06-08T22:20:15Z",
        "uri": "https://web.archive.org/web/20230608222015/https://halaspaws.com/"
      },
      {
        "datetime": "2023-07-05T20:30:27Z",
        "uri": "https://web.archive.org/web/20230705203027/https://halaspaws.com/"
      }
    ],
    "first": {
      "datetime": "2011-06-07T16:17:04Z",
      "uri": "https://web.archive.org/web/20110607161704/http://www.halaspaws.com:80/"
    },
    "last": {
      "datetime": "2023-07-05T20:30:27Z",
      "uri": "https://web.archive.org/web/20230705203027/https://halaspaws.com/"
    }
  },
  "timemap_uri": {
    "link_format": "http://localhost:1208/timemap/link/https://halaspaws.com/",
    "json_format": "http://localhost:1208/timemap/json/https://halaspaws.com/",
    "cdxj_format": "http://localhost:1208/timemap/cdxj/https://halaspaws.com/"
  },
  "timegate_uri": "http://localhost:1208/timegate/https://halaspaws.com/"
}
