{
  "original_uri": "https://map.lion.co.jp/",
  "self": "http://localhost:1208/timemap/json/https://map.lion.co.jp/",
  "mementos": {
    "list": [
      {
        "datetime": "2021-03-01T18:26:39Z",
        "uri": "https://web.archive.org/web/20210301182639/https://map.lion.co.jp/"
      },
      {
        "datetime": "2021-05-01T11:44:47Z",
        "uri": "https://web.archive.org/web/20210501114447/https://map.lion.co.jp/"
      },
      {
        "datetime": "2021-05-07T06:05:38Z",
        "uri": "https://web.archive.org/web/20210507060538/https://map.lion.co.jp/"
      },
      {
        "datetime": "2021-05-26T23:06:11Z",
        "uri": "https://web.archive.org/web/20210526230611/https://map.lion.co.jp/"
      },
      {
        "datetime": "2021-07-26T18:38:20Z",
        "uri": "https://web.archive.org/web/20210726183820/https://map.lion.co.jp/"
      },
      {
        "datetime": "2021-10-27T13:59:29Z",
        "uri": "https://web.archive.org/web/20211027135929/https://map.lion.co.jp/"
      },
      {
        "datetime": "2021-10-28T16:29:21Z",
        "uri": "https://web.archive.org/web/20211028162921/https://map.lion.co.jp/"
      },
      {
        "datetime": "2021-11-05T19:29:11Z",
        "uri": "https://web.archive.org/web/20211105192911/https://map.lion.co.jp/"
      },
      {
        "datetime": "2021-12-01T23:42:57Z",
        "uri": "https://web.archive.org/web/20211201234257/https://map.lion.co.jp/"
      },
      {
        "datetime": "2022-01-20T00:58:54Z",
        "uri": "https://web.archive.org/web/20220120005854/https://map.lion.co.jp/"
      },
      {
        "datetime": "2022-03-13T13:54:21Z",
        "uri": "https://web.archive.org/web/20220313135421/https://map.lion.co.jp/"
      },
      {
        "datetime": "2022-03-27T23:50:32Z",
        "uri": "https://web.archive.org/web/20220327235032/https://map.lion.co.jp/"
      },
      {
        "datetime": "2022-05-20T12:49:11Z",
        "uri": "https://web.archive.org/web/20220520124911/https://map.lion.co.jp/"
      },
      {
        "datetime": "2022-07-01T22:05:48Z",
        "uri": "https://web.archive.org/web/20220701220548/https://map.lion.co.jp/"
      },
      {
        "datetime": "2022-08-18T18:54:48Z",
        "uri": "https://web.archive.org/web/20220818185448/https://map.lion.co.jp/"
      },
      {
        "datetime": "2022-10-05T17:08:03Z",
        "uri": "https://web.archive.org/web/20221005170803/https://map.lion.co.jp/"
      },
      {
        "datetime": "2022-10-11T04:32:27Z",
        "uri": "https://web.archive.org/web/20221011043227/https://map.lion.co.jp/"
      },
      {
        "datetime": "2022-10-11T04:35:46Z",
        "uri": "https://web.archive.org/web/20221011043546/https://map.lion.co.jp/"
      },
      {
        "datetime": "2022-12-11T04:07:11Z",
        "uri": "https://web.archive.org/web/20221211040711/https://map.lion.co.jp/"
      },
      {
        "datetime": "2022-12-19T17:11:16Z",
        "uri": "https://web.archive.org/web/20221219171116/http://map.lion.co.jp/"
      },
      {
        "datetime": "2023-01-17T08:33:28Z",
        "uri": "https://web.archive.org/web/20230117083328/https://map.lion.co.jp/"
      },
      {
        "datetime": "2023-03-24T00:55:07Z",
        "uri": "https://web.archive.org/web/20230324005507/https://map.lion.co.jp/"
      },
      {
        "datetime": "2023-03-31T15:02:12Z",
        "uri": "https://web.archive.org/web/20230331150212/https://map.lion.co.jp/"
      },
      {
        "datetime": "2023-04-06T12:55:38Z",
        "uri": "https://web.archive.org/web/20230406125538/https://map.lion.co.jp/"
      },
      {
        "datetime": "2023-05-17T18:49:24Z",
        "uri": "https://web.archive.org/web/20230517184924/https://map.lion.co.jp/"
      },
      {
        "datetime": "2023-06-05T17:41:29Z",
        "uri": "https://web.archive.org/web/20230605174129/https://map.lion.co.jp/"
      }
    ],
    "first": {
      "datetime": "2021-03-01T18:26:39Z",
      "uri": "https://web.archive.org/web/20210301182639/https://map.lion.co.jp/"
    },
    "last": {
      "datetime": "2023-06-05T17:41:29Z",
      "uri": "https://web.archive.org/web/20230605174129/https://map.lion.co.jp/"
    }
  },
  "timemap_uri": {
    "link_format": "http://localhost:1208/timemap/link/https://map.lion.co.jp/",
    "json_format": "http://localhost:1208/timemap/json/https://map.lion.co.jp/",
    "cdxj_format": "http://localhost:1208/timemap/cdxj/https://map.lion.co.jp/"
  },
  "timegate_uri": "http://localhost:1208/timegate/https://map.lion.co.jp/"
}
