{
  "original_uri": "https://www.dailyecho.co.uk/news/23873357.p-o-cruises-cunard-use-elon-musk-satellites-boost-wi-fi/",
  "self": "http://localhost:1208/timemap/json/https://www.dailyecho.co.uk/news/23873357.p-o-cruises-cunard-use-elon-musk-satellites-boost-wi-fi/",
  "mementos": {
    "list": [
      {
        "datetime": "2023-10-24T02:36:06Z",
        "uri": "https://web.archive.org/web/20231024023606/http://www.dailyecho.co.uk/news/23873357.p-o-cruises-cunard-use-elon-musk-satellites-boost-wi-fi/"
      },
      {
        "datetime": "2023-10-24T02:38:19Z",
        "uri": "https://web.archive.org/web/20231024023819/http://www.dailyecho.co.uk/news/23873357.p-o-cruises-cunard-use-elon-musk-satellites-boost-wi-fi/"
      }
    ],
    "first": {
      "datetime": "2023-10-24T02:36:06Z",
      "uri": "https://web.archive.org/web/20231024023606/http://www.dailyecho.co.uk/news/23873357.p-o-cruises-cunard-use-elon-musk-satellites-boost-wi-fi/"
    },
    "last": {
      "datetime": "2023-10-24T02:38:19Z",
      "uri": "https://web.archive.org/web/20231024023819/http://www.dailyecho.co.uk/news/23873357.p-o-cruises-cunard-use-elon-musk-satellites-boost-wi-fi/"
    }
  },
  "timemap_uri": {
    "link_format": "http://localhost:1208/timemap/link/https://www.dailyecho.co.uk/news/23873357.p-o-cruises-cunard-use-elon-musk-satellites-boost-wi-fi/",
    "json_format": "http://localhost:1208/timemap/json/https://www.dailyecho.co.uk/news/23873357.p-o-cruises-cunard-use-elon-musk-satellites-boost-wi-fi/",
    "cdxj_format": "http://localhost:1208/timemap/cdxj/https://www.dailyecho.co.uk/news/23873357.p-o-cruises-cunard-use-elon-musk-satellites-boost-wi-fi/"
  },
  "timegate_uri": "http://localhost:1208/timegate/https://www.dailyecho.co.uk/news/23873357.p-o-cruises-cunard-use-elon-musk-satellites-boost-wi-fi/"
}
