{
  "original_uri": "https://www.liberation.fr/checknews/le-hamas-a-t-il-ete-elu-democratiquement-en-palestine-20231022_SBKEH7K26VHCTEZ5ATQD5HYPRI/",
  "self": "http://localhost:1208/timemap/json/https://www.liberation.fr/checknews/le-hamas-a-t-il-ete-elu-democratiquement-en-palestine-20231022_SBKEH7K26VHCTEZ5ATQD5HYPRI/",
  "mementos": {
    "list": [
      {
        "datetime": "2023-10-22T18:47:51Z",
        "uri": "https://web.archive.org/web/20231022184751/https://www.liberation.fr/checknews/le-hamas-a-t-il-ete-elu-democratiquement-en-palestine-20231022_SBKEH7K26VHCTEZ5ATQD5HYPRI/"
      },
      {
        "datetime": "2023-10-23T05:51:11Z",
        "uri": "https://web.archive.org/web/20231023055111/https://www.liberation.fr/checknews/le-hamas-a-t-il-ete-elu-democratiquement-en-palestine-20231022_SBKEH7K26VHCTEZ5ATQD5HYPRI/"
      },
      {
        "datetime": "2023-10-24T02:21:22Z",
        "uri": "https://web.archive.org/web/20231024022122/https://www.liberation.fr/checknews/le-hamas-a-t-il-ete-elu-democratiquement-en-palestine-20231022_SBKEH7K26VHCTEZ5ATQD5HYPRI/"
      },
      {
        "datetime": "2023-10-24T02:31:22Z",
        "uri": "https://web.archive.org/web/20231024023122/https://www.liberation.fr/checknews/le-hamas-a-t-il-ete-elu-democratiquement-en-palestine-20231022_SBKEH7K26VHCTEZ5ATQD5HYPRI/"
      },
      {
        "datetime": "2023-10-24T03:37:11Z",
        "uri": "https://web.archive.org/web/20231024033711/https://www.liberation.fr/checknews/le-hamas-a-t-il-ete-elu-democratiquement-en-palestine-20231022_SBKEH7K26VHCTEZ5ATQD5HYPRI/"
      },
      {
        "datetime": "2023-10-24T14:19:09Z",
        "uri": "https://web.archive.org/web/20231024141909/https://www.liberation.fr/checknews/le-hamas-a-t-il-ete-elu-democratiquement-en-palestine-20231022_SBKEH7K26VHCTEZ5ATQD5HYPRI/"
      },
      {
        "datetime": "2023-10-24T22:08:43Z",
        "uri": "https://web.archive.org/web/20231024220843/https://www.liberation.fr/checknews/le-hamas-a-t-il-ete-elu-democratiquement-en-palestine-20231022_SBKEH7K26VHCTEZ5ATQD5HYPRI/"
      },
      {
        "datetime": "2023-10-25T01:47:25Z",
        "uri": "https://wayback.archive-it.org/all/20231025014725/https://www.liberation.fr/checknews/le-hamas-a-t-il-ete-elu-democratiquement-en-palestine-20231022_SBKEH7K26VHCTEZ5ATQD5HYPRI/"
      },
      {
        "datetime": "2023-10-25T04:24:54Z",
        "uri": "https://web.archive.org/web/20231025042454/https://www.liberation.fr/checknews/le-hamas-a-t-il-ete-elu-democratiquement-en-palestine-20231022_SBKEH7K26VHCTEZ5ATQD5HYPRI/"
      },
      {
        "datetime": "2023-10-25T15:27:47Z",
        "uri": "https://web.archive.org/web/20231025152747/https://www.liberation.fr/checknews/le-hamas-a-t-il-ete-elu-democratiquement-en-palestine-20231022_SBKEH7K26VHCTEZ5ATQD5HYPRI/"
      }
    ],
    "first": {
      "datetime": "2023-10-22T18:47:51Z",
      "uri": "https://web.archive.org/web/20231022184751/https://www.liberation.fr/checknews/le-hamas-a-t-il-ete-elu-democratiquement-en-palestine-20231022_SBKEH7K26VHCTEZ5ATQD5HYPRI/"
    },
    "last": {
      "datetime": "2023-10-25T15:27:47Z",
      "uri": "https://web.archive.org/web/20231025152747/https://www.liberation.fr/checknews/le-hamas-a-t-il-ete-elu-democratiquement-en-palestine-20231022_SBKEH7K26VHCTEZ5ATQD5HYPRI/"
    }
  },
  "timemap_uri": {
    "link_format": "http://localhost:1208/timemap/link/https://www.liberation.fr/checknews/le-hamas-a-t-il-ete-elu-democratiquement-en-palestine-20231022_SBKEH7K26VHCTEZ5ATQD5HYPRI/",
    "json_format": "http://localhost:1208/timemap/json/https://www.liberation.fr/checknews/le-hamas-a-t-il-ete-elu-democratiquement-en-palestine-20231022_SBKEH7K26VHCTEZ5ATQD5HYPRI/",
    "cdxj_format": "http://localhost:1208/timemap/cdxj/https://www.liberation.fr/checknews/le-hamas-a-t-il-ete-elu-democratiquement-en-palestine-20231022_SBKEH7K26VHCTEZ5ATQD5HYPRI/"
  },
  "timegate_uri": "http://localhost:1208/timegate/https://www.liberation.fr/checknews/le-hamas-a-t-il-ete-elu-democratiquement-en-palestine-20231022_SBKEH7K26VHCTEZ5ATQD5HYPRI/"
}
