{
  "original_uri": "https://www.dailymail.co.uk/tvshowbiz/article-12663115/Taylor-Swift-Travis-Kelce-lazy-morning-Kansas-City-mansion-celebrating-Chiefs-win.html",
  "self": "http://localhost:1208/timemap/json/https://www.dailymail.co.uk/tvshowbiz/article-12663115/Taylor-Swift-Travis-Kelce-lazy-morning-Kansas-City-mansion-celebrating-Chiefs-win.html",
  "mementos": {
    "list": [
      {
        "datetime": "2023-10-23T23:04:28Z",
        "uri": "https://web.archive.org/web/20231023230428/https://www.dailymail.co.uk/tvshowbiz/article-12663115/Taylor-Swift-Travis-Kelce-lazy-morning-Kansas-City-mansion-celebrating-Chiefs-win.html"
      },
      {
        "datetime": "2023-10-23T23:04:41Z",
        "uri": "https://web.archive.org/web/20231023230441/https://www.dailymail.co.uk/tvshowbiz/article-12663115/Taylor-Swift-Travis-Kelce-lazy-morning-Kansas-City-mansion-celebrating-Chiefs-win.html"
      },
      {
        "datetime": "2023-10-24T00:28:38Z",
        "uri": "https://web.archive.org/web/20231024002838/https://www.dailymail.co.uk/tvshowbiz/article-12663115/Taylor-Swift-Travis-Kelce-lazy-morning-Kansas-City-mansion-celebrating-Chiefs-win.html"
      },
      {
        "datetime": "2023-10-24T02:14:27Z",
        "uri": "https://web.archive.org/web/20231024021427/https://www.dailymail.co.uk/tvshowbiz/article-12663115/Taylor-Swift-Travis-Kelce-lazy-morning-Kansas-City-mansion-celebrating-Chiefs-win.html"
      },
      {
        "datetime": "2023-10-24T07:36:44Z",
        "uri": "https://web.archive.org/web/20231024073644/https://www.dailymail.co.uk/tvshowbiz/article-12663115/Taylor-Swift-Travis-Kelce-lazy-morning-Kansas-City-mansion-celebrating-Chiefs-win.html"
      },
      {
        "datetime": "2023-10-25T02:43:47Z",
        "uri": "https://web.archive.org/web/20231025024347/https://www.dailymail.co.uk/tvshowbiz/article-12663115/Taylor-Swift-Travis-Kelce-lazy-morning-Kansas-City-mansion-celebrating-Chiefs-win.html"
      },
      {
        "datetime": "2023-10-25T04:21:49Z",
        "uri": "https://web.archive.org/web/20231025042149/https://www.dailymail.co.uk/tvshowbiz/article-12663115/Taylor-Swift-Travis-Kelce-lazy-morning-Kansas-City-mansion-celebrating-Chiefs-win.html"
      },
      {
        "datetime": "2023-10-25T08:45:16Z",
        "uri": "https://web.archive.org/web/20231025084516/https://www.dailymail.co.uk/tvshowbiz/article-12663115/Taylor-Swift-Travis-Kelce-lazy-morning-Kansas-City-mansion-celebrating-Chiefs-win.html"
      },
      {
        "datetime": "2023-10-26T04:46:31Z",
        "uri": "https://web.archive.org/web/20231026044631/https://www.dailymail.co.uk/tvshowbiz/article-12663115/Taylor-Swift-Travis-Kelce-lazy-morning-Kansas-City-mansion-celebrating-Chiefs-win.html"
      }
    ],
    "first": {
      "datetime": "2023-10-23T23:04:28Z",
      "uri": "https://web.archive.org/web/20231023230428/https://www.dailymail.co.uk/tvshowbiz/article-12663115/Taylor-Swift-Travis-Kelce-lazy-morning-Kansas-City-mansion-celebrating-Chiefs-win.html"
    },
    "last": {
      "datetime": "2023-10-26T04:46:31Z",
      "uri": "https://web.archive.org/web/20231026044631/https://www.dailymail.co.uk/tvshowbiz/article-12663115/Taylor-Swift-Travis-Kelce-lazy-morning-Kansas-City-mansion-celebrating-Chiefs-win.html"
    }
  },
  "timemap_uri": {
    "link_format": "http://localhost:1208/timemap/link/https://www.dailymail.co.uk/tvshowbiz/article-12663115/Taylor-Swift-Travis-Kelce-lazy-morning-Kansas-City-mansion-celebrating-Chiefs-win.html",
    "json_format": "http://localhost:1208/timemap/json/https://www.dailymail.co.uk/tvshowbiz/article-12663115/Taylor-Swift-Travis-Kelce-lazy-morning-Kansas-City-mansion-celebrating-Chiefs-win.html",
    "cdxj_format": "http://localhost:1208/timemap/cdxj/https://www.dailymail.co.uk/tvshowbiz/article-12663115/Taylor-Swift-Travis-Kelce-lazy-morning-Kansas-City-mansion-celebrating-Chiefs-win.html"
  },
  "timegate_uri": "http://localhost:1208/timegate/https://www.dailymail.co.uk/tvshowbiz/article-12663115/Taylor-Swift-Travis-Kelce-lazy-morning-Kansas-City-mansion-celebrating-Chiefs-win.html"
}
