{
  "original_uri": "https://votingreform.ca/",
  "self": "http://localhost:1208/timemap/json/https://votingreform.ca/",
  "mementos": {
    "list": [
      {
        "datetime": "2017-10-03T18:09:31Z",
        "uri": "https://web.archive.org/web/20171003180931/http://votingreform.ca:80/"
      },
      {
        "datetime": "2018-02-05T18:30:14Z",
        "uri": "https://wayback.archive-it.org/all/20180205183014/http://votingreform.ca/"
      },
      {
        "datetime": "2018-02-05T18:30:14Z",
        "uri": "https://web.archive.org/web/20180205183014/http://votingreform.ca/"
      },
      {
        "datetime": "2018-11-05T17:56:20Z",
        "uri": "https://web.archive.org/web/20181105175620/http://votingreform.ca/"
      },
      {
        "datetime": "2019-05-04T20:56:17Z",
        "uri": "https://web.archive.org/web/20190504205617/http://votingreform.ca/"
      },
      {
        "datetime": "2020-08-11T04:56:13Z",
        "uri": "https://web.archive.org/web/20200811045613/http://votingreform.ca/"
      },
      {
        "datetime": "2020-09-27T04:28:38Z",
        "uri": "https://web.archive.org/web/20200927042838/http://votingreform.ca/"
      },
      {
        "datetime": "2020-10-31T19:51:13Z",
        "uri": "https://web.archive.org/web/20201031195113/http://votingreform.ca/"
      },
      {
        "datetime": "2020-11-12T02:22:22Z",
        "uri": "https://web.archive.org/web/20201112022222/http://votingreform.ca/"
      },
      {
        "datetime": "2020-11-25T17:06:32Z",
        "uri": "https://web.archive.org/web/20201125170632/http://votingreform.ca/"
      },
      {
        "datetime": "2021-03-03T05:57:32Z",
        "uri": "https://web.archive.org/web/20210303055732/http://votingreform.ca/"
      },
      {
        "datetime": "2021-04-22T00:26:13Z",
        "uri": "https://web.archive.org/web/20210422002613/http://votingreform.ca/"
      },
      {
        "datetime": "2021-04-27T23:56:16Z",
        "uri": "https://web.archive.org/web/20210427235616/http://votingreform.ca/"
      },
      {
        "datetime": "2021-05-13T22:37:24Z",
        "uri": "https://web.archive.org/web/20210513223724/http://votingreform.ca/"
      },
      {
        "datetime": "2021-07-25T13:28:39Z",
        "uri": "https://web.archive.org/web/20210725132839/http://votingreform.ca/"
      },
      {
        "datetime": "2021-09-16T22:47:58Z",
        "uri": "https://arquivo.pt/wayback/20210916224758mp_/http://votingreform.ca/"
      },
      {
        "datetime": "2021-12-28T00:16:45Z",
        "uri": "https://web.archive.org/web/20211228001645/http://votingreform.ca/"
      },
      {
        "datetime": "2022-01-26T05:37:05Z",
        "uri": "https://web.archive.org/web/20220126053705/https://votingreform.ca/"
      },
      {
        "datetime": "2022-03-31T18:25:27Z",
        "uri": "https://web.archive.org/web/20220331182527/http://votingreform.ca/"
      },
      {
        "datetime": "2022-03-31T18:25:29Z",
        "uri": "https://web.archive.org/web/20220331182529/http://votingreform.ca/"
      },
      {
        "datetime": "2022-04-04T03:43:39Z",
        "uri": "https://web.archive.org/web/20220404034339/https://votingreform.ca/"
      },
      {
        "datetime": "2022-12-25T14:03:04Z",
        "uri": "https://web.archive.org/web/20221225140304/http://votingreform.ca/"
      },
      {
        "datetime": "2022-12-25T14:03:48Z",
        "uri": "https://web.archive.org/web/20221225140348/https://votingreform.ca/"
      },
      {
        "datetime": "2022-12-25T14:04:30Z",
        "uri": "https://web.archive.org/web/20221225140430/https://votingreform.ca/"
      },
      {
        "datetime": "2023-08-11T22:14:34Z",
        "uri": "https://web.archive.org/web/20230811221434/http://www.votingreform.ca/"
      }
    ],
    "first": {
      "datetime": "2017-10-03T18:09:31Z",
      "uri": "https://web.archive.org/web/20171003180931/http://votingreform.ca:80/"
    },
    "last": {
      "datetime": "2023-08-11T22:14:34Z",
      "uri": "https://web.archive.org/web/20230811221434/http://www.votingreform.ca/"
    }
  },
  "timemap_uri": {
    "link_format": "http://localhost:1208/timemap/link/https://votingreform.ca/",
    "json_format": "http://localhost:1208/timemap/json/https://votingreform.ca/",
    "cdxj_format": "http://localhost:1208/timemap/cdxj/https://votingreform.ca/"
  },
  "timegate_uri": "http://localhost:1208/timegate/https://votingreform.ca/"
}
