{
  "original_uri": "https://jabar.antaranews.com/berita/475116/taylor-swift-puncaki-tangga-billboard-lewat-lagu-cruel-summer",
  "self": "http://localhost:1208/timemap/json/https://jabar.antaranews.com/berita/475116/taylor-swift-puncaki-tangga-billboard-lewat-lagu-cruel-summer",
  "mementos": {
    "list": [
      {
        "datetime": "2023-10-25T05:27:06Z",
        "uri": "https://web.archive.org/web/20231025052706/https://jabar.antaranews.com/berita/475116/taylor-swift-puncaki-tangga-billboard-lewat-lagu-cruel-summer"
      }
    ],
    "first": {
      "datetime": "2023-10-25T05:27:06Z",
      "uri": "https://web.archive.org/web/20231025052706/https://jabar.antaranews.com/berita/475116/taylor-swift-puncaki-tangga-billboard-lewat-lagu-cruel-summer"
    },
    "last": {
      "datetime": "2023-10-25T05:27:06Z",
      "uri": "https://web.archive.org/web/20231025052706/https://jabar.antaranews.com/berita/475116/taylor-swift-puncaki-tangga-billboard-lewat-lagu-cruel-summer"
    }
  },
  "timemap_uri": {
    "link_format": "http://localhost:1208/timemap/link/https://jabar.antaranews.com/berita/475116/taylor-swift-puncaki-tangga-billboard-lewat-lagu-cruel-summer",
    "json_format": "http://localhost:1208/timemap/json/https://jabar.antaranews.com/berita/475116/taylor-swift-puncaki-tangga-billboard-lewat-lagu-cruel-summer",
    "cdxj_format": "http://localhost:1208/timemap/cdxj/https://jabar.antaranews.com/berita/475116/taylor-swift-puncaki-tangga-billboard-lewat-lagu-cruel-summer"
  },
  "timegate_uri": "http://localhost:1208/timegate/https://jabar.antaranews.com/berita/475116/taylor-swift-puncaki-tangga-billboard-lewat-lagu-cruel-summer"
}
