{
  "original_uri": "http://musingsoniraq.blogspot.com/p/pm-mahdi-govt-2018-present.html",
  "self": "http://localhost:1208/timemap/json/http://musingsoniraq.blogspot.com/p/pm-mahdi-govt-2018-present.html",
  "mementos": {
    "list": [
      {
        "datetime": "2018-12-23T11:45:36Z",
        "uri": "https://web.archive.org/web/20181223114536/http://musingsoniraq.blogspot.com:80/p/pm-mahdi-govt-2018-present.html"
      },
      {
        "datetime": "2019-02-22T06:54:41Z",
        "uri": "https://web.archive.org/web/20190222065441/http://musingsoniraq.blogspot.com:80/p/pm-mahdi-govt-2018-present.html"
      },
      {
        "datetime": "2019-08-30T08:58:41Z",
        "uri": "https://wayback.archive-it.org/all/20190830085841/http://musingsoniraq.blogspot.com/p/pm-mahdi-govt-2018-present.html"
      },
      {
        "datetime": "2019-08-30T08:58:41Z",
        "uri": "https://web.archive.org/web/20190830085841/http://musingsoniraq.blogspot.com/p/pm-mahdi-govt-2018-present.html"
      },
      {
        "datetime": "2019-11-11T21:57:30Z",
        "uri": "https://web.archive.org/web/20191111215730/http://musingsoniraq.blogspot.com:80/p/pm-mahdi-govt-2018-present.html"
      },
      {
        "datetime": "2020-01-12T22:42:26Z",
        "uri": "https://web.archive.org/web/20200112224226/http://musingsoniraq.blogspot.com:80/p/pm-mahdi-govt-2018-present.html"
      },
      {
        "datetime": "2020-09-24T07:22:26Z",
        "uri": "https://web.archive.org/web/20200924072226/http://musingsoniraq.blogspot.com/p/pm-mahdi-govt-2018-present.html"
      },
      {
        "datetime": "2020-11-01T02:10:09Z",
        "uri": "https://web.archive.org/web/20201101021009/http://musingsoniraq.blogspot.com/p/pm-mahdi-govt-2018-present.html"
      },
      {
        "datetime": "2021-01-18T07:44:40Z",
        "uri": "https://web.archive.org/web/20210118074440/http://musingsoniraq.blogspot.com/p/pm-mahdi-govt-2018-present.html"
      },
      {
        "datetime": "2021-07-30T17:04:28Z",
        "uri": "https://web.archive.org/web/20210730170428/http://musingsoniraq.blogspot.com/p/pm-mahdi-govt-2018-present.html"
      },
      {
        "datetime": "2021-08-04T02:00:26Z",
        "uri": "https://web.archive.org/web/20210804020026/http://musingsoniraq.blogspot.com/p/pm-mahdi-govt-2018-present.html"
      },
      {
        "datetime": "2021-12-27T20:55:01Z",
        "uri": "https://web.archive.org/web/20211227205501/https://musingsoniraq.blogspot.com/p/pm-mahdi-govt-2018-present.html"
      },
      {
        "datetime": "2022-12-09T03:25:12Z",
        "uri": "https://web.archive.org/web/20221209032512/https://musingsoniraq.blogspot.com/p/pm-mahdi-govt-2018-present.html"
      }
    ],
    "first": {
      "datetime": "2018-12-23T11:45:36Z",
      "uri": "https://web.archive.org/web/20181223114536/http://musingsoniraq.blogspot.com:80/p/pm-mahdi-govt-2018-present.html"
    },
    "last": {
      "datetime": "2022-12-09T03:25:12Z",
      "uri": "https://web.archive.org/web/20221209032512/https://musingsoniraq.blogspot.com/p/pm-mahdi-govt-2018-present.html"
    }
  },
  "timemap_uri": {
    "link_format": "http://localhost:1208/timemap/link/http://musingsoniraq.blogspot.com/p/pm-mahdi-govt-2018-present.html",
    "json_format": "http://localhost:1208/timemap/json/http://musingsoniraq.blogspot.com/p/pm-mahdi-govt-2018-present.html",
    "cdxj_format": "http://localhost:1208/timemap/cdxj/http://musingsoniraq.blogspot.com/p/pm-mahdi-govt-2018-present.html"
  },
  "timegate_uri": "http://localhost:1208/timegate/http://musingsoniraq.blogspot.com/p/pm-mahdi-govt-2018-present.html"
}
