{
  "original_uri": "https://ccla.org/get-informed/talk-rights/voting-in-canada-the-first-past-the-post-system/",
  "self": "http://localhost:1208/timemap/json/https://ccla.org/get-informed/talk-rights/voting-in-canada-the-first-past-the-post-system/",
  "mementos": {
    "list": [
      {
        "datetime": "2021-11-03T08:46:16Z",
        "uri": "https://web.archive.org/web/20211103084616/https://ccla.org/get-informed/talk-rights/voting-in-canada-the-first-past-the-post-system/"
      },
      {
        "datetime": "2021-11-15T12:43:11Z",
        "uri": "https://wayback.archive-it.org/all/20211115124311/https://ccla.org/get-informed/talk-rights/voting-in-canada-the-first-past-the-post-system/"
      },
      {
        "datetime": "2021-11-15T12:43:11Z",
        "uri": "https://web.archive.org/web/20211115124311/https://ccla.org/get-informed/talk-rights/voting-in-canada-the-first-past-the-post-system/"
      },
      {
        "datetime": "2022-01-22T21:28:32Z",
        "uri": "https://web.archive.org/web/20220122212832/https://ccla.org/get-informed/talk-rights/voting-in-canada-the-first-past-the-post-system/"
      },
      {
        "datetime": "2022-08-04T04:54:44Z",
        "uri": "https://wayback.archive-it.org/all/20220804045444/https://ccla.org/get-informed/talk-rights/voting-in-canada-the-first-past-the-post-system/"
      },
      {
        "datetime": "2022-08-04T04:54:44Z",
        "uri": "https://web.archive.org/web/20220804045444/https://ccla.org/get-informed/talk-rights/voting-in-canada-the-first-past-the-post-system/"
      },
      {
        "datetime": "2023-06-05T07:28:40Z",
        "uri": "https://web.archive.org/web/20230605072840/https://ccla.org/get-informed/talk-rights/voting-in-canada-the-first-past-the-post-system/"
      }
    ],
    "first": {
      "datetime": "2021-11-03T08:46:16Z",
      "uri": "https://web.archive.org/web/20211103084616/https://ccla.org/get-informed/talk-rights/voting-in-canada-the-first-past-the-post-system/"
    },
    "last": {
      "datetime": "2023-06-05T07:28:40Z",
      "uri": "https://web.archive.org/web/20230605072840/https://ccla.org/get-informed/talk-rights/voting-in-canada-the-first-past-the-post-system/"
    }
  },
  "timemap_uri": {
    "link_format": "http://localhost:1208/timemap/link/https://ccla.org/get-informed/talk-rights/voting-in-canada-the-first-past-the-post-system/",
    "json_format": "http://localhost:1208/timemap/json/https://ccla.org/get-informed/talk-rights/voting-in-canada-the-first-past-the-post-system/",
    "cdxj_format": "http://localhost:1208/timemap/cdxj/https://ccla.org/get-informed/talk-rights/voting-in-canada-the-first-past-the-post-system/"
  },
  "timegate_uri": "http://localhost:1208/timegate/https://ccla.org/get-informed/talk-rights/voting-in-canada-the-first-past-the-post-system/"
}
