{
  "original_uri": "https://www.lemonde.fr/blog/filiu/2018/04/22/non-les-palestiniens-de-gaza-ne-sont-pas-des-jouets-du-hamas/#:~:text=JEAN%252DPIERRE%25",
  "self": "http://localhost:1208/timemap/json/https://www.lemonde.fr/blog/filiu/2018/04/22/non-les-palestiniens-de-gaza-ne-sont-pas-des-jouets-du-hamas/#:~:text=JEAN%252DPIERRE%25",
  "mementos": {
    "list": [
      {
        "datetime": "2019-09-20T20:04:49Z",
        "uri": "https://web.archive.org/web/20190920200449/https://www.lemonde.fr/blog/filiu/2018/04/22/non-les-palestiniens-de-gaza-ne-sont-pas-des-jouets-du-hamas/"
      },
      {
        "datetime": "2019-12-05T16:59:43Z",
        "uri": "https://web.archive.org/web/20191205165943/https://www.lemonde.fr/blog/filiu/2018/04/22/non-les-palestiniens-de-gaza-ne-sont-pas-des-jouets-du-hamas/"
      },
      {
        "datetime": "2019-12-06T13:26:32Z",
        "uri": "https://web.archive.org/web/20191206132632/https://www.lemonde.fr/blog/filiu/2018/04/22/non-les-palestiniens-de-gaza-ne-sont-pas-des-jouets-du-hamas/"
      },
      {
        "datetime": "2019-12-07T15:48:18Z",
        "uri": "https://web.archive.org/web/20191207154818/https://www.lemonde.fr/blog/filiu/2018/04/22/non-les-palestiniens-de-gaza-ne-sont-pas-des-jouets-du-hamas/"
      },
      {
        "datetime": "2019-12-08T17:05:09Z",
        "uri": "https://web.archive.org/web/20191208170509/https://www.lemonde.fr/blog/filiu/2018/04/22/non-les-palestiniens-de-gaza-ne-sont-pas-des-jouets-du-hamas/"
      },
      {
        "datetime": "2019-12-09T15:49:10Z",
        "uri": "https://web.archive.org/web/20191209154910/https://www.lemonde.fr/blog/filiu/2018/04/22/non-les-palestiniens-de-gaza-ne-sont-pas-des-jouets-du-hamas/"
      },
      {
        "datetime": "2019-12-10T15:13:06Z",
        "uri": "https://web.archive.org/web/20191210151306/https://www.lemonde.fr/blog/filiu/2018/04/22/non-les-palestiniens-de-gaza-ne-sont-pas-des-jouets-du-hamas/"
      },
      {
        "datetime": "2019-12-11T17:15:25Z",
        "uri": "https://web.archive.org/web/20191211171525/https://www.lemonde.fr/blog/filiu/2018/04/22/non-les-palestiniens-de-gaza-ne-sont-pas-des-jouets-du-hamas/"
      },
      {
        "datetime": "2019-12-12T19:26:55Z",
        "uri": "https://web.archive.org/web/20191212192655/https://www.lemonde.fr/blog/filiu/2018/04/22/non-les-palestiniens-de-gaza-ne-sont-pas-des-jouets-du-hamas/"
      },
      {
        "datetime": "2019-12-14T10:19:25Z",
        "uri": "https://web.archive.org/web/20191214101925/https://www.lemonde.fr/blog/filiu/2018/04/22/non-les-palestiniens-de-gaza-ne-sont-pas-des-jouets-du-hamas/"
      },
      {
        "datetime": "2019-12-14T21:47:10Z",
        "uri": "https://web.archive.org/web/20191214214710/https://www.lemonde.fr/blog/filiu/2018/04/22/non-les-palestiniens-de-gaza-ne-sont-pas-des-jouets-du-hamas/"
      },
      {
        "datetime": "2019-12-16T01:24:48Z",
        "uri": "https://web.archive.org/web/20191216012448/https://www.lemonde.fr/blog/filiu/2018/04/22/non-les-palestiniens-de-gaza-ne-sont-pas-des-jouets-du-hamas/"
      },
      {
        "datetime": "2019-12-17T02:33:36Z",
        "uri": "https://web.archive.org/web/20191217023336/https://www.lemonde.fr/blog/filiu/2018/04/22/non-les-palestiniens-de-gaza-ne-sont-pas-des-jouets-du-hamas/"
      },
      {
        "datetime": "2019-12-18T03:21:08Z",
        "uri": "https://web.archive.org/web/20191218032108/https://www.lemonde.fr/blog/filiu/2018/04/22/non-les-palestiniens-de-gaza-ne-sont-pas-des-jouets-du-hamas/"
      },
      {
        "datetime": "2019-12-19T02:04:44Z",
        "uri": "https://web.archive.org/web/20191219020444/https://www.lemonde.fr/blog/filiu/2018/04/22/non-les-palestiniens-de-gaza-ne-sont-pas-des-jouets-du-hamas/"
      },
      {
        "datetime": "2019-12-20T04:20:48Z",
        "uri": "https://web.archive.org/web/20191220042048/https://www.lemonde.fr/blog/filiu/2018/04/22/non-les-palestiniens-de-gaza-ne-sont-pas-des-jouets-du-hamas/"
      },
      {
        "datetime": "2019-12-21T05:11:12Z",
        "uri": "https://web.archive.org/web/20191221051112/https://www.lemonde.fr/blog/filiu/2018/04/22/non-les-palestiniens-de-gaza-ne-sont-pas-des-jouets-du-hamas/"
      },
      {
        "datetime": "2019-12-22T05:37:44Z",
        "uri": "https://web.archive.org/web/20191222053744/https://www.lemonde.fr/blog/filiu/2018/04/22/non-les-palestiniens-de-gaza-ne-sont-pas-des-jouets-du-hamas/"
      },
      {
        "datetime": "2019-12-23T05:58:09Z",
        "uri": "https://web.archive.org/web/20191223055809/https://www.lemonde.fr/blog/filiu/2018/04/22/non-les-palestiniens-de-gaza-ne-sont-pas-des-jouets-du-hamas/"
      },
      {
        "datetime": "2019-12-24T06:46:45Z",
        "uri": "https://web.archive.org/web/20191224064645/https://www.lemonde.fr/blog/filiu/2018/04/22/non-les-palestiniens-de-gaza-ne-sont-pas-des-jouets-du-hamas/"
      },
      {
        "datetime": "2019-12-25T07:28:14Z",
        "uri": "https://web.archive.org/web/20191225072814/https://www.lemonde.fr/blog/filiu/2018/04/22/non-les-palestiniens-de-gaza-ne-sont-pas-des-jouets-du-hamas/"
      },
      {
        "datetime": "2019-12-26T08:33:05Z",
        "uri": "https://web.archive.org/web/20191226083305/https://www.lemonde.fr/blog/filiu/2018/04/22/non-les-palestiniens-de-gaza-ne-sont-pas-des-jouets-du-hamas/"
      },
      {
        "datetime": "2019-12-27T10:58:57Z",
        "uri": "https://web.archive.org/web/20191227105857/https://www.lemonde.fr/blog/filiu/2018/04/22/non-les-palestiniens-de-gaza-ne-sont-pas-des-jouets-du-hamas/"
      },
      {
        "datetime": "2019-12-28T11:27:09Z",
        "uri": "https://web.archive.org/web/20191228112709/https://www.lemonde.fr/blog/filiu/2018/04/22/non-les-palestiniens-de-gaza-ne-sont-pas-des-jouets-du-hamas/"
      },
      {
        "datetime": "2019-12-29T11:47:12Z",
        "uri": "https://web.archive.org/web/20191229114712/https://www.lemonde.fr/blog/filiu/2018/04/22/non-les-palestiniens-de-gaza-ne-sont-pas-des-jouets-du-hamas/"
      },
      {
        "datetime": "2019-12-30T12:13:37Z",
        "uri": "https://web.archive.org/web/20191230121337/https://www.lemonde.fr/blog/filiu/2018/04/22/non-les-palestiniens-de-gaza-ne-sont-pas-des-jouets-du-hamas/"
      },
      {
        "datetime": "2019-12-31T12:52:35Z",
        "uri": "https://web.archive.org/web/20191231125235/https://www.lemonde.fr/blog/filiu/2018/04/22/non-les-palestiniens-de-gaza-ne-sont-pas-des-jouets-du-hamas/"
      },
      {
        "datetime": "2020-01-01T13:21:39Z",
        "uri": "https://web.archive.org/web/20200101132139/https://www.lemonde.fr/blog/filiu/2018/04/22/non-les-palestiniens-de-gaza-ne-sont-pas-des-jouets-du-hamas/"
      },
      {
        "datetime": "2020-01-02T14:17:38Z",
        "uri": "https://web.archive.org/web/20200102141738/https://www.lemonde.fr/blog/filiu/2018/04/22/non-les-palestiniens-de-gaza-ne-sont-pas-des-jouets-du-hamas/"
      },
      {
        "datetime": "2020-01-04T04:53:18Z",
        "uri": "https://web.archive.org/web/20200104045318/https://www.lemonde.fr/blog/filiu/2018/04/22/non-les-palestiniens-de-gaza-ne-sont-pas-des-jouets-du-hamas/"
      },
      {
        "datetime": "2020-01-04T17:45:57Z",
        "uri": "https://web.archive.org/web/20200104174557/https://www.lemonde.fr/blog/filiu/2018/04/22/non-les-palestiniens-de-gaza-ne-sont-pas-des-jouets-du-hamas/"
      },
      {
        "datetime": "2020-01-05T18:08:50Z",
        "uri": "https://web.archive.org/web/20200105180850/https://www.lemonde.fr/blog/filiu/2018/04/22/non-les-palestiniens-de-gaza-ne-sont-pas-des-jouets-du-hamas/"
      },
      {
        "datetime": "2020-01-06T19:27:07Z",
        "uri": "https://web.archive.org/web/20200106192707/https://www.lemonde.fr/blog/filiu/2018/04/22/non-les-palestiniens-de-gaza-ne-sont-pas-des-jouets-du-hamas/"
      },
      {
        "datetime": "2020-01-07T20:25:41Z",
        "uri": "https://web.archive.org/web/20200107202541/https://www.lemonde.fr/blog/filiu/2018/04/22/non-les-palestiniens-de-gaza-ne-sont-pas-des-jouets-du-hamas/"
      },
      {
        "datetime": "2020-01-08T20:46:23Z",
        "uri": "https://web.archive.org/web/20200108204623/https://www.lemonde.fr/blog/filiu/2018/04/22/non-les-palestiniens-de-gaza-ne-sont-pas-des-jouets-du-hamas/"
      },
      {
        "datetime": "2020-01-09T21:35:07Z",
        "uri": "https://web.archive.org/web/20200109213507/https://www.lemonde.fr/blog/filiu/2018/04/22/non-les-palestiniens-de-gaza-ne-sont-pas-des-jouets-du-hamas/"
      },
      {
        "datetime": "2020-01-10T22:19:53Z",
        "uri": "https://web.archive.org/web/20200110221953/https://www.lemonde.fr/blog/filiu/2018/04/22/non-les-palestiniens-de-gaza-ne-sont-pas-des-jouets-du-hamas/"
      },
      {
        "datetime": "2020-01-11T23:30:16Z",
        "uri": "https://web.archive.org/web/20200111233016/https://www.lemonde.fr/blog/filiu/2018/04/22/non-les-palestiniens-de-gaza-ne-sont-pas-des-jouets-du-hamas/"
      },
      {
        "datetime": "2020-01-13T00:10:48Z",
        "uri": "https://web.archive.org/web/20200113001048/https://www.lemonde.fr/blog/filiu/2018/04/22/non-les-palestiniens-de-gaza-ne-sont-pas-des-jouets-du-hamas/"
      },
      {
        "datetime": "2020-01-14T02:51:29Z",
        "uri": "https://web.archive.org/web/20200114025129/https://www.lemonde.fr/blog/filiu/2018/04/22/non-les-palestiniens-de-gaza-ne-sont-pas-des-jouets-du-hamas/"
      },
      {
        "datetime": "2020-01-15T05:17:50Z",
        "uri": "https://web.archive.org/web/20200115051750/https://www.lemonde.fr/blog/filiu/2018/04/22/non-les-palestiniens-de-gaza-ne-sont-pas-des-jouets-du-hamas/"
      },
      {
        "datetime": "2020-01-16T05:47:41Z",
        "uri": "https://web.archive.org/web/20200116054741/https://www.lemonde.fr/blog/filiu/2018/04/22/non-les-palestiniens-de-gaza-ne-sont-pas-des-jouets-du-hamas/"
      },
      {
        "datetime": "2020-01-17T07:01:51Z",
        "uri": "https://web.archive.org/web/20200117070151/https://www.lemonde.fr/blog/filiu/2018/04/22/non-les-palestiniens-de-gaza-ne-sont-pas-des-jouets-du-hamas/"
      },
      {
        "datetime": "2020-01-18T07:44:34Z",
        "uri": "https://web.archive.org/web/20200118074434/https://www.lemonde.fr/blog/filiu/2018/04/22/non-les-palestiniens-de-gaza-ne-sont-pas-des-jouets-du-hamas/"
      },
      {
        "datetime": "2020-01-19T08:40:24Z",
        "uri": "https://web.archive.org/web/20200119084024/https://www.lemonde.fr/blog/filiu/2018/04/22/non-les-palestiniens-de-gaza-ne-sont-pas-des-jouets-du-hamas/"
      },
      {
        "datetime": "2020-01-20T10:27:11Z",
        "uri": "https://web.archive.org/web/20200120102711/https://www.lemonde.fr/blog/filiu/2018/04/22/non-les-palestiniens-de-gaza-ne-sont-pas-des-jouets-du-hamas/"
      },
      {
        "datetime": "2020-01-24T23:35:58Z",
        "uri": "https://web.archive.org/web/20200124233558/https://www.lemonde.fr/blog/filiu/2018/04/22/non-les-palestiniens-de-gaza-ne-sont-pas-des-jouets-du-hamas/"
      },
      {
        "datetime": "2020-01-26T02:16:25Z",
        "uri": "https://web.archive.org/web/20200126021625/https://www.lemonde.fr/blog/filiu/2018/04/22/non-les-palestiniens-de-gaza-ne-sont-pas-des-jouets-du-hamas/"
      },
      {
        "datetime": "2020-01-27T02:55:20Z",
        "uri": "https://web.archive.org/web/20200127025520/https://www.lemonde.fr/blog/filiu/2018/04/22/non-les-palestiniens-de-gaza-ne-sont-pas-des-jouets-du-hamas/"
      },
      {
        "datetime": "2020-01-28T01:51:22Z",
        "uri": "https://web.archive.org/web/20200128015122/https://www.lemonde.fr/blog/filiu/2018/04/22/non-les-palestiniens-de-gaza-ne-sont-pas-des-jouets-du-hamas/"
      },
      {
        "datetime": "2020-01-29T02:37:48Z",
        "uri": "https://web.archive.org/web/20200129023748/https://www.lemonde.fr/blog/filiu/2018/04/22/non-les-palestiniens-de-gaza-ne-sont-pas-des-jouets-du-hamas/"
      },
      {
        "datetime": "2020-01-30T03:22:54Z",
        "uri": "https://web.archive.org/web/20200130032254/https://www.lemonde.fr/blog/filiu/2018/04/22/non-les-palestiniens-de-gaza-ne-sont-pas-des-jouets-du-hamas/"
      },
      {
        "datetime": "2020-01-31T04:54:52Z",
        "uri": "https://web.archive.org/web/20200131045452/https://www.lemonde.fr/blog/filiu/2018/04/22/non-les-palestiniens-de-gaza-ne-sont-pas-des-jouets-du-hamas/"
      },
      {
        "datetime": "2020-02-01T05:44:54Z",
        "uri": "https://web.archive.org/web/20200201054454/https://www.lemonde.fr/blog/filiu/2018/04/22/non-les-palestiniens-de-gaza-ne-sont-pas-des-jouets-du-hamas/"
      },
      {
        "datetime": "2020-02-02T06:19:38Z",
        "uri": "https://web.archive.org/web/20200202061938/https://www.lemonde.fr/blog/filiu/2018/04/22/non-les-palestiniens-de-gaza-ne-sont-pas-des-jouets-du-hamas/"
      },
      {
        "datetime": "2020-02-03T06:40:29Z",
        "uri": "https://web.archive.org/web/20200203064029/https://www.lemonde.fr/blog/filiu/2018/04/22/non-les-palestiniens-de-gaza-ne-sont-pas-des-jouets-du-hamas/"
      },
      {
        "datetime": "2020-02-04T07:22:13Z",
        "uri": "https://web.archive.org/web/20200204072213/https://www.lemonde.fr/blog/filiu/2018/04/22/non-les-palestiniens-de-gaza-ne-sont-pas-des-jouets-du-hamas/"
      },
      {
        "datetime": "2020-02-05T08:26:25Z",
        "uri": "https://web.archive.org/web/20200205082625/https://www.lemonde.fr/blog/filiu/2018/04/22/non-les-palestiniens-de-gaza-ne-sont-pas-des-jouets-du-hamas/"
      },
      {
        "datetime": "2020-02-06T09:17:10Z",
        "uri": "https://web.archive.org/web/20200206091710/https://www.lemonde.fr/blog/filiu/2018/04/22/non-les-palestiniens-de-gaza-ne-sont-pas-des-jouets-du-hamas/"
      },
      {
        "datetime": "2020-02-07T10:21:41Z",
        "uri": "https://web.archive.org/web/20200207102141/https://www.lemonde.fr/blog/filiu/2018/04/22/non-les-palestiniens-de-gaza-ne-sont-pas-des-jouets-du-hamas/"
      },
      {
        "datetime": "2020-02-08T10:47:56Z",
        "uri": "https://web.archive.org/web/20200208104756/https://www.lemonde.fr/blog/filiu/2018/04/22/non-les-palestiniens-de-gaza-ne-sont-pas-des-jouets-du-hamas/"
      },
      {
        "datetime": "2020-02-09T11:08:10Z",
        "uri": "https://web.archive.org/web/20200209110810/https://www.lemonde.fr/blog/filiu/2018/04/22/non-les-palestiniens-de-gaza-ne-sont-pas-des-jouets-du-hamas/"
      },
      {
        "datetime": "2020-02-10T11:46:47Z",
        "uri": "https://web.archive.org/web/20200210114647/https://www.lemonde.fr/blog/filiu/2018/04/22/non-les-palestiniens-de-gaza-ne-sont-pas-des-jouets-du-hamas/"
      },
      {
        "datetime": "2020-02-11T12:25:15Z",
        "uri": "https://web.archive.org/web/20200211122515/https://www.lemonde.fr/blog/filiu/2018/04/22/non-les-palestiniens-de-gaza-ne-sont-pas-des-jouets-du-hamas/"
      },
      {
        "datetime": "2020-02-13T01:47:06Z",
        "uri": "https://web.archive.org/web/20200213014706/https://www.lemonde.fr/blog/filiu/2018/04/22/non-les-palestiniens-de-gaza-ne-sont-pas-des-jouets-du-hamas/"
      },
      {
        "datetime": "2020-02-14T02:20:34Z",
        "uri": "https://web.archive.org/web/20200214022034/https://www.lemonde.fr/blog/filiu/2018/04/22/non-les-palestiniens-de-gaza-ne-sont-pas-des-jouets-du-hamas/"
      },
      {
        "datetime": "2020-02-15T02:18:09Z",
        "uri": "https://web.archive.org/web/20200215021809/https://www.lemonde.fr/blog/filiu/2018/04/22/non-les-palestiniens-de-gaza-ne-sont-pas-des-jouets-du-hamas/"
      },
      {
        "datetime": "2020-02-16T03:33:45Z",
        "uri": "https://web.archive.org/web/20200216033345/https://www.lemonde.fr/blog/filiu/2018/04/22/non-les-palestiniens-de-gaza-ne-sont-pas-des-jouets-du-hamas/"
      },
      {
        "datetime": "2020-02-16T14:53:36Z",
        "uri": "https://web.archive.org/web/20200216145336/https://www.lemonde.fr/blog/filiu/2018/04/22/non-les-palestiniens-de-gaza-ne-sont-pas-des-jouets-du-hamas/"
      },
      {
        "datetime": "2020-02-17T15:22:20Z",
        "uri": "https://web.archive.org/web/20200217152220/https://www.lemonde.fr/blog/filiu/2018/04/22/non-les-palestiniens-de-gaza-ne-sont-pas-des-jouets-du-hamas/"
      },
      {
        "datetime": "2020-02-18T15:46:31Z",
        "uri": "https://web.archive.org/web/20200218154631/https://www.lemonde.fr/blog/filiu/2018/04/22/non-les-palestiniens-de-gaza-ne-sont-pas-des-jouets-du-hamas/"
      },
      {
        "datetime": "2020-02-19T16:45:22Z",
        "uri": "https://web.archive.org/web/20200219164522/https://www.lemonde.fr/blog/filiu/2018/04/22/non-les-palestiniens-de-gaza-ne-sont-pas-des-jouets-du-hamas/"
      },
      {
        "datetime": "2020-02-20T19:18:07Z",
        "uri": "https://web.archive.org/web/20200220191807/https://www.lemonde.fr/blog/filiu/2018/04/22/non-les-palestiniens-de-gaza-ne-sont-pas-des-jouets-du-hamas/"
      },
      {
        "datetime": "2020-02-21T19:38:38Z",
        "uri": "https://web.archive.org/web/20200221193838/https://www.lemonde.fr/blog/filiu/2018/04/22/non-les-palestiniens-de-gaza-ne-sont-pas-des-jouets-du-hamas/"
      },
      {
        "datetime": "2020-02-22T20:12:59Z",
        "uri": "https://web.archive.org/web/20200222201259/https://www.lemonde.fr/blog/filiu/2018/04/22/non-les-palestiniens-de-gaza-ne-sont-pas-des-jouets-du-hamas/"
      },
      {
        "datetime": "2020-02-23T21:26:04Z",
        "uri": "https://web.archive.org/web/20200223212604/https://www.lemonde.fr/blog/filiu/2018/04/22/non-les-palestiniens-de-gaza-ne-sont-pas-des-jouets-du-hamas/"
      },
      {
        "datetime": "2020-02-24T22:08:00Z",
        "uri": "https://web.archive.org/web/20200224220800/https://www.lemonde.fr/blog/filiu/2018/04/22/non-les-palestiniens-de-gaza-ne-sont-pas-des-jouets-du-hamas/"
      },
      {
        "datetime": "2020-02-25T23:03:14Z",
        "uri": "https://web.archive.org/web/20200225230314/https://www.lemonde.fr/blog/filiu/2018/04/22/non-les-palestiniens-de-gaza-ne-sont-pas-des-jouets-du-hamas/"
      },
      {
        "datetime": "2020-02-27T12:41:01Z",
        "uri": "https://web.archive.org/web/20200227124101/https://www.lemonde.fr/blog/filiu/2018/04/22/non-les-palestiniens-de-gaza-ne-sont-pas-des-jouets-du-hamas/"
      },
      {
        "datetime": "2020-02-29T17:14:43Z",
        "uri": "https://web.archive.org/web/20200229171443/https://www.lemonde.fr/blog/filiu/2018/04/22/non-les-palestiniens-de-gaza-ne-sont-pas-des-jouets-du-hamas/"
      },
      {
        "datetime": "2020-03-01T08:33:49Z",
        "uri": "https://web.archive.org/web/20200301083349/https://www.lemonde.fr/blog/filiu/2018/04/22/non-les-palestiniens-de-gaza-ne-sont-pas-des-jouets-du-hamas/"
      },
      {
        "datetime": "2020-03-02T04:03:06Z",
        "uri": "https://web.archive.org/web/20200302040306/https://www.lemonde.fr/blog/filiu/2018/04/22/non-les-palestiniens-de-gaza-ne-sont-pas-des-jouets-du-hamas/"
      },
      {
        "datetime": "2020-03-03T04:47:29Z",
        "uri": "https://web.archive.org/web/20200303044729/https://www.lemonde.fr/blog/filiu/2018/04/22/non-les-palestiniens-de-gaza-ne-sont-pas-des-jouets-du-hamas/"
      },
      {
        "datetime": "2020-03-04T05:58:55Z",
        "uri": "https://web.archive.org/web/20200304055855/https://www.lemonde.fr/blog/filiu/2018/04/22/non-les-palestiniens-de-gaza-ne-sont-pas-des-jouets-du-hamas/"
      },
      {
        "datetime": "2020-03-05T06:31:45Z",
        "uri": "https://web.archive.org/web/20200305063145/https://www.lemonde.fr/blog/filiu/2018/04/22/non-les-palestiniens-de-gaza-ne-sont-pas-des-jouets-du-hamas/"
      },
      {
        "datetime": "2020-03-06T07:31:47Z",
        "uri": "https://web.archive.org/web/20200306073147/https://www.lemonde.fr/blog/filiu/2018/04/22/non-les-palestiniens-de-gaza-ne-sont-pas-des-jouets-du-hamas/"
      },
      {
        "datetime": "2020-03-07T08:22:26Z",
        "uri": "https://web.archive.org/web/20200307082226/https://www.lemonde.fr/blog/filiu/2018/04/22/non-les-palestiniens-de-gaza-ne-sont-pas-des-jouets-du-hamas/"
      },
      {
        "datetime": "2020-03-09T14:04:38Z",
        "uri": "https://web.archive.org/web/20200309140438/https://www.lemonde.fr/blog/filiu/2018/04/22/non-les-palestiniens-de-gaza-ne-sont-pas-des-jouets-du-hamas/"
      },
      {
        "datetime": "2020-03-10T18:54:10Z",
        "uri": "https://web.archive.org/web/20200310185410/https://www.lemonde.fr/blog/filiu/2018/04/22/non-les-palestiniens-de-gaza-ne-sont-pas-des-jouets-du-hamas/"
      },
      {
        "datetime": "2020-03-14T08:25:35Z",
        "uri": "https://web.archive.org/web/20200314082535/https://www.lemonde.fr/blog/filiu/2018/04/22/non-les-palestiniens-de-gaza-ne-sont-pas-des-jouets-du-hamas/"
      },
      {
        "datetime": "2020-03-15T23:22:26Z",
        "uri": "https://web.archive.org/web/20200315232226/https://www.lemonde.fr/blog/filiu/2018/04/22/non-les-palestiniens-de-gaza-ne-sont-pas-des-jouets-du-hamas/"
      },
      {
        "datetime": "2020-03-17T07:56:16Z",
        "uri": "https://web.archive.org/web/20200317075616/https://www.lemonde.fr/blog/filiu/2018/04/22/non-les-palestiniens-de-gaza-ne-sont-pas-des-jouets-du-hamas/"
      },
      {
        "datetime": "2020-03-18T09:54:46Z",
        "uri": "https://web.archive.org/web/20200318095446/https://www.lemonde.fr/blog/filiu/2018/04/22/non-les-palestiniens-de-gaza-ne-sont-pas-des-jouets-du-hamas/"
      },
      {
        "datetime": "2020-03-19T09:53:10Z",
        "uri": "https://web.archive.org/web/20200319095310/https://www.lemonde.fr/blog/filiu/2018/04/22/non-les-palestiniens-de-gaza-ne-sont-pas-des-jouets-du-hamas/"
      },
      {
        "datetime": "2020-03-21T11:56:14Z",
        "uri": "https://web.archive.org/web/20200321115614/https://www.lemonde.fr/blog/filiu/2018/04/22/non-les-palestiniens-de-gaza-ne-sont-pas-des-jouets-du-hamas/"
      },
      {
        "datetime": "2020-03-22T12:02:05Z",
        "uri": "https://web.archive.org/web/20200322120205/https://www.lemonde.fr/blog/filiu/2018/04/22/non-les-palestiniens-de-gaza-ne-sont-pas-des-jouets-du-hamas/"
      },
      {
        "datetime": "2020-03-22T13:12:11Z",
        "uri": "https://web.archive.org/web/20200322131211/https://www.lemonde.fr/blog/filiu/2018/04/22/non-les-palestiniens-de-gaza-ne-sont-pas-des-jouets-du-hamas/"
      },
      {
        "datetime": "2020-03-23T13:24:15Z",
        "uri": "https://web.archive.org/web/20200323132415/https://www.lemonde.fr/blog/filiu/2018/04/22/non-les-palestiniens-de-gaza-ne-sont-pas-des-jouets-du-hamas/"
      },
      {
        "datetime": "2020-03-24T14:33:11Z",
        "uri": "https://web.archive.org/web/20200324143311/https://www.lemonde.fr/blog/filiu/2018/04/22/non-les-palestiniens-de-gaza-ne-sont-pas-des-jouets-du-hamas/"
      },
      {
        "datetime": "2020-03-25T14:22:57Z",
        "uri": "https://web.archive.org/web/20200325142257/https://www.lemonde.fr/blog/filiu/2018/04/22/non-les-palestiniens-de-gaza-ne-sont-pas-des-jouets-du-hamas/"
      },
      {
        "datetime": "2020-03-26T15:05:37Z",
        "uri": "https://web.archive.org/web/20200326150537/https://www.lemonde.fr/blog/filiu/2018/04/22/non-les-palestiniens-de-gaza-ne-sont-pas-des-jouets-du-hamas/"
      },
      {
        "datetime": "2020-03-28T19:22:07Z",
        "uri": "https://web.archive.org/web/20200328192207/https://www.lemonde.fr/blog/filiu/2018/04/22/non-les-palestiniens-de-gaza-ne-sont-pas-des-jouets-du-hamas/"
      },
      {
        "datetime": "2020-03-29T18:57:04Z",
        "uri": "https://web.archive.org/web/20200329185704/https://www.lemonde.fr/blog/filiu/2018/04/22/non-les-palestiniens-de-gaza-ne-sont-pas-des-jouets-du-hamas/"
      },
      {
        "datetime": "2020-03-30T21:08:29Z",
        "uri": "https://web.archive.org/web/20200330210829/https://www.lemonde.fr/blog/filiu/2018/04/22/non-les-palestiniens-de-gaza-ne-sont-pas-des-jouets-du-hamas/"
      },
      {
        "datetime": "2020-04-06T07:00:44Z",
        "uri": "https://web.archive.org/web/20200406070044/https://www.lemonde.fr/blog/filiu/2018/04/22/non-les-palestiniens-de-gaza-ne-sont-pas-des-jouets-du-hamas/"
      },
      {
        "datetime": "2020-04-18T11:41:08Z",
        "uri": "https://web.archive.org/web/20200418114108/https://www.lemonde.fr/blog/filiu/2018/04/22/non-les-palestiniens-de-gaza-ne-sont-pas-des-jouets-du-hamas/"
      },
      {
        "datetime": "2020-04-23T14:09:10Z",
        "uri": "https://web.archive.org/web/20200423140910/https://www.lemonde.fr/blog/filiu/2018/04/22/non-les-palestiniens-de-gaza-ne-sont-pas-des-jouets-du-hamas/"
      },
      {
        "datetime": "2020-04-25T16:39:38Z",
        "uri": "https://web.archive.org/web/20200425163938/https://www.lemonde.fr/blog/filiu/2018/04/22/non-les-palestiniens-de-gaza-ne-sont-pas-des-jouets-du-hamas/"
      },
      {
        "datetime": "2020-04-26T16:50:14Z",
        "uri": "https://web.archive.org/web/20200426165014/https://www.lemonde.fr/blog/filiu/2018/04/22/non-les-palestiniens-de-gaza-ne-sont-pas-des-jouets-du-hamas/"
      },
      {
        "datetime": "2020-04-27T17:44:05Z",
        "uri": "https://web.archive.org/web/20200427174405/https://www.lemonde.fr/blog/filiu/2018/04/22/non-les-palestiniens-de-gaza-ne-sont-pas-des-jouets-du-hamas/"
      },
      {
        "datetime": "2020-05-02T02:00:53Z",
        "uri": "https://web.archive.org/web/20200502020053/https://www.lemonde.fr/blog/filiu/2018/04/22/non-les-palestiniens-de-gaza-ne-sont-pas-des-jouets-du-hamas/"
      },
      {
        "datetime": "2020-05-03T02:49:44Z",
        "uri": "https://web.archive.org/web/20200503024944/https://www.lemonde.fr/blog/filiu/2018/04/22/non-les-palestiniens-de-gaza-ne-sont-pas-des-jouets-du-hamas/"
      },
      {
        "datetime": "2020-05-05T05:01:46Z",
        "uri": "https://web.archive.org/web/20200505050146/https://www.lemonde.fr/blog/filiu/2018/04/22/non-les-palestiniens-de-gaza-ne-sont-pas-des-jouets-du-hamas/"
      },
      {
        "datetime": "2020-05-06T05:10:43Z",
        "uri": "https://web.archive.org/web/20200506051043/https://www.lemonde.fr/blog/filiu/2018/04/22/non-les-palestiniens-de-gaza-ne-sont-pas-des-jouets-du-hamas/"
      },
      {
        "datetime": "2020-05-07T06:33:07Z",
        "uri": "https://web.archive.org/web/20200507063307/https://www.lemonde.fr/blog/filiu/2018/04/22/non-les-palestiniens-de-gaza-ne-sont-pas-des-jouets-du-hamas/"
      },
      {
        "datetime": "2020-05-08T08:01:51Z",
        "uri": "https://web.archive.org/web/20200508080151/https://www.lemonde.fr/blog/filiu/2018/04/22/non-les-palestiniens-de-gaza-ne-sont-pas-des-jouets-du-hamas/"
      },
      {
        "datetime": "2020-05-09T09:59:05Z",
        "uri": "https://web.archive.org/web/20200509095905/https://www.lemonde.fr/blog/filiu/2018/04/22/non-les-palestiniens-de-gaza-ne-sont-pas-des-jouets-du-hamas/"
      },
      {
        "datetime": "2020-05-16T13:59:48Z",
        "uri": "https://web.archive.org/web/20200516135948/https://www.lemonde.fr/blog/filiu/2018/04/22/non-les-palestiniens-de-gaza-ne-sont-pas-des-jouets-du-hamas/"
      },
      {
        "datetime": "2020-05-21T16:32:34Z",
        "uri": "https://web.archive.org/web/20200521163234/https://www.lemonde.fr/blog/filiu/2018/04/22/non-les-palestiniens-de-gaza-ne-sont-pas-des-jouets-du-hamas/"
      },
      {
        "datetime": "2020-05-30T15:30:03Z",
        "uri": "https://web.archive.org/web/20200530153003/https://www.lemonde.fr/blog/filiu/2018/04/22/non-les-palestiniens-de-gaza-ne-sont-pas-des-jouets-du-hamas/"
      },
      {
        "datetime": "2020-05-31T15:24:16Z",
        "uri": "https://web.archive.org/web/20200531152416/https://www.lemonde.fr/blog/filiu/2018/04/22/non-les-palestiniens-de-gaza-ne-sont-pas-des-jouets-du-hamas/"
      },
      {
        "datetime": "2020-06-10T00:21:32Z",
        "uri": "https://web.archive.org/web/20200610002132/https://www.lemonde.fr/blog/filiu/2018/04/22/non-les-palestiniens-de-gaza-ne-sont-pas-des-jouets-du-hamas/"
      },
      {
        "datetime": "2020-09-22T23:03:10Z",
        "uri": "https://web.archive.org/web/20200922230310/https://www.lemonde.fr/blog/filiu/2018/04/22/non-les-palestiniens-de-gaza-ne-sont-pas-des-jouets-du-hamas/"
      },
      {
        "datetime": "2020-09-24T00:57:58Z",
        "uri": "https://web.archive.org/web/20200924005758/https://www.lemonde.fr/blog/filiu/2018/04/22/non-les-palestiniens-de-gaza-ne-sont-pas-des-jouets-du-hamas/"
      },
      {
        "datetime": "2020-09-25T02:31:46Z",
        "uri": "https://web.archive.org/web/20200925023146/https://www.lemonde.fr/blog/filiu/2018/04/22/non-les-palestiniens-de-gaza-ne-sont-pas-des-jouets-du-hamas/"
      },
      {
        "datetime": "2020-09-26T02:42:26Z",
        "uri": "https://web.archive.org/web/20200926024226/https://www.lemonde.fr/blog/filiu/2018/04/22/non-les-palestiniens-de-gaza-ne-sont-pas-des-jouets-du-hamas/"
      },
      {
        "datetime": "2020-09-27T05:11:03Z",
        "uri": "https://web.archive.org/web/20200927051103/https://www.lemonde.fr/blog/filiu/2018/04/22/non-les-palestiniens-de-gaza-ne-sont-pas-des-jouets-du-hamas/"
      },
      {
        "datetime": "2020-10-20T03:50:33Z",
        "uri": "https://web.archive.org/web/20201020035033/https://www.lemonde.fr/blog/filiu/2018/04/22/non-les-palestiniens-de-gaza-ne-sont-pas-des-jouets-du-hamas/"
      },
      {
        "datetime": "2020-10-21T06:24:27Z",
        "uri": "https://web.archive.org/web/20201021062427/https://www.lemonde.fr/blog/filiu/2018/04/22/non-les-palestiniens-de-gaza-ne-sont-pas-des-jouets-du-hamas/"
      },
      {
        "datetime": "2020-10-22T05:50:45Z",
        "uri": "https://web.archive.org/web/20201022055045/https://www.lemonde.fr/blog/filiu/2018/04/22/non-les-palestiniens-de-gaza-ne-sont-pas-des-jouets-du-hamas/"
      },
      {
        "datetime": "2020-10-23T07:11:41Z",
        "uri": "https://web.archive.org/web/20201023071141/https://www.lemonde.fr/blog/filiu/2018/04/22/non-les-palestiniens-de-gaza-ne-sont-pas-des-jouets-du-hamas/"
      },
      {
        "datetime": "2020-10-24T08:42:02Z",
        "uri": "https://web.archive.org/web/20201024084202/https://www.lemonde.fr/blog/filiu/2018/04/22/non-les-palestiniens-de-gaza-ne-sont-pas-des-jouets-du-hamas/"
      },
      {
        "datetime": "2020-10-27T20:52:03Z",
        "uri": "https://web.archive.org/web/20201027205203/https://www.lemonde.fr/blog/filiu/2018/04/22/non-les-palestiniens-de-gaza-ne-sont-pas-des-jouets-du-hamas/"
      },
      {
        "datetime": "2020-11-02T15:17:09Z",
        "uri": "https://web.archive.org/web/20201102151709/https://www.lemonde.fr/blog/filiu/2018/04/22/non-les-palestiniens-de-gaza-ne-sont-pas-des-jouets-du-hamas/"
      },
      {
        "datetime": "2020-11-03T17:39:12Z",
        "uri": "https://web.archive.org/web/20201103173912/https://www.lemonde.fr/blog/filiu/2018/04/22/non-les-palestiniens-de-gaza-ne-sont-pas-des-jouets-du-hamas/"
      },
      {
        "datetime": "2020-11-04T16:10:50Z",
        "uri": "https://web.archive.org/web/20201104161050/https://www.lemonde.fr/blog/filiu/2018/04/22/non-les-palestiniens-de-gaza-ne-sont-pas-des-jouets-du-hamas/"
      },
      {
        "datetime": "2020-11-05T18:48:57Z",
        "uri": "https://web.archive.org/web/20201105184857/https://www.lemonde.fr/blog/filiu/2018/04/22/non-les-palestiniens-de-gaza-ne-sont-pas-des-jouets-du-hamas/"
      },
      {
        "datetime": "2020-11-06T19:22:40Z",
        "uri": "https://web.archive.org/web/20201106192240/https://www.lemonde.fr/blog/filiu/2018/04/22/non-les-palestiniens-de-gaza-ne-sont-pas-des-jouets-du-hamas/"
      },
      {
        "datetime": "2020-11-07T20:49:20Z",
        "uri": "https://web.archive.org/web/20201107204920/https://www.lemonde.fr/blog/filiu/2018/04/22/non-les-palestiniens-de-gaza-ne-sont-pas-des-jouets-du-hamas/"
      },
      {
        "datetime": "2020-11-09T04:18:40Z",
        "uri": "https://web.archive.org/web/20201109041840/https://www.lemonde.fr/blog/filiu/2018/04/22/non-les-palestiniens-de-gaza-ne-sont-pas-des-jouets-du-hamas/"
      },
      {
        "datetime": "2020-11-09T04:21:05Z",
        "uri": "https://web.archive.org/web/20201109042105/https://www.lemonde.fr/blog/filiu/2018/04/22/non-les-palestiniens-de-gaza-ne-sont-pas-des-jouets-du-hamas/"
      },
      {
        "datetime": "2020-11-16T05:17:25Z",
        "uri": "https://web.archive.org/web/20201116051725/https://www.lemonde.fr/blog/filiu/2018/04/22/non-les-palestiniens-de-gaza-ne-sont-pas-des-jouets-du-hamas/"
      },
      {
        "datetime": "2020-11-16T05:18:04Z",
        "uri": "https://web.archive.org/web/20201116051804/https://www.lemonde.fr/blog/filiu/2018/04/22/non-les-palestiniens-de-gaza-ne-sont-pas-des-jouets-du-hamas/"
      },
      {
        "datetime": "2021-01-04T12:54:11Z",
        "uri": "https://web.archive.org/web/20210104125411/https://www.lemonde.fr/blog/filiu/2018/04/22/non-les-palestiniens-de-gaza-ne-sont-pas-des-jouets-du-hamas/"
      },
      {
        "datetime": "2021-01-20T01:12:35Z",
        "uri": "https://web.archive.org/web/20210120011235/https://www.lemonde.fr/blog/filiu/2018/04/22/non-les-palestiniens-de-gaza-ne-sont-pas-des-jouets-du-hamas/"
      },
      {
        "datetime": "2021-01-21T01:14:35Z",
        "uri": "https://web.archive.org/web/20210121011435/https://www.lemonde.fr/blog/filiu/2018/04/22/non-les-palestiniens-de-gaza-ne-sont-pas-des-jouets-du-hamas/"
      },
      {
        "datetime": "2021-01-22T03:25:13Z",
        "uri": "https://web.archive.org/web/20210122032513/https://www.lemonde.fr/blog/filiu/2018/04/22/non-les-palestiniens-de-gaza-ne-sont-pas-des-jouets-du-hamas/"
      },
      {
        "datetime": "2021-03-06T16:32:45Z",
        "uri": "https://web.archive.org/web/20210306163245/https://www.lemonde.fr/blog/filiu/2018/04/22/non-les-palestiniens-de-gaza-ne-sont-pas-des-jouets-du-hamas/"
      },
      {
        "datetime": "2021-03-07T18:24:30Z",
        "uri": "https://web.archive.org/web/20210307182430/https://www.lemonde.fr/blog/filiu/2018/04/22/non-les-palestiniens-de-gaza-ne-sont-pas-des-jouets-du-hamas/"
      },
      {
        "datetime": "2021-03-09T22:24:41Z",
        "uri": "https://web.archive.org/web/20210309222441/https://www.lemonde.fr/blog/filiu/2018/04/22/non-les-palestiniens-de-gaza-ne-sont-pas-des-jouets-du-hamas/"
      },
      {
        "datetime": "2021-03-10T20:18:23Z",
        "uri": "https://web.archive.org/web/20210310201823/https://www.lemonde.fr/blog/filiu/2018/04/22/non-les-palestiniens-de-gaza-ne-sont-pas-des-jouets-du-hamas/"
      },
      {
        "datetime": "2021-03-11T23:21:58Z",
        "uri": "https://web.archive.org/web/20210311232158/https://www.lemonde.fr/blog/filiu/2018/04/22/non-les-palestiniens-de-gaza-ne-sont-pas-des-jouets-du-hamas/"
      },
      {
        "datetime": "2021-04-27T02:07:06Z",
        "uri": "https://web.archive.org/web/20210427020706/https://www.lemonde.fr/blog/filiu/2018/04/22/non-les-palestiniens-de-gaza-ne-sont-pas-des-jouets-du-hamas/"
      },
      {
        "datetime": "2021-04-28T04:07:59Z",
        "uri": "https://web.archive.org/web/20210428040759/https://www.lemonde.fr/blog/filiu/2018/04/22/non-les-palestiniens-de-gaza-ne-sont-pas-des-jouets-du-hamas/"
      },
      {
        "datetime": "2021-04-29T13:40:11Z",
        "uri": "https://web.archive.org/web/20210429134011/https://www.lemonde.fr/blog/filiu/2018/04/22/non-les-palestiniens-de-gaza-ne-sont-pas-des-jouets-du-hamas/"
      },
      {
        "datetime": "2021-05-01T11:04:50Z",
        "uri": "https://web.archive.org/web/20210501110450/https://www.lemonde.fr/blog/filiu/2018/04/22/non-les-palestiniens-de-gaza-ne-sont-pas-des-jouets-du-hamas/"
      },
      {
        "datetime": "2021-05-02T11:59:53Z",
        "uri": "https://web.archive.org/web/20210502115953/https://www.lemonde.fr/blog/filiu/2018/04/22/non-les-palestiniens-de-gaza-ne-sont-pas-des-jouets-du-hamas/"
      },
      {
        "datetime": "2021-05-03T13:02:03Z",
        "uri": "https://web.archive.org/web/20210503130203/https://www.lemonde.fr/blog/filiu/2018/04/22/non-les-palestiniens-de-gaza-ne-sont-pas-des-jouets-du-hamas/"
      },
      {
        "datetime": "2021-05-04T15:25:58Z",
        "uri": "https://web.archive.org/web/20210504152558/https://www.lemonde.fr/blog/filiu/2018/04/22/non-les-palestiniens-de-gaza-ne-sont-pas-des-jouets-du-hamas/"
      },
      {
        "datetime": "2021-05-05T13:22:51Z",
        "uri": "https://web.archive.org/web/20210505132251/https://www.lemonde.fr/blog/filiu/2018/04/22/non-les-palestiniens-de-gaza-ne-sont-pas-des-jouets-du-hamas/"
      },
      {
        "datetime": "2021-05-23T09:21:08Z",
        "uri": "https://web.archive.org/web/20210523092108/https://www.lemonde.fr/blog/filiu/2018/04/22/non-les-palestiniens-de-gaza-ne-sont-pas-des-jouets-du-hamas/"
      },
      {
        "datetime": "2021-05-31T16:52:12Z",
        "uri": "https://web.archive.org/web/20210531165212/https://www.lemonde.fr/blog/filiu/2018/04/22/non-les-palestiniens-de-gaza-ne-sont-pas-des-jouets-du-hamas/"
      },
      {
        "datetime": "2021-06-01T16:48:57Z",
        "uri": "https://web.archive.org/web/20210601164857/https://www.lemonde.fr/blog/filiu/2018/04/22/non-les-palestiniens-de-gaza-ne-sont-pas-des-jouets-du-hamas/"
      },
      {
        "datetime": "2021-06-02T16:46:09Z",
        "uri": "https://web.archive.org/web/20210602164609/https://www.lemonde.fr/blog/filiu/2018/04/22/non-les-palestiniens-de-gaza-ne-sont-pas-des-jouets-du-hamas/"
      },
      {
        "datetime": "2021-06-03T18:16:56Z",
        "uri": "https://web.archive.org/web/20210603181656/https://www.lemonde.fr/blog/filiu/2018/04/22/non-les-palestiniens-de-gaza-ne-sont-pas-des-jouets-du-hamas/"
      },
      {
        "datetime": "2021-06-04T19:30:04Z",
        "uri": "https://web.archive.org/web/20210604193004/https://www.lemonde.fr/blog/filiu/2018/04/22/non-les-palestiniens-de-gaza-ne-sont-pas-des-jouets-du-hamas/"
      },
      {
        "datetime": "2021-06-05T21:09:34Z",
        "uri": "https://web.archive.org/web/20210605210934/https://www.lemonde.fr/blog/filiu/2018/04/22/non-les-palestiniens-de-gaza-ne-sont-pas-des-jouets-du-hamas/"
      },
      {
        "datetime": "2021-06-06T21:37:15Z",
        "uri": "https://web.archive.org/web/20210606213715/https://www.lemonde.fr/blog/filiu/2018/04/22/non-les-palestiniens-de-gaza-ne-sont-pas-des-jouets-du-hamas/"
      },
      {
        "datetime": "2021-06-07T22:10:07Z",
        "uri": "https://web.archive.org/web/20210607221007/https://www.lemonde.fr/blog/filiu/2018/04/22/non-les-palestiniens-de-gaza-ne-sont-pas-des-jouets-du-hamas/"
      },
      {
        "datetime": "2021-06-08T23:59:30Z",
        "uri": "https://web.archive.org/web/20210608235930/https://www.lemonde.fr/blog/filiu/2018/04/22/non-les-palestiniens-de-gaza-ne-sont-pas-des-jouets-du-hamas/"
      },
      {
        "datetime": "2021-06-09T23:44:43Z",
        "uri": "https://web.archive.org/web/20210609234443/https://www.lemonde.fr/blog/filiu/2018/04/22/non-les-palestiniens-de-gaza-ne-sont-pas-des-jouets-du-hamas/"
      },
      {
        "datetime": "2021-06-11T00:35:33Z",
        "uri": "https://web.archive.org/web/20210611003533/https://www.lemonde.fr/blog/filiu/2018/04/22/non-les-palestiniens-de-gaza-ne-sont-pas-des-jouets-du-hamas/"
      },
      {
        "datetime": "2021-08-12T01:22:43Z",
        "uri": "https://web.archive.org/web/20210812012243/https://www.lemonde.fr/blog/filiu/2018/04/22/non-les-palestiniens-de-gaza-ne-sont-pas-des-jouets-du-hamas/"
      },
      {
        "datetime": "2022-03-21T14:46:25Z",
        "uri": "https://web.archive.org/web/20220321144625/https://www.lemonde.fr/blog/filiu/2018/04/22/non-les-palestiniens-de-gaza-ne-sont-pas-des-jouets-du-hamas/"
      },
      {
        "datetime": "2022-03-22T14:34:35Z",
        "uri": "https://web.archive.org/web/20220322143435/https://www.lemonde.fr/blog/filiu/2018/04/22/non-les-palestiniens-de-gaza-ne-sont-pas-des-jouets-du-hamas/"
      },
      {
        "datetime": "2022-03-29T13:46:39Z",
        "uri": "https://web.archive.org/web/20220329134639/https://www.lemonde.fr/blog/filiu/2018/04/22/non-les-palestiniens-de-gaza-ne-sont-pas-des-jouets-du-hamas/"
      },
      {
        "datetime": "2022-04-05T08:44:04Z",
        "uri": "https://web.archive.org/web/20220405084404/https://www.lemonde.fr/blog/filiu/2018/04/22/non-les-palestiniens-de-gaza-ne-sont-pas-des-jouets-du-hamas/"
      },
      {
        "datetime": "2022-04-06T04:41:44Z",
        "uri": "https://web.archive.org/web/20220406044144/https://www.lemonde.fr/blog/filiu/2018/04/22/non-les-palestiniens-de-gaza-ne-sont-pas-des-jouets-du-hamas/"
      },
      {
        "datetime": "2022-05-16T18:08:32Z",
        "uri": "https://web.archive.org/web/20220516180832/https://www.lemonde.fr/blog/filiu/2018/04/22/non-les-palestiniens-de-gaza-ne-sont-pas-des-jouets-du-hamas/"
      },
      {
        "datetime": "2022-05-17T16:40:49Z",
        "uri": "https://web.archive.org/web/20220517164049/https://www.lemonde.fr/blog/filiu/2018/04/22/non-les-palestiniens-de-gaza-ne-sont-pas-des-jouets-du-hamas/"
      },
      {
        "datetime": "2022-05-24T11:39:48Z",
        "uri": "https://web.archive.org/web/20220524113948/https://www.lemonde.fr/blog/filiu/2018/04/22/non-les-palestiniens-de-gaza-ne-sont-pas-des-jouets-du-hamas/"
      },
      {
        "datetime": "2022-05-25T11:40:10Z",
        "uri": "https://web.archive.org/web/20220525114010/https://www.lemonde.fr/blog/filiu/2018/04/22/non-les-palestiniens-de-gaza-ne-sont-pas-des-jouets-du-hamas/"
      },
      {
        "datetime": "2022-05-26T13:37:53Z",
        "uri": "https://web.archive.org/web/20220526133753/https://www.lemonde.fr/blog/filiu/2018/04/22/non-les-palestiniens-de-gaza-ne-sont-pas-des-jouets-du-hamas/"
      },
      {
        "datetime": "2022-05-27T12:56:25Z",
        "uri": "https://web.archive.org/web/20220527125625/https://www.lemonde.fr/blog/filiu/2018/04/22/non-les-palestiniens-de-gaza-ne-sont-pas-des-jouets-du-hamas/"
      },
      {
        "datetime": "2022-05-28T13:46:01Z",
        "uri": "https://web.archive.org/web/20220528134601/https://www.lemonde.fr/blog/filiu/2018/04/22/non-les-palestiniens-de-gaza-ne-sont-pas-des-jouets-du-hamas/"
      },
      {
        "datetime": "2022-05-29T15:24:42Z",
        "uri": "https://web.archive.org/web/20220529152442/https://www.lemonde.fr/blog/filiu/2018/04/22/non-les-palestiniens-de-gaza-ne-sont-pas-des-jouets-du-hamas/"
      },
      {
        "datetime": "2022-05-30T22:02:59Z",
        "uri": "https://web.archive.org/web/20220530220259/https://www.lemonde.fr/blog/filiu/2018/04/22/non-les-palestiniens-de-gaza-ne-sont-pas-des-jouets-du-hamas/"
      },
      {
        "datetime": "2022-05-31T23:41:49Z",
        "uri": "https://web.archive.org/web/20220531234149/https://www.lemonde.fr/blog/filiu/2018/04/22/non-les-palestiniens-de-gaza-ne-sont-pas-des-jouets-du-hamas/"
      },
      {
        "datetime": "2022-06-07T00:06:08Z",
        "uri": "https://web.archive.org/web/20220607000608/https://www.lemonde.fr/blog/filiu/2018/04/22/non-les-palestiniens-de-gaza-ne-sont-pas-des-jouets-du-hamas/"
      },
      {
        "datetime": "2022-06-08T02:01:29Z",
        "uri": "https://web.archive.org/web/20220608020129/https://www.lemonde.fr/blog/filiu/2018/04/22/non-les-palestiniens-de-gaza-ne-sont-pas-des-jouets-du-hamas/"
      },
      {
        "datetime": "2022-06-14T03:37:38Z",
        "uri": "https://web.archive.org/web/20220614033738/https://www.lemonde.fr/blog/filiu/2018/04/22/non-les-palestiniens-de-gaza-ne-sont-pas-des-jouets-du-hamas/"
      },
      {
        "datetime": "2022-06-15T05:23:54Z",
        "uri": "https://web.archive.org/web/20220615052354/https://www.lemonde.fr/blog/filiu/2018/04/22/non-les-palestiniens-de-gaza-ne-sont-pas-des-jouets-du-hamas/"
      },
      {
        "datetime": "2022-06-19T07:49:54Z",
        "uri": "https://web.archive.org/web/20220619074954/https://www.lemonde.fr/blog/filiu/2018/04/22/non-les-palestiniens-de-gaza-ne-sont-pas-des-jouets-du-hamas/"
      },
      {
        "datetime": "2022-06-19T15:55:40Z",
        "uri": "https://web.archive.org/web/20220619155540/https://www.lemonde.fr/blog/filiu/2018/04/22/non-les-palestiniens-de-gaza-ne-sont-pas-des-jouets-du-hamas/"
      },
      {
        "datetime": "2022-06-20T20:54:24Z",
        "uri": "https://web.archive.org/web/20220620205424/https://www.lemonde.fr/blog/filiu/2018/04/22/non-les-palestiniens-de-gaza-ne-sont-pas-des-jouets-du-hamas/"
      },
      {
        "datetime": "2022-06-28T00:14:04Z",
        "uri": "https://web.archive.org/web/20220628001404/https://www.lemonde.fr/blog/filiu/2018/04/22/non-les-palestiniens-de-gaza-ne-sont-pas-des-jouets-du-hamas/"
      },
      {
        "datetime": "2022-06-29T00:07:25Z",
        "uri": "https://web.archive.org/web/20220629000725/https://www.lemonde.fr/blog/filiu/2018/04/22/non-les-palestiniens-de-gaza-ne-sont-pas-des-jouets-du-hamas/"
      },
      {
        "datetime": "2022-06-29T03:30:02Z",
        "uri": "https://web.archive.org/web/20220629033002/https://www.lemonde.fr/blog/filiu/2018/04/22/non-les-palestiniens-de-gaza-ne-sont-pas-des-jouets-du-hamas/"
      },
      {
        "datetime": "2022-06-30T01:02:22Z",
        "uri": "https://web.archive.org/web/20220630010222/https://www.lemonde.fr/blog/filiu/2018/04/22/non-les-palestiniens-de-gaza-ne-sont-pas-des-jouets-du-hamas/"
      },
      {
        "datetime": "2022-07-01T01:11:34Z",
        "uri": "https://web.archive.org/web/20220701011134/https://www.lemonde.fr/blog/filiu/2018/04/22/non-les-palestiniens-de-gaza-ne-sont-pas-des-jouets-du-hamas/"
      },
      {
        "datetime": "2022-07-01T03:40:17Z",
        "uri": "https://web.archive.org/web/20220701034017/https://www.lemonde.fr/blog/filiu/2018/04/22/non-les-palestiniens-de-gaza-ne-sont-pas-des-jouets-du-hamas/"
      },
      {
        "datetime": "2022-07-02T02:50:33Z",
        "uri": "https://web.archive.org/web/20220702025033/https://www.lemonde.fr/blog/filiu/2018/04/22/non-les-palestiniens-de-gaza-ne-sont-pas-des-jouets-du-hamas/"
      },
      {
        "datetime": "2022-07-03T03:51:45Z",
        "uri": "https://web.archive.org/web/20220703035145/https://www.lemonde.fr/blog/filiu/2018/04/22/non-les-palestiniens-de-gaza-ne-sont-pas-des-jouets-du-hamas/"
      },
      {
        "datetime": "2022-07-18T15:03:03Z",
        "uri": "https://web.archive.org/web/20220718150303/https://www.lemonde.fr/blog/filiu/2018/04/22/non-les-palestiniens-de-gaza-ne-sont-pas-des-jouets-du-hamas/"
      },
      {
        "datetime": "2022-07-19T18:28:32Z",
        "uri": "https://web.archive.org/web/20220719182832/https://www.lemonde.fr/blog/filiu/2018/04/22/non-les-palestiniens-de-gaza-ne-sont-pas-des-jouets-du-hamas/"
      },
      {
        "datetime": "2022-07-20T19:29:12Z",
        "uri": "https://web.archive.org/web/20220720192912/https://www.lemonde.fr/blog/filiu/2018/04/22/non-les-palestiniens-de-gaza-ne-sont-pas-des-jouets-du-hamas/"
      },
      {
        "datetime": "2022-07-29T02:17:19Z",
        "uri": "https://web.archive.org/web/20220729021719/https://www.lemonde.fr/blog/filiu/2018/04/22/non-les-palestiniens-de-gaza-ne-sont-pas-des-jouets-du-hamas/"
      },
      {
        "datetime": "2022-08-01T22:45:08Z",
        "uri": "https://web.archive.org/web/20220801224508/https://www.lemonde.fr/blog/filiu/2018/04/22/non-les-palestiniens-de-gaza-ne-sont-pas-des-jouets-du-hamas/"
      },
      {
        "datetime": "2022-08-02T23:31:13Z",
        "uri": "https://web.archive.org/web/20220802233113/https://www.lemonde.fr/blog/filiu/2018/04/22/non-les-palestiniens-de-gaza-ne-sont-pas-des-jouets-du-hamas/"
      },
      {
        "datetime": "2022-08-03T23:36:23Z",
        "uri": "https://web.archive.org/web/20220803233623/https://www.lemonde.fr/blog/filiu/2018/04/22/non-les-palestiniens-de-gaza-ne-sont-pas-des-jouets-du-hamas/"
      },
      {
        "datetime": "2022-08-05T00:25:33Z",
        "uri": "https://web.archive.org/web/20220805002533/https://www.lemonde.fr/blog/filiu/2018/04/22/non-les-palestiniens-de-gaza-ne-sont-pas-des-jouets-du-hamas/"
      },
      {
        "datetime": "2022-08-05T20:46:46Z",
        "uri": "https://web.archive.org/web/20220805204646/https://www.lemonde.fr/blog/filiu/2018/04/22/non-les-palestiniens-de-gaza-ne-sont-pas-des-jouets-du-hamas/"
      },
      {
        "datetime": "2022-08-07T00:57:58Z",
        "uri": "https://web.archive.org/web/20220807005758/https://www.lemonde.fr/blog/filiu/2018/04/22/non-les-palestiniens-de-gaza-ne-sont-pas-des-jouets-du-hamas/"
      },
      {
        "datetime": "2022-08-09T04:59:51Z",
        "uri": "https://web.archive.org/web/20220809045951/https://www.lemonde.fr/blog/filiu/2018/04/22/non-les-palestiniens-de-gaza-ne-sont-pas-des-jouets-du-hamas/"
      },
      {
        "datetime": "2022-08-10T04:18:24Z",
        "uri": "https://web.archive.org/web/20220810041824/https://www.lemonde.fr/blog/filiu/2018/04/22/non-les-palestiniens-de-gaza-ne-sont-pas-des-jouets-du-hamas/"
      },
      {
        "datetime": "2022-08-11T05:22:20Z",
        "uri": "https://web.archive.org/web/20220811052220/https://www.lemonde.fr/blog/filiu/2018/04/22/non-les-palestiniens-de-gaza-ne-sont-pas-des-jouets-du-hamas/"
      },
      {
        "datetime": "2022-08-12T07:01:11Z",
        "uri": "https://web.archive.org/web/20220812070111/https://www.lemonde.fr/blog/filiu/2018/04/22/non-les-palestiniens-de-gaza-ne-sont-pas-des-jouets-du-hamas/"
      },
      {
        "datetime": "2022-08-13T06:30:06Z",
        "uri": "https://web.archive.org/web/20220813063006/https://www.lemonde.fr/blog/filiu/2018/04/22/non-les-palestiniens-de-gaza-ne-sont-pas-des-jouets-du-hamas/"
      },
      {
        "datetime": "2022-08-18T21:47:20Z",
        "uri": "https://web.archive.org/web/20220818214720/https://www.lemonde.fr/blog/filiu/2018/04/22/non-les-palestiniens-de-gaza-ne-sont-pas-des-jouets-du-hamas/"
      },
      {
        "datetime": "2022-08-19T21:52:28Z",
        "uri": "https://web.archive.org/web/20220819215228/https://www.lemonde.fr/blog/filiu/2018/04/22/non-les-palestiniens-de-gaza-ne-sont-pas-des-jouets-du-hamas/"
      },
      {
        "datetime": "2022-08-20T19:47:53Z",
        "uri": "https://web.archive.org/web/20220820194753/https://www.lemonde.fr/blog/filiu/2018/04/22/non-les-palestiniens-de-gaza-ne-sont-pas-des-jouets-du-hamas/"
      },
      {
        "datetime": "2022-08-22T22:04:00Z",
        "uri": "https://web.archive.org/web/20220822220400/https://www.lemonde.fr/blog/filiu/2018/04/22/non-les-palestiniens-de-gaza-ne-sont-pas-des-jouets-du-hamas/"
      },
      {
        "datetime": "2022-08-23T23:22:08Z",
        "uri": "https://web.archive.org/web/20220823232208/https://www.lemonde.fr/blog/filiu/2018/04/22/non-les-palestiniens-de-gaza-ne-sont-pas-des-jouets-du-hamas/"
      },
      {
        "datetime": "2022-08-24T23:31:18Z",
        "uri": "https://web.archive.org/web/20220824233118/https://www.lemonde.fr/blog/filiu/2018/04/22/non-les-palestiniens-de-gaza-ne-sont-pas-des-jouets-du-hamas/"
      },
      {
        "datetime": "2022-08-26T13:31:13Z",
        "uri": "https://web.archive.org/web/20220826133113/https://www.lemonde.fr/blog/filiu/2018/04/22/non-les-palestiniens-de-gaza-ne-sont-pas-des-jouets-du-hamas/"
      },
      {
        "datetime": "2022-08-27T13:10:07Z",
        "uri": "https://web.archive.org/web/20220827131007/https://www.lemonde.fr/blog/filiu/2018/04/22/non-les-palestiniens-de-gaza-ne-sont-pas-des-jouets-du-hamas/"
      },
      {
        "datetime": "2022-08-30T15:17:48Z",
        "uri": "https://web.archive.org/web/20220830151748/https://www.lemonde.fr/blog/filiu/2018/04/22/non-les-palestiniens-de-gaza-ne-sont-pas-des-jouets-du-hamas/"
      },
      {
        "datetime": "2022-10-10T11:54:38Z",
        "uri": "https://web.archive.org/web/20221010115438/https://www.lemonde.fr/blog/filiu/2018/04/22/non-les-palestiniens-de-gaza-ne-sont-pas-des-jouets-du-hamas/"
      },
      {
        "datetime": "2022-10-11T13:06:21Z",
        "uri": "https://web.archive.org/web/20221011130621/https://www.lemonde.fr/blog/filiu/2018/04/22/non-les-palestiniens-de-gaza-ne-sont-pas-des-jouets-du-hamas/"
      },
      {
        "datetime": "2022-10-12T13:15:57Z",
        "uri": "https://web.archive.org/web/20221012131557/https://www.lemonde.fr/blog/filiu/2018/04/22/non-les-palestiniens-de-gaza-ne-sont-pas-des-jouets-du-hamas/"
      },
      {
        "datetime": "2022-10-13T15:53:37Z",
        "uri": "https://web.archive.org/web/20221013155337/https://www.lemonde.fr/blog/filiu/2018/04/22/non-les-palestiniens-de-gaza-ne-sont-pas-des-jouets-du-hamas/"
      },
      {
        "datetime": "2022-10-19T11:06:12Z",
        "uri": "https://web.archive.org/web/20221019110612/https://www.lemonde.fr/blog/filiu/2018/04/22/non-les-palestiniens-de-gaza-ne-sont-pas-des-jouets-du-hamas/"
      },
      {
        "datetime": "2022-10-20T11:48:58Z",
        "uri": "https://web.archive.org/web/20221020114858/https://www.lemonde.fr/blog/filiu/2018/04/22/non-les-palestiniens-de-gaza-ne-sont-pas-des-jouets-du-hamas/"
      },
      {
        "datetime": "2022-10-21T13:02:49Z",
        "uri": "https://web.archive.org/web/20221021130249/https://www.lemonde.fr/blog/filiu/2018/04/22/non-les-palestiniens-de-gaza-ne-sont-pas-des-jouets-du-hamas/"
      },
      {
        "datetime": "2022-10-22T12:40:17Z",
        "uri": "https://web.archive.org/web/20221022124017/https://www.lemonde.fr/blog/filiu/2018/04/22/non-les-palestiniens-de-gaza-ne-sont-pas-des-jouets-du-hamas/"
      },
      {
        "datetime": "2022-10-23T13:16:51Z",
        "uri": "https://web.archive.org/web/20221023131651/https://www.lemonde.fr/blog/filiu/2018/04/22/non-les-palestiniens-de-gaza-ne-sont-pas-des-jouets-du-hamas/"
      },
      {
        "datetime": "2022-10-24T11:31:26Z",
        "uri": "https://web.archive.org/web/20221024113126/https://www.lemonde.fr/blog/filiu/2018/04/22/non-les-palestiniens-de-gaza-ne-sont-pas-des-jouets-du-hamas/"
      },
      {
        "datetime": "2022-10-25T11:22:01Z",
        "uri": "https://web.archive.org/web/20221025112201/https://www.lemonde.fr/blog/filiu/2018/04/22/non-les-palestiniens-de-gaza-ne-sont-pas-des-jouets-du-hamas/"
      },
      {
        "datetime": "2022-11-03T03:32:25Z",
        "uri": "https://web.archive.org/web/20221103033225/https://www.lemonde.fr/blog/filiu/2018/04/22/non-les-palestiniens-de-gaza-ne-sont-pas-des-jouets-du-hamas/"
      },
      {
        "datetime": "2022-11-22T05:53:35Z",
        "uri": "https://web.archive.org/web/20221122055335/https://www.lemonde.fr/blog/filiu/2018/04/22/non-les-palestiniens-de-gaza-ne-sont-pas-des-jouets-du-hamas/"
      },
      {
        "datetime": "2022-11-23T02:16:51Z",
        "uri": "https://web.archive.org/web/20221123021651/https://www.lemonde.fr/blog/filiu/2018/04/22/non-les-palestiniens-de-gaza-ne-sont-pas-des-jouets-du-hamas/"
      },
      {
        "datetime": "2022-11-24T03:57:04Z",
        "uri": "https://web.archive.org/web/20221124035704/https://www.lemonde.fr/blog/filiu/2018/04/22/non-les-palestiniens-de-gaza-ne-sont-pas-des-jouets-du-hamas/"
      },
      {
        "datetime": "2022-11-25T05:21:34Z",
        "uri": "https://web.archive.org/web/20221125052134/https://www.lemonde.fr/blog/filiu/2018/04/22/non-les-palestiniens-de-gaza-ne-sont-pas-des-jouets-du-hamas/"
      },
      {
        "datetime": "2022-11-26T05:45:34Z",
        "uri": "https://web.archive.org/web/20221126054534/https://www.lemonde.fr/blog/filiu/2018/04/22/non-les-palestiniens-de-gaza-ne-sont-pas-des-jouets-du-hamas/"
      },
      {
        "datetime": "2022-11-27T06:10:47Z",
        "uri": "https://web.archive.org/web/20221127061047/https://www.lemonde.fr/blog/filiu/2018/04/22/non-les-palestiniens-de-gaza-ne-sont-pas-des-jouets-du-hamas/"
      },
      {
        "datetime": "2022-12-18T14:33:21Z",
        "uri": "https://web.archive.org/web/20221218143321/https://www.lemonde.fr/blog/filiu/2018/04/22/non-les-palestiniens-de-gaza-ne-sont-pas-des-jouets-du-hamas/"
      }
    ],
    "first": {
      "datetime": "2019-09-20T20:04:49Z",
      "uri": "https://web.archive.org/web/20190920200449/https://www.lemonde.fr/blog/filiu/2018/04/22/non-les-palestiniens-de-gaza-ne-sont-pas-des-jouets-du-hamas/"
    },
    "last": {
      "datetime": "2022-12-18T14:33:21Z",
      "uri": "https://web.archive.org/web/20221218143321/https://www.lemonde.fr/blog/filiu/2018/04/22/non-les-palestiniens-de-gaza-ne-sont-pas-des-jouets-du-hamas/"
    }
  },
  "timemap_uri": {
    "link_format": "http://localhost:1208/timemap/link/https://www.lemonde.fr/blog/filiu/2018/04/22/non-les-palestiniens-de-gaza-ne-sont-pas-des-jouets-du-hamas/#:~:text=JEAN%252DPIERRE%25",
    "json_format": "http://localhost:1208/timemap/json/https://www.lemonde.fr/blog/filiu/2018/04/22/non-les-palestiniens-de-gaza-ne-sont-pas-des-jouets-du-hamas/#:~:text=JEAN%252DPIERRE%25",
    "cdxj_format": "http://localhost:1208/timemap/cdxj/https://www.lemonde.fr/blog/filiu/2018/04/22/non-les-palestiniens-de-gaza-ne-sont-pas-des-jouets-du-hamas/#:~:text=JEAN%252DPIERRE%25"
  },
  "timegate_uri": "http://localhost:1208/timegate/https://www.lemonde.fr/blog/filiu/2018/04/22/non-les-palestiniens-de-gaza-ne-sont-pas-des-jouets-du-hamas/#:~:text=JEAN%252DPIERRE%25"
}
