{
  "original_uri": "https://api.whatsapp.com/send/?phone=5511916607101&text&type=phone_number&app_absent=0",
  "self": "http://localhost:1208/timemap/json/https://api.whatsapp.com/send/?phone=5511916607101&text&type=phone_number&app_absent=0",
  "mementos": {
    "list": [
      {
        "datetime": "2022-09-09T16:42:47Z",
        "uri": "https://web.archive.org/web/20220909164247/https://api.whatsapp.com/send/?phone=5511916607101&text&type=phone_number&app_absent=0"
      },
      {
        "datetime": "2022-09-09T18:50:46Z",
        "uri": "https://web.archive.org/web/20220909185046/https://api.whatsapp.com/send/?phone=5511916607101&text&type=phone_number&app_absent=0"
      }
    ],
    "first": {
      "datetime": "2022-09-09T16:42:47Z",
      "uri": "https://web.archive.org/web/20220909164247/https://api.whatsapp.com/send/?phone=5511916607101&text&type=phone_number&app_absent=0"
    },
    "last": {
      "datetime": "2022-09-09T18:50:46Z",
      "uri": "https://web.archive.org/web/20220909185046/https://api.whatsapp.com/send/?phone=5511916607101&text&type=phone_number&app_absent=0"
    }
  },
  "timemap_uri": {
    "link_format": "http://localhost:1208/timemap/link/https://api.whatsapp.com/send/?phone=5511916607101&text&type=phone_number&app_absent=0",
    "json_format": "http://localhost:1208/timemap/json/https://api.whatsapp.com/send/?phone=5511916607101&text&type=phone_number&app_absent=0",
    "cdxj_format": "http://localhost:1208/timemap/cdxj/https://api.whatsapp.com/send/?phone=5511916607101&text&type=phone_number&app_absent=0"
  },
  "timegate_uri": "http://localhost:1208/timegate/https://api.whatsapp.com/send/?phone=5511916607101&text&type=phone_number&app_absent=0"
}
