{
  "original_uri": "https://www.abc.net.au/news/2023-10-23/taylor-swift-and-travis-kelce-what-it-means-for-the-nfl/103008678?utm_campaign=newsweb-article-new-share-null&utm_content=twitter&utm_medium=content_shared&utm_source=abc_news_web",
  "self": "http://localhost:1208/timemap/json/https://www.abc.net.au/news/2023-10-23/taylor-swift-and-travis-kelce-what-it-means-for-the-nfl/103008678?utm_campaign=newsweb-article-new-share-null&utm_content=twitter&utm_medium=content_shared&utm_source=abc_news_web",
  "mementos": {
    "list": [
      {
        "datetime": "2023-10-23T05:40:00Z",
        "uri": "https://web.archive.org.au/awa/20231023054000mp_/https://www.abc.net.au/news/2023-10-23/taylor-swift-and-travis-kelce-what-it-means-for-the-nfl/103008678"
      },
      {
        "datetime": "2023-10-24T05:43:56Z",
        "uri": "https://web.archive.org.au/awa/20231024054356mp_/https://www.abc.net.au/news/2023-10-23/taylor-swift-and-travis-kelce-what-it-means-for-the-nfl/103008678"
      }
    ],
    "first": {
      "datetime": "2023-10-23T05:40:00Z",
      "uri": "https://web.archive.org.au/awa/20231023054000mp_/https://www.abc.net.au/news/2023-10-23/taylor-swift-and-travis-kelce-what-it-means-for-the-nfl/103008678"
    },
    "last": {
      "datetime": "2023-10-24T05:43:56Z",
      "uri": "https://web.archive.org.au/awa/20231024054356mp_/https://www.abc.net.au/news/2023-10-23/taylor-swift-and-travis-kelce-what-it-means-for-the-nfl/103008678"
    }
  },
  "timemap_uri": {
    "link_format": "http://localhost:1208/timemap/link/https://www.abc.net.au/news/2023-10-23/taylor-swift-and-travis-kelce-what-it-means-for-the-nfl/103008678?utm_campaign=newsweb-article-new-share-null&utm_content=twitter&utm_medium=content_shared&utm_source=abc_news_web",
    "json_format": "http://localhost:1208/timemap/json/https://www.abc.net.au/news/2023-10-23/taylor-swift-and-travis-kelce-what-it-means-for-the-nfl/103008678?utm_campaign=newsweb-article-new-share-null&utm_content=twitter&utm_medium=content_shared&utm_source=abc_news_web",
    "cdxj_format": "http://localhost:1208/timemap/cdxj/https://www.abc.net.au/news/2023-10-23/taylor-swift-and-travis-kelce-what-it-means-for-the-nfl/103008678?utm_campaign=newsweb-article-new-share-null&utm_content=twitter&utm_medium=content_shared&utm_source=abc_news_web"
  },
  "timegate_uri": "http://localhost:1208/timegate/https://www.abc.net.au/news/2023-10-23/taylor-swift-and-travis-kelce-what-it-means-for-the-nfl/103008678?utm_campaign=newsweb-article-new-share-null&utm_content=twitter&utm_medium=content_shared&utm_source=abc_news_web"
}
