{
  "original_uri": "https://www.theguardian.com/environment/2023/oct/23/rapid-ice-melt-in-west-antarctica-now-inevitable-research-shows",
  "self": "http://localhost:1208/timemap/json/https://www.theguardian.com/environment/2023/oct/23/rapid-ice-melt-in-west-antarctica-now-inevitable-research-shows",
  "mementos": {
    "list": [
      {
        "datetime": "2023-10-23T15:11:49Z",
        "uri": "https://web.archive.org/web/20231023151149/https://www.theguardian.com/environment/2023/oct/23/rapid-ice-melt-in-west-antarctica-now-inevitable-research-shows"
      },
      {
        "datetime": "2023-10-23T15:14:50Z",
        "uri": "https://web.archive.org/web/20231023151450/http://www.theguardian.com/environment/2023/oct/23/rapid-ice-melt-in-west-antarctica-now-inevitable-research-shows"
      },
      {
        "datetime": "2023-10-23T15:47:17Z",
        "uri": "https://web.archive.org/web/20231023154717/https://www.theguardian.com/environment/2023/oct/23/rapid-ice-melt-in-west-antarctica-now-inevitable-research-shows"
      },
      {
        "datetime": "2023-10-23T16:08:34Z",
        "uri": "https://web.archive.org/web/20231023160834/https://www.theguardian.com/environment/2023/oct/23/rapid-ice-melt-in-west-antarctica-now-inevitable-research-shows"
      },
      {
        "datetime": "2023-10-23T16:30:10Z",
        "uri": "http://archive.md/20231023163010/https://www.theguardian.com/environment/2023/oct/23/rapid-ice-melt-in-west-antarctica-now-inevitable-research-shows"
      },
      {
        "datetime": "2023-10-23T16:52:54Z",
        "uri": "https://web.archive.org/web/20231023165254/https://www.theguardian.com/environment/2023/oct/23/rapid-ice-melt-in-west-antarctica-now-inevitable-research-shows"
      },
      {
        "datetime": "2023-10-23T17:37:26Z",
        "uri": "https://web.archive.org/web/20231023173726/https://www.theguardian.com/environment/2023/oct/23/rapid-ice-melt-in-west-antarctica-now-inevitable-research-shows"
      },
      {
        "datetime": "2023-10-23T17:44:49Z",
        "uri": "https://www.webarchive.org.uk/wayback/archive/20231023174449mp_/https://www.theguardian.com/environment/2023/oct/23/rapid-ice-melt-in-west-antarctica-now-inevitable-research-shows"
      },
      {
        "datetime": "2023-10-23T19:18:56Z",
        "uri": "https://web.archive.org/web/20231023191856/https://www.theguardian.com/environment/2023/oct/23/rapid-ice-melt-in-west-antarctica-now-inevitable-research-shows"
      },
      {
        "datetime": "2023-10-23T20:37:27Z",
        "uri": "https://web.archive.org/web/20231023203727/https://www.theguardian.com/environment/2023/oct/23/rapid-ice-melt-in-west-antarctica-now-inevitable-research-shows"
      },
      {
        "datetime": "2023-10-24T00:33:23Z",
        "uri": "https://web.archive.org/web/20231024003323/https://www.theguardian.com/environment/2023/oct/23/rapid-ice-melt-in-west-antarctica-now-inevitable-research-shows"
      },
      {
        "datetime": "2023-10-24T01:52:03Z",
        "uri": "https://web.archive.org/web/20231024015203/https://www.theguardian.com/environment/2023/oct/23/rapid-ice-melt-in-west-antarctica-now-inevitable-research-shows"
      },
      {
        "datetime": "2023-10-24T02:59:02Z",
        "uri": "https://web.archive.org/web/20231024025902/https://www.theguardian.com/environment/2023/oct/23/rapid-ice-melt-in-west-antarctica-now-inevitable-research-shows"
      },
      {
        "datetime": "2023-10-24T04:06:55Z",
        "uri": "https://web.archive.org/web/20231024040655/https://www.theguardian.com/environment/2023/oct/23/rapid-ice-melt-in-west-antarctica-now-inevitable-research-shows"
      },
      {
        "datetime": "2023-10-24T04:35:38Z",
        "uri": "https://web.archive.org/web/20231024043538/https://www.theguardian.com/environment/2023/oct/23/rapid-ice-melt-in-west-antarctica-now-inevitable-research-shows"
      },
      {
        "datetime": "2023-10-24T05:12:21Z",
        "uri": "https://web.archive.org/web/20231024051221/https://www.theguardian.com/environment/2023/oct/23/rapid-ice-melt-in-west-antarctica-now-inevitable-research-shows"
      },
      {
        "datetime": "2023-10-24T05:52:58Z",
        "uri": "https://web.archive.org/web/20231024055258/https://www.theguardian.com/environment/2023/oct/23/rapid-ice-melt-in-west-antarctica-now-inevitable-research-shows"
      },
      {
        "datetime": "2023-10-24T06:31:12Z",
        "uri": "https://web.archive.org/web/20231024063112/https://www.theguardian.com/environment/2023/oct/23/rapid-ice-melt-in-west-antarctica-now-inevitable-research-shows"
      },
      {
        "datetime": "2023-10-24T07:15:36Z",
        "uri": "https://web.archive.org/web/20231024071536/https://www.theguardian.com/environment/2023/oct/23/rapid-ice-melt-in-west-antarctica-now-inevitable-research-shows"
      },
      {
        "datetime": "2023-10-24T07:17:23Z",
        "uri": "https://web.archive.org/web/20231024071723/https://www.theguardian.com/environment/2023/oct/23/rapid-ice-melt-in-west-antarctica-now-inevitable-research-shows"
      },
      {
        "datetime": "2023-10-24T07:19:53Z",
        "uri": "https://web.archive.org/web/20231024071953/https://www.theguardian.com/environment/2023/oct/23/rapid-ice-melt-in-west-antarctica-now-inevitable-research-shows"
      },
      {
        "datetime": "2023-10-24T07:20:57Z",
        "uri": "https://web.archive.org/web/20231024072057/https://www.theguardian.com/environment/2023/oct/23/rapid-ice-melt-in-west-antarctica-now-inevitable-research-shows"
      },
      {
        "datetime": "2023-10-24T07:21:17Z",
        "uri": "https://web.archive.org/web/20231024072117/https://www.theguardian.com/environment/2023/oct/23/rapid-ice-melt-in-west-antarctica-now-inevitable-research-shows"
      },
      {
        "datetime": "2023-10-24T07:21:20Z",
        "uri": "https://web.archive.org/web/20231024072120/https://www.theguardian.com/environment/2023/oct/23/rapid-ice-melt-in-west-antarctica-now-inevitable-research-shows"
      },
      {
        "datetime": "2023-10-24T07:27:17Z",
        "uri": "https://www.webarchive.org.uk/wayback/archive/20231024072717mp_/https://www.theguardian.com/environment/2023/oct/23/rapid-ice-melt-in-west-antarctica-now-inevitable-research-shows"
      },
      {
        "datetime": "2023-10-24T07:53:36Z",
        "uri": "https://web.archive.org/web/20231024075336/https://www.theguardian.com/environment/2023/oct/23/rapid-ice-melt-in-west-antarctica-now-inevitable-research-shows"
      },
      {
        "datetime": "2023-10-24T11:06:20Z",
        "uri": "https://web.archive.org/web/20231024110620/https://www.theguardian.com/environment/2023/oct/23/rapid-ice-melt-in-west-antarctica-now-inevitable-research-shows"
      },
      {
        "datetime": "2023-10-24T12:06:43Z",
        "uri": "https://www.webarchive.org.uk/wayback/archive/20231024120643mp_/https://www.theguardian.com/environment/2023/oct/23/rapid-ice-melt-in-west-antarctica-now-inevitable-research-shows"
      },
      {
        "datetime": "2023-10-24T12:08:29Z",
        "uri": "https://web.archive.org/web/20231024120829/https://www.theguardian.com/environment/2023/oct/23/rapid-ice-melt-in-west-antarctica-now-inevitable-research-shows"
      },
      {
        "datetime": "2023-10-24T12:23:37Z",
        "uri": "https://web.archive.org/web/20231024122337/https://www.theguardian.com/environment/2023/oct/23/rapid-ice-melt-in-west-antarctica-now-inevitable-research-shows"
      },
      {
        "datetime": "2023-10-24T12:34:46Z",
        "uri": "https://web.archive.org/web/20231024123446/https://www.theguardian.com/environment/2023/oct/23/rapid-ice-melt-in-west-antarctica-now-inevitable-research-shows"
      },
      {
        "datetime": "2023-10-24T12:36:37Z",
        "uri": "https://web.archive.org/web/20231024123637/https://www.theguardian.com/environment/2023/oct/23/rapid-ice-melt-in-west-antarctica-now-inevitable-research-shows"
      },
      {
        "datetime": "2023-10-24T14:49:13Z",
        "uri": "https://web.archive.org/web/20231024144913/https://www.theguardian.com/environment/2023/oct/23/rapid-ice-melt-in-west-antarctica-now-inevitable-research-shows"
      },
      {
        "datetime": "2023-10-24T15:40:51Z",
        "uri": "https://web.archive.org/web/20231024154051/https://www.theguardian.com/environment/2023/oct/23/rapid-ice-melt-in-west-antarctica-now-inevitable-research-shows"
      },
      {
        "datetime": "2023-10-24T15:51:54Z",
        "uri": "https://web.archive.org/web/20231024155154/https://www.theguardian.com/environment/2023/oct/23/rapid-ice-melt-in-west-antarctica-now-inevitable-research-shows"
      },
      {
        "datetime": "2023-10-24T15:51:58Z",
        "uri": "https://web.archive.org/web/20231024155158/https://www.theguardian.com/environment/2023/oct/23/rapid-ice-melt-in-west-antarctica-now-inevitable-research-shows"
      },
      {
        "datetime": "2023-10-24T15:51:58Z",
        "uri": "https://web.archive.org/web/20231024155158/https://www.theguardian.com/environment/2023/oct/23/rapid-ice-melt-in-west-antarctica-now-inevitable-research-shows"
      },
      {
        "datetime": "2023-10-24T19:54:51Z",
        "uri": "https://web.archive.org/web/20231024195451/https://www.theguardian.com/environment/2023/oct/23/rapid-ice-melt-in-west-antarctica-now-inevitable-research-shows"
      },
      {
        "datetime": "2023-10-24T20:10:59Z",
        "uri": "https://web.archive.org/web/20231024201059/https://www.theguardian.com/environment/2023/oct/23/rapid-ice-melt-in-west-antarctica-now-inevitable-research-shows"
      },
      {
        "datetime": "2023-10-24T20:50:29Z",
        "uri": "https://web.archive.org/web/20231024205029/https://www.theguardian.com/environment/2023/oct/23/rapid-ice-melt-in-west-antarctica-now-inevitable-research-shows"
      },
      {
        "datetime": "2023-10-25T03:25:15Z",
        "uri": "https://web.archive.org/web/20231025032515/https://www.theguardian.com/environment/2023/oct/23/rapid-ice-melt-in-west-antarctica-now-inevitable-research-shows"
      },
      {
        "datetime": "2023-10-25T07:32:16Z",
        "uri": "https://web.archive.org/web/20231025073216/https://www.theguardian.com/environment/2023/oct/23/rapid-ice-melt-in-west-antarctica-now-inevitable-research-shows"
      },
      {
        "datetime": "2023-10-25T08:04:13Z",
        "uri": "https://www.webarchive.org.uk/wayback/archive/20231025080413mp_/https://www.theguardian.com/environment/2023/oct/23/rapid-ice-melt-in-west-antarctica-now-inevitable-research-shows"
      },
      {
        "datetime": "2023-10-25T08:21:33Z",
        "uri": "https://web.archive.org/web/20231025082133/https://www.theguardian.com/environment/2023/oct/23/rapid-ice-melt-in-west-antarctica-now-inevitable-research-shows"
      },
      {
        "datetime": "2023-10-25T11:12:49Z",
        "uri": "https://web.archive.org/web/20231025111249/https://www.theguardian.com/environment/2023/oct/23/rapid-ice-melt-in-west-antarctica-now-inevitable-research-shows"
      },
      {
        "datetime": "2023-10-25T14:10:33Z",
        "uri": "https://web.archive.org/web/20231025141033/https://www.theguardian.com/environment/2023/oct/23/rapid-ice-melt-in-west-antarctica-now-inevitable-research-shows"
      },
      {
        "datetime": "2023-10-25T15:27:15Z",
        "uri": "https://www.webarchive.org.uk/wayback/archive/20231025152715mp_/https://www.theguardian.com/environment/2023/oct/23/rapid-ice-melt-in-west-antarctica-now-inevitable-research-shows"
      }
    ],
    "first": {
      "datetime": "2023-10-23T15:11:49Z",
      "uri": "https://web.archive.org/web/20231023151149/https://www.theguardian.com/environment/2023/oct/23/rapid-ice-melt-in-west-antarctica-now-inevitable-research-shows"
    },
    "last": {
      "datetime": "2023-10-25T15:27:15Z",
      "uri": "https://www.webarchive.org.uk/wayback/archive/20231025152715mp_/https://www.theguardian.com/environment/2023/oct/23/rapid-ice-melt-in-west-antarctica-now-inevitable-research-shows"
    }
  },
  "timemap_uri": {
    "link_format": "http://localhost:1208/timemap/link/https://www.theguardian.com/environment/2023/oct/23/rapid-ice-melt-in-west-antarctica-now-inevitable-research-shows",
    "json_format": "http://localhost:1208/timemap/json/https://www.theguardian.com/environment/2023/oct/23/rapid-ice-melt-in-west-antarctica-now-inevitable-research-shows",
    "cdxj_format": "http://localhost:1208/timemap/cdxj/https://www.theguardian.com/environment/2023/oct/23/rapid-ice-melt-in-west-antarctica-now-inevitable-research-shows"
  },
  "timegate_uri": "http://localhost:1208/timegate/https://www.theguardian.com/environment/2023/oct/23/rapid-ice-melt-in-west-antarctica-now-inevitable-research-shows"
}
