{
  "original_uri": "https://speedinews.com/2023/10/23/jennifer-lopez-turns-rebellious-to-impress-ben-affleck/",
  "self": "http://localhost:1208/timemap/json/https://speedinews.com/2023/10/23/jennifer-lopez-turns-rebellious-to-impress-ben-affleck/",
  "mementos": {
    "list": [
      {
        "datetime": "2023-10-24T09:42:19Z",
        "uri": "https://web.archive.org/web/20231024094219/https://speedinews.com/2023/10/23/jennifer-lopez-turns-rebellious-to-impress-ben-affleck/"
      }
    ],
    "first": {
      "datetime": "2023-10-24T09:42:19Z",
      "uri": "https://web.archive.org/web/20231024094219/https://speedinews.com/2023/10/23/jennifer-lopez-turns-rebellious-to-impress-ben-affleck/"
    },
    "last": {
      "datetime": "2023-10-24T09:42:19Z",
      "uri": "https://web.archive.org/web/20231024094219/https://speedinews.com/2023/10/23/jennifer-lopez-turns-rebellious-to-impress-ben-affleck/"
    }
  },
  "timemap_uri": {
    "link_format": "http://localhost:1208/timemap/link/https://speedinews.com/2023/10/23/jennifer-lopez-turns-rebellious-to-impress-ben-affleck/",
    "json_format": "http://localhost:1208/timemap/json/https://speedinews.com/2023/10/23/jennifer-lopez-turns-rebellious-to-impress-ben-affleck/",
    "cdxj_format": "http://localhost:1208/timemap/cdxj/https://speedinews.com/2023/10/23/jennifer-lopez-turns-rebellious-to-impress-ben-affleck/"
  },
  "timegate_uri": "http://localhost:1208/timegate/https://speedinews.com/2023/10/23/jennifer-lopez-turns-rebellious-to-impress-ben-affleck/"
}
