{
  "original_uri": "https://swissleague.tv/",
  "self": "http://localhost:1208/timemap/json/https://swissleague.tv/",
  "mementos": {
    "list": [
      {
        "datetime": "2021-10-16T11:02:59Z",
        "uri": "https://web.archive.org/web/20211016110259/https://swissleague.tv/"
      },
      {
        "datetime": "2021-12-23T08:46:44Z",
        "uri": "https://web.archive.org/web/20211223084644/http://swissleague.tv/"
      },
      {
        "datetime": "2022-05-03T04:07:37Z",
        "uri": "https://web.archive.org/web/20220503040737/https://swissleague.tv/"
      },
      {
        "datetime": "2022-09-12T13:38:59Z",
        "uri": "https://web.archive.org/web/20220912133859/http://www.swissleague.tv/"
      },
      {
        "datetime": "2022-09-12T13:39:19Z",
        "uri": "https://web.archive.org/web/20220912133919/http://swissleague.tv/"
      },
      {
        "datetime": "2022-09-12T13:39:24Z",
        "uri": "https://web.archive.org/web/20220912133924/https://www.swissleague.tv/"
      },
      {
        "datetime": "2022-09-12T13:39:37Z",
        "uri": "https://web.archive.org/web/20220912133937/https://swissleague.tv/"
      },
      {
        "datetime": "2022-09-12T13:40:03Z",
        "uri": "https://web.archive.org/web/20220912134003/https://www.swissleague.tv/"
      },
      {
        "datetime": "2022-09-12T13:40:39Z",
        "uri": "https://web.archive.org/web/20220912134039/https://swissleague.tv/"
      },
      {
        "datetime": "2022-11-23T11:14:00Z",
        "uri": "https://web.archive.org/web/20221123111400/https://swissleague.tv/"
      },
      {
        "datetime": "2022-11-29T14:08:39Z",
        "uri": "https://web.archive.org/web/20221129140839/https://swissleague.tv/"
      },
      {
        "datetime": "2022-12-01T19:36:35Z",
        "uri": "https://web.archive.org/web/20221201193635/https://swissleague.tv/"
      },
      {
        "datetime": "2022-12-04T11:59:26Z",
        "uri": "https://web.archive.org/web/20221204115926/https://swissleague.tv/"
      },
      {
        "datetime": "2023-01-19T22:05:39Z",
        "uri": "https://web.archive.org/web/20230119220539/http://swissleague.tv/"
      },
      {
        "datetime": "2023-01-25T08:21:24Z",
        "uri": "https://web.archive.org/web/20230125082124/https://swissleague.tv/"
      },
      {
        "datetime": "2023-02-03T06:59:55Z",
        "uri": "https://web.archive.org/web/20230203065955/https://www.swissleague.tv/"
      },
      {
        "datetime": "2023-02-07T10:45:42Z",
        "uri": "https://web.archive.org/web/20230207104542/http://www.swissleague.tv/"
      },
      {
        "datetime": "2023-02-08T05:19:37Z",
        "uri": "https://web.archive.org/web/20230208051937/https://www.swissleague.tv/"
      },
      {
        "datetime": "2023-03-22T22:11:51Z",
        "uri": "https://web.archive.org/web/20230322221151/https://www.swissleague.tv/"
      },
      {
        "datetime": "2023-03-23T02:13:31Z",
        "uri": "https://web.archive.org/web/20230323021331/https://swissleague.tv/"
      },
      {
        "datetime": "2023-03-24T11:46:30Z",
        "uri": "https://web.archive.org/web/20230324114630/https://swissleague.tv/"
      },
      {
        "datetime": "2023-04-21T01:40:53Z",
        "uri": "https://web.archive.org/web/20230421014053/http://swissleague.tv/"
      },
      {
        "datetime": "2023-05-07T14:46:36Z",
        "uri": "https://web.archive.org/web/20230507144636/http://www.swissleague.tv/"
      },
      {
        "datetime": "2023-06-05T12:28:03Z",
        "uri": "https://web.archive.org/web/20230605122803/https://swissleague.tv/"
      },
      {
        "datetime": "2023-06-10T04:11:29Z",
        "uri": "https://web.archive.org/web/20230610041129/https://swissleague.tv/"
      },
      {
        "datetime": "2023-06-10T16:57:22Z",
        "uri": "https://web.archive.org/web/20230610165722/https://swissleague.tv/"
      }
    ],
    "first": {
      "datetime": "2021-10-16T11:02:59Z",
      "uri": "https://web.archive.org/web/20211016110259/https://swissleague.tv/"
    },
    "last": {
      "datetime": "2023-06-10T16:57:22Z",
      "uri": "https://web.archive.org/web/20230610165722/https://swissleague.tv/"
    }
  },
  "timemap_uri": {
    "link_format": "http://localhost:1208/timemap/link/https://swissleague.tv/",
    "json_format": "http://localhost:1208/timemap/json/https://swissleague.tv/",
    "cdxj_format": "http://localhost:1208/timemap/cdxj/https://swissleague.tv/"
  },
  "timegate_uri": "http://localhost:1208/timegate/https://swissleague.tv/"
}
