{
  "original_uri": "https://marathi.abplive.com/live-tv",
  "self": "http://localhost:1208/timemap/json/https://marathi.abplive.com/live-tv",
  "mementos": {
    "list": [
      {
        "datetime": "2019-11-09T17:18:49Z",
        "uri": "https://web.archive.org/web/20191109171849/https://marathi.abplive.com/live-tv"
      },
      {
        "datetime": "2019-12-26T07:45:44Z",
        "uri": "https://web.archive.org/web/20191226074544/https://marathi.abplive.com/live-tv"
      },
      {
        "datetime": "2020-01-21T13:37:10Z",
        "uri": "https://web.archive.org/web/20200121133710/https://marathi.abplive.com/live-tv"
      },
      {
        "datetime": "2020-03-12T21:59:20Z",
        "uri": "https://web.archive.org/web/20200312215920/https://marathi.abplive.com/live-tv"
      },
      {
        "datetime": "2020-03-13T02:25:27Z",
        "uri": "https://web.archive.org/web/20200313022527/https://marathi.abplive.com/live-tv"
      },
      {
        "datetime": "2020-03-13T02:30:17Z",
        "uri": "https://web.archive.org/web/20200313023017/https://marathi.abplive.com/live-tv"
      },
      {
        "datetime": "2020-03-17T16:20:36Z",
        "uri": "https://web.archive.org/web/20200317162036/https://marathi.abplive.com/live-tv"
      },
      {
        "datetime": "2020-03-28T09:29:53Z",
        "uri": "https://web.archive.org/web/20200328092953/https://marathi.abplive.com/live-tv"
      },
      {
        "datetime": "2020-03-29T06:27:05Z",
        "uri": "https://web.archive.org/web/20200329062705/https://marathi.abplive.com/live-tv"
      },
      {
        "datetime": "2020-04-01T20:29:18Z",
        "uri": "https://web.archive.org/web/20200401202918/https://marathi.abplive.com/live-tv"
      },
      {
        "datetime": "2020-04-15T01:43:43Z",
        "uri": "https://web.archive.org/web/20200415014343/https://marathi.abplive.com/live-tv"
      },
      {
        "datetime": "2020-04-15T07:48:12Z",
        "uri": "https://web.archive.org/web/20200415074812/https://marathi.abplive.com/live-tv"
      },
      {
        "datetime": "2020-04-24T21:57:12Z",
        "uri": "https://web.archive.org/web/20200424215712/https://marathi.abplive.com/live-tv"
      },
      {
        "datetime": "2020-04-25T23:12:32Z",
        "uri": "https://web.archive.org/web/20200425231232/https://marathi.abplive.com/live-tv"
      },
      {
        "datetime": "2020-04-30T11:18:18Z",
        "uri": "https://web.archive.org/web/20200430111818/https://marathi.abplive.com/live-tv"
      },
      {
        "datetime": "2020-05-01T04:18:44Z",
        "uri": "https://web.archive.org/web/20200501041844/https://marathi.abplive.com/live-tv"
      },
      {
        "datetime": "2020-05-23T03:55:52Z",
        "uri": "https://web.archive.org/web/20200523035552/https://marathi.abplive.com/live-tv"
      },
      {
        "datetime": "2020-05-25T23:56:55Z",
        "uri": "https://web.archive.org/web/20200525235655/https://marathi.abplive.com/live-tv"
      },
      {
        "datetime": "2020-06-09T16:51:35Z",
        "uri": "https://web.archive.org/web/20200609165135/https://marathi.abplive.com/live-tv"
      },
      {
        "datetime": "2020-06-17T15:14:57Z",
        "uri": "https://web.archive.org/web/20200617151457/https://marathi.abplive.com/live-tv"
      },
      {
        "datetime": "2020-06-21T06:23:58Z",
        "uri": "https://web.archive.org/web/20200621062358/https://marathi.abplive.com/live-tv"
      },
      {
        "datetime": "2020-07-16T07:26:08Z",
        "uri": "https://web.archive.org/web/20200716072608/https://marathi.abplive.com/live-tv"
      },
      {
        "datetime": "2020-09-07T00:33:45Z",
        "uri": "https://web.archive.org/web/20200907003345/https://marathi.abplive.com/live-tv"
      },
      {
        "datetime": "2020-09-07T06:01:12Z",
        "uri": "https://web.archive.org/web/20200907060112/https://marathi.abplive.com/live-tv"
      },
      {
        "datetime": "2020-09-14T20:56:58Z",
        "uri": "https://web.archive.org/web/20200914205658/https://marathi.abplive.com/live-tv"
      },
      {
        "datetime": "2020-09-22T06:47:20Z",
        "uri": "https://web.archive.org/web/20200922064720/https://marathi.abplive.com/live-tv"
      },
      {
        "datetime": "2020-09-27T08:29:47Z",
        "uri": "https://web.archive.org/web/20200927082947/https://marathi.abplive.com/live-tv"
      },
      {
        "datetime": "2020-09-29T12:22:14Z",
        "uri": "https://web.archive.org/web/20200929122214/https://marathi.abplive.com/live-tv"
      },
      {
        "datetime": "2020-11-01T04:31:01Z",
        "uri": "https://web.archive.org/web/20201101043101/https://marathi.abplive.com/live-tv"
      },
      {
        "datetime": "2020-11-01T07:25:10Z",
        "uri": "https://web.archive.org/web/20201101072510/https://marathi.abplive.com/live-tv"
      },
      {
        "datetime": "2020-11-01T08:02:40Z",
        "uri": "https://web.archive.org/web/20201101080240/https://marathi.abplive.com/live-tv"
      },
      {
        "datetime": "2020-11-18T15:02:16Z",
        "uri": "https://web.archive.org/web/20201118150216/https://marathi.abplive.com/live-tv"
      },
      {
        "datetime": "2020-12-12T15:45:33Z",
        "uri": "https://web.archive.org/web/20201212154533/https://marathi.abplive.com/live-tv/"
      },
      {
        "datetime": "2020-12-12T15:45:33Z",
        "uri": "https://web.archive.org/web/20201212154533/https://marathi.abplive.com/live-tv"
      },
      {
        "datetime": "2020-12-17T09:35:14Z",
        "uri": "https://web.archive.org/web/20201217093514/https://marathi.abplive.com/live-tv"
      },
      {
        "datetime": "2020-12-17T09:35:14Z",
        "uri": "https://web.archive.org/web/20201217093514/http://marathi.abplive.com/live-tv"
      },
      {
        "datetime": "2021-01-26T06:46:51Z",
        "uri": "https://web.archive.org/web/20210126064651/https://marathi.abplive.com/live-tv"
      },
      {
        "datetime": "2021-02-22T06:56:12Z",
        "uri": "https://web.archive.org/web/20210222065612/https://marathi.abplive.com/live-tv"
      },
      {
        "datetime": "2021-03-07T04:02:45Z",
        "uri": "https://web.archive.org/web/20210307040245/https://marathi.abplive.com/live-tv"
      },
      {
        "datetime": "2021-03-14T13:58:46Z",
        "uri": "https://web.archive.org/web/20210314135846/https://marathi.abplive.com/live-tv"
      },
      {
        "datetime": "2021-04-16T17:23:13Z",
        "uri": "https://web.archive.org/web/20210416172313/https://marathi.abplive.com/live-tv"
      },
      {
        "datetime": "2021-04-18T01:21:27Z",
        "uri": "https://web.archive.org/web/20210418012127/https://marathi.abplive.com/live-tv"
      },
      {
        "datetime": "2021-04-20T03:10:45Z",
        "uri": "https://web.archive.org/web/20210420031045/https://marathi.abplive.com/live-tv"
      },
      {
        "datetime": "2021-04-24T11:36:31Z",
        "uri": "https://web.archive.org/web/20210424113631/https://marathi.abplive.com/live-tv"
      },
      {
        "datetime": "2021-05-09T15:42:34Z",
        "uri": "https://web.archive.org/web/20210509154234/https://marathi.abplive.com/live-tv"
      },
      {
        "datetime": "2021-08-10T07:02:45Z",
        "uri": "https://web.archive.org/web/20210810070245/https://marathi.abplive.com/live-tv"
      },
      {
        "datetime": "2021-10-09T01:38:50Z",
        "uri": "https://web.archive.org/web/20211009013850/https://marathi.abplive.com/live-tv"
      },
      {
        "datetime": "2021-10-09T03:48:43Z",
        "uri": "https://web.archive.org/web/20211009034843/https://marathi.abplive.com/live-tv"
      },
      {
        "datetime": "2021-12-16T21:44:50Z",
        "uri": "https://web.archive.org/web/20211216214450/https://marathi.abplive.com/live-tv"
      },
      {
        "datetime": "2021-12-17T02:18:51Z",
        "uri": "https://web.archive.org/web/20211217021851/https://marathi.abplive.com/live-tv"
      },
      {
        "datetime": "2021-12-17T07:34:14Z",
        "uri": "https://web.archive.org/web/20211217073414/https://marathi.abplive.com/live-tv"
      },
      {
        "datetime": "2021-12-17T12:09:09Z",
        "uri": "https://web.archive.org/web/20211217120909/https://marathi.abplive.com/live-tv"
      },
      {
        "datetime": "2021-12-23T15:58:28Z",
        "uri": "https://web.archive.org/web/20211223155828/https://marathi.abplive.com/live-tv"
      },
      {
        "datetime": "2021-12-26T06:40:10Z",
        "uri": "https://web.archive.org/web/20211226064010/https://marathi.abplive.com/live-tv"
      },
      {
        "datetime": "2022-02-05T18:25:38Z",
        "uri": "https://web.archive.org/web/20220205182538/https://marathi.abplive.com/live-tv"
      },
      {
        "datetime": "2022-02-21T16:01:27Z",
        "uri": "https://web.archive.org/web/20220221160127/https://marathi.abplive.com/live-tv"
      },
      {
        "datetime": "2022-02-23T12:48:07Z",
        "uri": "https://web.archive.org/web/20220223124807/https://marathi.abplive.com/live-tv"
      },
      {
        "datetime": "2022-02-26T07:53:34Z",
        "uri": "https://web.archive.org/web/20220226075334/https://marathi.abplive.com/live-tv"
      },
      {
        "datetime": "2022-02-27T19:36:07Z",
        "uri": "https://web.archive.org/web/20220227193607/https://marathi.abplive.com/live-tv"
      },
      {
        "datetime": "2022-03-02T10:47:18Z",
        "uri": "https://web.archive.org/web/20220302104718/https://marathi.abplive.com/live-tv"
      },
      {
        "datetime": "2022-03-30T01:31:27Z",
        "uri": "https://web.archive.org/web/20220330013127/https://marathi.abplive.com/live-tv"
      },
      {
        "datetime": "2022-04-02T23:44:56Z",
        "uri": "https://web.archive.org/web/20220402234456/https://marathi.abplive.com/live-tv"
      },
      {
        "datetime": "2022-04-03T14:15:21Z",
        "uri": "https://web.archive.org/web/20220403141521/https://marathi.abplive.com/live-tv"
      },
      {
        "datetime": "2022-04-05T19:10:13Z",
        "uri": "https://web.archive.org/web/20220405191013/https://marathi.abplive.com/live-tv"
      },
      {
        "datetime": "2022-04-18T21:41:20Z",
        "uri": "https://web.archive.org/web/20220418214120/https://marathi.abplive.com/live-tv"
      },
      {
        "datetime": "2022-05-19T12:30:16Z",
        "uri": "https://web.archive.org/web/20220519123016/https://marathi.abplive.com/live-tv"
      },
      {
        "datetime": "2022-05-20T23:20:54Z",
        "uri": "https://web.archive.org/web/20220520232054/https://marathi.abplive.com/live-tv"
      },
      {
        "datetime": "2022-05-30T08:16:45Z",
        "uri": "https://web.archive.org/web/20220530081645/https://marathi.abplive.com/live-tv"
      },
      {
        "datetime": "2022-05-30T20:17:51Z",
        "uri": "https://web.archive.org/web/20220530201751/https://marathi.abplive.com/live-tv"
      },
      {
        "datetime": "2022-06-16T21:44:30Z",
        "uri": "https://web.archive.org/web/20220616214430/https://marathi.abplive.com/live-tv"
      },
      {
        "datetime": "2022-06-19T22:51:55Z",
        "uri": "https://web.archive.org/web/20220619225155/https://marathi.abplive.com/live-tv"
      },
      {
        "datetime": "2022-07-29T02:08:13Z",
        "uri": "https://web.archive.org/web/20220729020813/https://marathi.abplive.com/live-tv"
      },
      {
        "datetime": "2022-08-02T09:54:44Z",
        "uri": "https://web.archive.org/web/20220802095444/https://marathi.abplive.com/live-tv"
      },
      {
        "datetime": "2022-08-02T10:41:43Z",
        "uri": "https://web.archive.org/web/20220802104143/https://marathi.abplive.com/live-tv"
      },
      {
        "datetime": "2022-08-02T11:21:33Z",
        "uri": "https://web.archive.org/web/20220802112133/https://marathi.abplive.com/live-tv"
      },
      {
        "datetime": "2022-08-02T19:40:54Z",
        "uri": "https://web.archive.org/web/20220802194054/https://marathi.abplive.com/live-tv"
      },
      {
        "datetime": "2022-08-02T19:42:54Z",
        "uri": "https://web.archive.org/web/20220802194254/https://marathi.abplive.com/live-tv"
      },
      {
        "datetime": "2022-08-03T01:21:58Z",
        "uri": "https://web.archive.org/web/20220803012158/https://marathi.abplive.com/live-tv"
      },
      {
        "datetime": "2022-08-03T03:56:33Z",
        "uri": "https://web.archive.org/web/20220803035633/https://marathi.abplive.com/live-tv"
      },
      {
        "datetime": "2022-08-03T06:04:39Z",
        "uri": "https://web.archive.org/web/20220803060439/https://marathi.abplive.com/live-tv"
      },
      {
        "datetime": "2022-08-03T11:30:46Z",
        "uri": "https://web.archive.org/web/20220803113046/https://marathi.abplive.com/live-tv"
      },
      {
        "datetime": "2022-08-03T12:34:49Z",
        "uri": "https://web.archive.org/web/20220803123449/https://marathi.abplive.com/live-tv"
      },
      {
        "datetime": "2022-08-03T15:10:56Z",
        "uri": "https://web.archive.org/web/20220803151056/https://marathi.abplive.com/live-tv"
      },
      {
        "datetime": "2022-08-03T16:22:39Z",
        "uri": "https://web.archive.org/web/20220803162239/https://marathi.abplive.com/live-tv"
      },
      {
        "datetime": "2022-08-03T18:33:28Z",
        "uri": "https://web.archive.org/web/20220803183328/https://marathi.abplive.com/live-tv"
      },
      {
        "datetime": "2022-08-03T19:58:11Z",
        "uri": "https://web.archive.org/web/20220803195811/https://marathi.abplive.com/live-tv"
      },
      {
        "datetime": "2022-08-03T23:24:17Z",
        "uri": "https://web.archive.org/web/20220803232417/https://marathi.abplive.com/live-tv"
      },
      {
        "datetime": "2022-08-04T00:45:51Z",
        "uri": "https://web.archive.org/web/20220804004551/https://marathi.abplive.com/live-tv"
      },
      {
        "datetime": "2022-08-04T01:42:21Z",
        "uri": "https://web.archive.org/web/20220804014221/https://marathi.abplive.com/live-tv"
      },
      {
        "datetime": "2022-08-04T06:29:23Z",
        "uri": "https://web.archive.org/web/20220804062923/https://marathi.abplive.com/live-tv"
      },
      {
        "datetime": "2022-08-04T07:53:08Z",
        "uri": "https://web.archive.org/web/20220804075308/https://marathi.abplive.com/live-tv"
      },
      {
        "datetime": "2022-08-04T08:49:42Z",
        "uri": "https://web.archive.org/web/20220804084942/https://marathi.abplive.com/live-tv"
      },
      {
        "datetime": "2022-08-04T10:10:55Z",
        "uri": "https://web.archive.org/web/20220804101055/https://marathi.abplive.com/live-tv"
      },
      {
        "datetime": "2022-08-04T10:40:26Z",
        "uri": "https://web.archive.org/web/20220804104026/https://marathi.abplive.com/live-tv"
      },
      {
        "datetime": "2022-08-04T11:41:04Z",
        "uri": "https://web.archive.org/web/20220804114104/https://marathi.abplive.com/live-tv"
      },
      {
        "datetime": "2022-08-04T11:57:57Z",
        "uri": "https://web.archive.org/web/20220804115757/https://marathi.abplive.com/live-tv"
      },
      {
        "datetime": "2022-08-04T13:00:10Z",
        "uri": "https://web.archive.org/web/20220804130010/https://marathi.abplive.com/live-tv"
      },
      {
        "datetime": "2022-08-04T15:39:09Z",
        "uri": "https://web.archive.org/web/20220804153909/https://marathi.abplive.com/live-tv"
      },
      {
        "datetime": "2022-08-04T16:44:32Z",
        "uri": "https://web.archive.org/web/20220804164432/https://marathi.abplive.com/live-tv"
      },
      {
        "datetime": "2022-08-04T17:45:48Z",
        "uri": "https://web.archive.org/web/20220804174548/https://marathi.abplive.com/live-tv"
      },
      {
        "datetime": "2022-08-04T19:01:52Z",
        "uri": "https://web.archive.org/web/20220804190152/https://marathi.abplive.com/live-tv"
      },
      {
        "datetime": "2022-08-04T20:35:52Z",
        "uri": "https://web.archive.org/web/20220804203552/https://marathi.abplive.com/live-tv"
      },
      {
        "datetime": "2022-08-04T23:22:40Z",
        "uri": "https://web.archive.org/web/20220804232240/https://marathi.abplive.com/live-tv"
      },
      {
        "datetime": "2022-08-05T02:37:34Z",
        "uri": "https://web.archive.org/web/20220805023734/https://marathi.abplive.com/live-tv"
      },
      {
        "datetime": "2022-08-05T03:44:14Z",
        "uri": "https://web.archive.org/web/20220805034414/https://marathi.abplive.com/live-tv"
      },
      {
        "datetime": "2022-08-05T07:36:50Z",
        "uri": "https://web.archive.org/web/20220805073650/https://marathi.abplive.com/live-tv"
      },
      {
        "datetime": "2022-08-05T17:15:16Z",
        "uri": "https://web.archive.org/web/20220805171516/https://marathi.abplive.com/live-tv"
      },
      {
        "datetime": "2022-08-05T17:32:04Z",
        "uri": "https://web.archive.org/web/20220805173204/https://marathi.abplive.com/live-tv"
      },
      {
        "datetime": "2022-08-05T20:22:32Z",
        "uri": "https://web.archive.org/web/20220805202232/https://marathi.abplive.com/live-tv"
      },
      {
        "datetime": "2022-08-06T00:09:44Z",
        "uri": "https://web.archive.org/web/20220806000944/https://marathi.abplive.com/live-tv"
      },
      {
        "datetime": "2022-08-06T14:37:53Z",
        "uri": "https://web.archive.org/web/20220806143753/https://marathi.abplive.com/live-tv"
      },
      {
        "datetime": "2022-08-07T21:55:23Z",
        "uri": "https://web.archive.org/web/20220807215523/https://marathi.abplive.com/live-tv"
      },
      {
        "datetime": "2022-08-07T23:25:15Z",
        "uri": "https://web.archive.org/web/20220807232515/https://marathi.abplive.com/live-tv"
      },
      {
        "datetime": "2022-08-08T12:48:29Z",
        "uri": "https://web.archive.org/web/20220808124829/https://marathi.abplive.com/live-tv"
      },
      {
        "datetime": "2022-08-08T13:11:27Z",
        "uri": "https://web.archive.org/web/20220808131127/https://marathi.abplive.com/live-tv"
      },
      {
        "datetime": "2022-08-08T13:48:46Z",
        "uri": "https://web.archive.org/web/20220808134846/https://marathi.abplive.com/live-tv"
      },
      {
        "datetime": "2022-08-08T14:22:33Z",
        "uri": "https://web.archive.org/web/20220808142233/https://marathi.abplive.com/live-tv"
      },
      {
        "datetime": "2022-08-09T06:01:47Z",
        "uri": "https://web.archive.org/web/20220809060147/https://marathi.abplive.com/live-tv"
      },
      {
        "datetime": "2022-08-10T13:35:57Z",
        "uri": "https://web.archive.org/web/20220810133557/https://marathi.abplive.com/live-tv"
      },
      {
        "datetime": "2022-08-10T15:14:16Z",
        "uri": "https://web.archive.org/web/20220810151416/https://marathi.abplive.com/live-tv"
      },
      {
        "datetime": "2022-08-10T16:23:15Z",
        "uri": "https://web.archive.org/web/20220810162315/https://marathi.abplive.com/live-tv"
      },
      {
        "datetime": "2022-08-10T17:20:14Z",
        "uri": "https://web.archive.org/web/20220810172014/https://marathi.abplive.com/live-tv"
      },
      {
        "datetime": "2022-08-10T19:50:06Z",
        "uri": "https://web.archive.org/web/20220810195006/https://marathi.abplive.com/live-tv"
      },
      {
        "datetime": "2022-08-11T06:20:04Z",
        "uri": "https://web.archive.org/web/20220811062004/https://marathi.abplive.com/live-tv"
      },
      {
        "datetime": "2022-08-11T07:50:32Z",
        "uri": "https://web.archive.org/web/20220811075032/https://marathi.abplive.com/live-tv"
      },
      {
        "datetime": "2022-08-12T01:59:40Z",
        "uri": "https://web.archive.org/web/20220812015940/https://marathi.abplive.com/live-tv"
      },
      {
        "datetime": "2022-08-12T07:46:34Z",
        "uri": "https://web.archive.org/web/20220812074634/https://marathi.abplive.com/live-tv"
      },
      {
        "datetime": "2022-08-12T15:03:51Z",
        "uri": "https://web.archive.org/web/20220812150351/https://marathi.abplive.com/live-tv"
      },
      {
        "datetime": "2022-08-13T05:06:38Z",
        "uri": "https://web.archive.org/web/20220813050638/https://marathi.abplive.com/live-tv"
      },
      {
        "datetime": "2022-08-14T11:54:48Z",
        "uri": "https://web.archive.org/web/20220814115448/https://marathi.abplive.com/live-tv"
      },
      {
        "datetime": "2022-08-14T20:41:47Z",
        "uri": "https://web.archive.org/web/20220814204147/https://marathi.abplive.com/live-tv"
      },
      {
        "datetime": "2022-08-14T20:43:07Z",
        "uri": "https://web.archive.org/web/20220814204307/https://marathi.abplive.com/live-tv"
      },
      {
        "datetime": "2022-08-14T21:23:27Z",
        "uri": "https://web.archive.org/web/20220814212327/https://marathi.abplive.com/live-tv"
      },
      {
        "datetime": "2022-08-15T01:17:00Z",
        "uri": "https://web.archive.org/web/20220815011700/https://marathi.abplive.com/live-tv"
      },
      {
        "datetime": "2022-08-15T01:18:58Z",
        "uri": "https://web.archive.org/web/20220815011858/https://marathi.abplive.com/live-tv"
      },
      {
        "datetime": "2022-09-21T13:19:15Z",
        "uri": "https://web.archive.org/web/20220921131915/https://marathi.abplive.com/live-tv"
      },
      {
        "datetime": "2022-09-23T09:12:39Z",
        "uri": "https://web.archive.org/web/20220923091239/https://marathi.abplive.com/live-tv"
      },
      {
        "datetime": "2022-09-23T09:13:09Z",
        "uri": "https://web.archive.org/web/20220923091309/https://marathi.abplive.com/live-tv"
      },
      {
        "datetime": "2022-09-23T09:13:30Z",
        "uri": "https://web.archive.org/web/20220923091330/https://marathi.abplive.com/live-tv"
      },
      {
        "datetime": "2022-09-23T09:13:34Z",
        "uri": "https://web.archive.org/web/20220923091334/https://marathi.abplive.com/live-tv"
      },
      {
        "datetime": "2022-09-23T09:14:10Z",
        "uri": "https://web.archive.org/web/20220923091410/https://marathi.abplive.com/live-tv"
      },
      {
        "datetime": "2022-09-23T09:14:24Z",
        "uri": "https://web.archive.org/web/20220923091424/https://marathi.abplive.com/live-tv"
      },
      {
        "datetime": "2022-09-23T09:14:51Z",
        "uri": "https://web.archive.org/web/20220923091451/https://marathi.abplive.com/live-tv"
      },
      {
        "datetime": "2022-09-23T09:14:52Z",
        "uri": "https://web.archive.org/web/20220923091452/https://marathi.abplive.com/live-tv"
      },
      {
        "datetime": "2022-09-27T03:25:33Z",
        "uri": "https://web.archive.org/web/20220927032533/https://marathi.abplive.com/live-tv"
      },
      {
        "datetime": "2022-09-27T16:04:55Z",
        "uri": "https://web.archive.org/web/20220927160455/https://marathi.abplive.com/live-tv"
      },
      {
        "datetime": "2022-10-13T15:12:48Z",
        "uri": "https://web.archive.org/web/20221013151248/https://marathi.abplive.com/live-tv"
      },
      {
        "datetime": "2022-10-15T09:17:15Z",
        "uri": "https://web.archive.org/web/20221015091715/https://marathi.abplive.com/live-tv"
      },
      {
        "datetime": "2022-11-03T20:46:20Z",
        "uri": "https://web.archive.org/web/20221103204620/https://marathi.abplive.com/live-tv"
      },
      {
        "datetime": "2022-11-30T04:54:59Z",
        "uri": "https://web.archive.org/web/20221130045459/http://marathi.abplive.com/live-tv"
      },
      {
        "datetime": "2022-12-01T12:29:14Z",
        "uri": "https://web.archive.org/web/20221201122914/https://marathi.abplive.com/live-tv"
      },
      {
        "datetime": "2022-12-13T06:15:42Z",
        "uri": "https://web.archive.org/web/20221213061542/https://marathi.abplive.com/live-tv"
      },
      {
        "datetime": "2022-12-24T07:51:59Z",
        "uri": "https://web.archive.org/web/20221224075159/https://marathi.abplive.com/live-tv"
      },
      {
        "datetime": "2023-01-19T07:55:15Z",
        "uri": "https://web.archive.org/web/20230119075515/https://marathi.abplive.com/live-tv"
      },
      {
        "datetime": "2023-02-07T12:52:45Z",
        "uri": "https://web.archive.org/web/20230207125245/https://marathi.abplive.com/live-tv"
      },
      {
        "datetime": "2023-03-07T15:22:19Z",
        "uri": "https://web.archive.org/web/20230307152219/https://marathi.abplive.com/live-tv"
      },
      {
        "datetime": "2023-03-15T01:27:37Z",
        "uri": "https://web.archive.org/web/20230315012737/https://marathi.abplive.com/live-tv"
      },
      {
        "datetime": "2023-03-30T07:44:38Z",
        "uri": "https://web.archive.org/web/20230330074438/https://marathi.abplive.com//live-tv"
      },
      {
        "datetime": "2023-03-30T23:18:07Z",
        "uri": "https://web.archive.org/web/20230330231807/https://marathi.abplive.com/live-tv"
      },
      {
        "datetime": "2023-04-18T00:47:44Z",
        "uri": "https://web.archive.org/web/20230418004744/https://marathi.abplive.com/live-tv"
      },
      {
        "datetime": "2023-05-07T02:41:09Z",
        "uri": "https://web.archive.org/web/20230507024109/https://marathi.abplive.com/live-tv"
      },
      {
        "datetime": "2023-05-16T18:11:30Z",
        "uri": "https://web.archive.org/web/20230516181130/https://marathi.abplive.com/live-tv"
      }
    ],
    "first": {
      "datetime": "2019-11-09T17:18:49Z",
      "uri": "https://web.archive.org/web/20191109171849/https://marathi.abplive.com/live-tv"
    },
    "last": {
      "datetime": "2023-05-16T18:11:30Z",
      "uri": "https://web.archive.org/web/20230516181130/https://marathi.abplive.com/live-tv"
    }
  },
  "timemap_uri": {
    "link_format": "http://localhost:1208/timemap/link/https://marathi.abplive.com/live-tv",
    "json_format": "http://localhost:1208/timemap/json/https://marathi.abplive.com/live-tv",
    "cdxj_format": "http://localhost:1208/timemap/cdxj/https://marathi.abplive.com/live-tv"
  },
  "timegate_uri": "http://localhost:1208/timegate/https://marathi.abplive.com/live-tv"
}
