{
  "original_uri": "https://secure.actblue.com/donate/swing-left-2023",
  "self": "http://localhost:1208/timemap/json/https://secure.actblue.com/donate/swing-left-2023",
  "mementos": {
    "list": [
      {
        "datetime": "2023-01-27T02:15:14Z",
        "uri": "https://web.archive.org/web/20230127021514/https://secure.actblue.com/donate/swing-left-2023"
      }
    ],
    "first": {
      "datetime": "2023-01-27T02:15:14Z",
      "uri": "https://web.archive.org/web/20230127021514/https://secure.actblue.com/donate/swing-left-2023"
    },
    "last": {
      "datetime": "2023-01-27T02:15:14Z",
      "uri": "https://web.archive.org/web/20230127021514/https://secure.actblue.com/donate/swing-left-2023"
    }
  },
  "timemap_uri": {
    "link_format": "http://localhost:1208/timemap/link/https://secure.actblue.com/donate/swing-left-2023",
    "json_format": "http://localhost:1208/timemap/json/https://secure.actblue.com/donate/swing-left-2023",
    "cdxj_format": "http://localhost:1208/timemap/cdxj/https://secure.actblue.com/donate/swing-left-2023"
  },
  "timegate_uri": "http://localhost:1208/timegate/https://secure.actblue.com/donate/swing-left-2023"
}
