{
  "original_uri": "https://www.alexanderrichterphoto.com/",
  "self": "http://localhost:1208/timemap/json/https://www.alexanderrichterphoto.com/",
  "mementos": {
    "list": [
      {
        "datetime": "2007-06-01T19:58:50Z",
        "uri": "https://web.archive.org/web/20070601195850/http://www.alexanderrichterphoto.com:80/"
      },
      {
        "datetime": "2007-07-02T13:29:11Z",
        "uri": "https://web.archive.org/web/20070702132911/http://www.alexanderrichterphoto.com:80/"
      },
      {
        "datetime": "2007-07-19T04:25:58Z",
        "uri": "https://web.archive.org/web/20070719042558/http://www.alexanderrichterphoto.com/"
      },
      {
        "datetime": "2007-08-13T06:33:33Z",
        "uri": "https://web.archive.org/web/20070813063333/http://www.alexanderrichterphoto.com:80/"
      },
      {
        "datetime": "2007-09-12T20:11:42Z",
        "uri": "https://web.archive.org/web/20070912201142/http://www.alexanderrichterphoto.com:80/"
      },
      {
        "datetime": "2007-09-16T17:55:51Z",
        "uri": "https://web.archive.org/web/20070916175551/http://alexanderrichterphoto.com:80/"
      },
      {
        "datetime": "2007-11-21T03:20:38Z",
        "uri": "https://web.archive.org/web/20071121032038/http://www.alexanderrichterphoto.com:80/"
      },
      {
        "datetime": "2007-12-14T16:14:30Z",
        "uri": "https://web.archive.org/web/20071214161430/http://www.alexanderrichterphoto.com:80/"
      },
      {
        "datetime": "2008-01-14T04:36:03Z",
        "uri": "https://web.archive.org/web/20080114043603/http://www.alexanderrichterphoto.com:80/"
      },
      {
        "datetime": "2008-03-31T01:42:45Z",
        "uri": "https://web.archive.org/web/20080331014245/http://www.alexanderrichterphoto.com:80/"
      },
      {
        "datetime": "2008-05-01T14:52:40Z",
        "uri": "https://web.archive.org/web/20080501145240/http://www.alexanderrichterphoto.com:80/"
      },
      {
        "datetime": "2008-05-11T17:05:30Z",
        "uri": "https://web.archive.org/web/20080511170530/http://www.alexanderrichterphoto.com/"
      },
      {
        "datetime": "2008-06-26T13:12:55Z",
        "uri": "https://web.archive.org/web/20080626131255/http://www.alexanderrichterphoto.com:80/"
      },
      {
        "datetime": "2008-09-07T03:37:40Z",
        "uri": "https://web.archive.org/web/20080907033740/http://www.alexanderrichterphoto.com:80/"
      },
      {
        "datetime": "2008-09-19T07:33:57Z",
        "uri": "https://web.archive.org/web/20080919073357/http://www.alexanderrichterphoto.com:80/"
      },
      {
        "datetime": "2008-10-20T07:18:27Z",
        "uri": "https://web.archive.org/web/20081020071827/http://www.alexanderrichterphoto.com:80/"
      },
      {
        "datetime": "2009-01-30T17:28:50Z",
        "uri": "https://web.archive.org/web/20090130172850/http://www.alexanderrichterphoto.com:80/"
      },
      {
        "datetime": "2009-02-07T14:05:55Z",
        "uri": "https://web.archive.org/web/20090207140555/http://alexanderrichterphoto.com:80/"
      },
      {
        "datetime": "2010-01-13T12:51:55Z",
        "uri": "https://web.archive.org/web/20100113125155/http://www.alexanderrichterphoto.com/"
      },
      {
        "datetime": "2010-02-07T22:42:27Z",
        "uri": "https://web.archive.org/web/20100207224227/http://www.alexanderrichterphoto.com:80/"
      },
      {
        "datetime": "2011-02-03T02:55:36Z",
        "uri": "https://web.archive.org/web/20110203025536/http://alexanderrichterphoto.com/"
      },
      {
        "datetime": "2011-04-30T09:13:59Z",
        "uri": "https://web.archive.org/web/20110430091359/http://www.alexanderrichterphoto.com/"
      },
      {
        "datetime": "2011-05-15T07:57:23Z",
        "uri": "https://web.archive.org/web/20110515075723/http://alexanderrichterphoto.com/"
      },
      {
        "datetime": "2011-08-11T06:48:37Z",
        "uri": "https://web.archive.org/web/20110811064837/http://alexanderrichterphoto.com:80/"
      },
      {
        "datetime": "2011-09-02T09:59:34Z",
        "uri": "https://web.archive.org/web/20110902095934/http://www.alexanderrichterphoto.com:80/"
      },
      {
        "datetime": "2011-09-03T16:43:07Z",
        "uri": "https://web.archive.org/web/20110903164307/http://www.alexanderrichterphoto.com/"
      },
      {
        "datetime": "2011-09-03T16:45:10Z",
        "uri": "https://web.archive.org/web/20110903164510/http://www.alexanderrichterphoto.com/"
      },
      {
        "datetime": "2011-09-25T02:43:43Z",
        "uri": "https://web.archive.org/web/20110925024343/http://www.alexanderrichterphoto.com:80/"
      },
      {
        "datetime": "2011-10-29T07:09:27Z",
        "uri": "https://web.archive.org/web/20111029070927/http://alexanderrichterphoto.com:80/"
      },
      {
        "datetime": "2011-11-27T01:03:17Z",
        "uri": "https://web.archive.org/web/20111127010317/http://www.alexanderrichterphoto.com:80/"
      },
      {
        "datetime": "2011-12-16T10:11:19Z",
        "uri": "https://web.archive.org/web/20111216101119/http://www.alexanderrichterphoto.com/"
      },
      {
        "datetime": "2011-12-28T01:19:12Z",
        "uri": "https://web.archive.org/web/20111228011912/http://alexanderrichterphoto.com:80/"
      },
      {
        "datetime": "2012-01-18T04:24:59Z",
        "uri": "https://web.archive.org/web/20120118042459/http://alexanderrichterphoto.com/"
      },
      {
        "datetime": "2012-01-18T08:11:28Z",
        "uri": "https://web.archive.org/web/20120118081128/http://alexanderrichterphoto.com/"
      },
      {
        "datetime": "2012-01-21T03:08:04Z",
        "uri": "https://web.archive.org/web/20120121030804/http://www.alexanderrichterphoto.com/"
      },
      {
        "datetime": "2012-02-15T10:52:06Z",
        "uri": "https://web.archive.org/web/20120215105206/http://www.alexanderrichterphoto.com:80/"
      },
      {
        "datetime": "2012-03-14T17:03:48Z",
        "uri": "https://web.archive.org/web/20120314170348/http://www.alexanderrichterphoto.com:80/"
      },
      {
        "datetime": "2012-04-14T09:19:04Z",
        "uri": "https://web.archive.org/web/20120414091904/http://www.alexanderrichterphoto.com:80/"
      },
      {
        "datetime": "2012-05-18T01:20:03Z",
        "uri": "https://web.archive.org/web/20120518012003/http://www.alexanderrichterphoto.com:80/"
      },
      {
        "datetime": "2012-06-20T17:55:43Z",
        "uri": "https://web.archive.org/web/20120620175543/http://www.alexanderrichterphoto.com:80/"
      },
      {
        "datetime": "2012-08-08T03:52:20Z",
        "uri": "https://web.archive.org/web/20120808035220/http://www.alexanderrichterphoto.com:80/"
      },
      {
        "datetime": "2012-10-28T21:03:24Z",
        "uri": "https://web.archive.org/web/20121028210324/http://alexanderrichterphoto.com:80/"
      },
      {
        "datetime": "2012-10-29T00:23:05Z",
        "uri": "https://web.archive.org/web/20121029002305/http://www.alexanderrichterphoto.com/"
      },
      {
        "datetime": "2012-11-27T08:51:01Z",
        "uri": "https://web.archive.org/web/20121127085101/http://alexanderrichterphoto.com:80/"
      },
      {
        "datetime": "2012-12-28T17:29:25Z",
        "uri": "https://web.archive.org/web/20121228172925/http://www.alexanderrichterphoto.com:80/"
      },
      {
        "datetime": "2013-03-27T09:50:28Z",
        "uri": "https://web.archive.org/web/20130327095028/http://www.alexanderrichterphoto.com/"
      },
      {
        "datetime": "2013-03-28T11:13:19Z",
        "uri": "https://web.archive.org/web/20130328111319/http://www.alexanderrichterphoto.com/"
      },
      {
        "datetime": "2013-03-29T04:54:41Z",
        "uri": "https://web.archive.org/web/20130329045441/http://www.alexanderrichterphoto.com/"
      },
      {
        "datetime": "2013-03-30T08:06:54Z",
        "uri": "https://web.archive.org/web/20130330080654/http://www.alexanderrichterphoto.com/"
      },
      {
        "datetime": "2013-03-31T14:43:38Z",
        "uri": "https://web.archive.org/web/20130331144338/http://www.alexanderrichterphoto.com/"
      },
      {
        "datetime": "2013-04-01T19:14:53Z",
        "uri": "https://web.archive.org/web/20130401191453/http://www.alexanderrichterphoto.com/"
      },
      {
        "datetime": "2013-04-26T06:45:48Z",
        "uri": "https://web.archive.org/web/20130426064548/http://www.alexanderrichterphoto.com/"
      },
      {
        "datetime": "2013-05-18T16:28:39Z",
        "uri": "https://web.archive.org/web/20130518162839/http://alexanderrichterphoto.com/"
      },
      {
        "datetime": "2013-05-30T20:38:24Z",
        "uri": "https://web.archive.org/web/20130530203824/http://www.alexanderrichterphoto.com:80/"
      },
      {
        "datetime": "2013-06-26T17:01:12Z",
        "uri": "https://web.archive.org/web/20130626170112/http://alexanderrichterphoto.com/"
      },
      {
        "datetime": "2013-07-28T21:22:56Z",
        "uri": "https://web.archive.org/web/20130728212256/http://www.alexanderrichterphoto.com:80/"
      },
      {
        "datetime": "2013-07-31T01:48:02Z",
        "uri": "https://web.archive.org/web/20130731014802/http://www.alexanderrichterphoto.com/"
      },
      {
        "datetime": "2013-09-13T10:20:13Z",
        "uri": "https://web.archive.org/web/20130913102013/http://alexanderrichterphoto.com/"
      },
      {
        "datetime": "2013-09-20T22:23:56Z",
        "uri": "https://web.archive.org/web/20130920222356/http://www.alexanderrichterphoto.com/"
      },
      {
        "datetime": "2013-10-05T05:31:35Z",
        "uri": "https://web.archive.org/web/20131005053135/http://alexanderrichterphoto.com/"
      },
      {
        "datetime": "2013-11-06T12:13:02Z",
        "uri": "https://web.archive.org/web/20131106121302/http://alexanderrichterphoto.com/"
      },
      {
        "datetime": "2013-11-27T02:23:22Z",
        "uri": "https://web.archive.org/web/20131127022322/http://www.alexanderrichterphoto.com/"
      },
      {
        "datetime": "2013-12-18T11:52:53Z",
        "uri": "https://web.archive.org/web/20131218115253/http://www.alexanderrichterphoto.com/"
      },
      {
        "datetime": "2013-12-22T12:56:20Z",
        "uri": "https://web.archive.org/web/20131222125620/http://www.alexanderrichterphoto.com/"
      },
      {
        "datetime": "2014-03-31T11:27:48Z",
        "uri": "https://web.archive.org/web/20140331112748/http://www.alexanderrichterphoto.com/"
      },
      {
        "datetime": "2014-05-16T23:59:05Z",
        "uri": "https://web.archive.org/web/20140516235905/http://alexanderrichterphoto.com/"
      },
      {
        "datetime": "2014-06-02T02:04:35Z",
        "uri": "https://web.archive.org/web/20140602020435/http://www.alexanderrichterphoto.com/"
      },
      {
        "datetime": "2014-08-07T18:37:53Z",
        "uri": "https://web.archive.org/web/20140807183753/http://alexanderrichterphoto.com/"
      },
      {
        "datetime": "2014-12-16T19:02:19Z",
        "uri": "https://web.archive.org/web/20141216190219/http://alexanderrichterphoto.com/"
      },
      {
        "datetime": "2015-02-14T04:00:13Z",
        "uri": "https://web.archive.org/web/20150214040013/http://www.alexanderrichterphoto.com:80/"
      },
      {
        "datetime": "2015-03-06T23:11:10Z",
        "uri": "https://web.archive.org/web/20150306231110/http://www.alexanderrichterphoto.com:80/"
      },
      {
        "datetime": "2015-04-04T14:08:33Z",
        "uri": "https://web.archive.org/web/20150404140833/http://www.alexanderrichterphoto.com/"
      },
      {
        "datetime": "2015-05-12T03:18:33Z",
        "uri": "https://web.archive.org/web/20150512031833/http://alexanderrichterphoto.com:80/"
      },
      {
        "datetime": "2015-08-01T03:17:54Z",
        "uri": "https://web.archive.org/web/20150801031754/http://alexanderrichterphoto.com/"
      },
      {
        "datetime": "2015-08-02T02:31:24Z",
        "uri": "https://web.archive.org/web/20150802023124/http://www.alexanderrichterphoto.com/"
      },
      {
        "datetime": "2015-09-01T17:45:13Z",
        "uri": "https://web.archive.org/web/20150901174513/http://www.alexanderrichterphoto.com:80/"
      },
      {
        "datetime": "2015-10-20T07:46:25Z",
        "uri": "https://web.archive.org/web/20151020074625/http://www.alexanderrichterphoto.com:80/"
      },
      {
        "datetime": "2015-11-22T02:42:05Z",
        "uri": "https://web.archive.org/web/20151122024205/http://www.alexanderrichterphoto.com/"
      },
      {
        "datetime": "2016-01-09T17:11:32Z",
        "uri": "https://web.archive.org/web/20160109171132/http://alexanderrichterphoto.com/"
      },
      {
        "datetime": "2016-01-19T05:58:01Z",
        "uri": "https://web.archive.org/web/20160119055801/http://www.alexanderrichterphoto.com/"
      },
      {
        "datetime": "2016-01-28T06:54:02Z",
        "uri": "https://web.archive.org/web/20160128065402/http://www.alexanderrichterphoto.com/"
      },
      {
        "datetime": "2016-02-06T12:41:02Z",
        "uri": "https://web.archive.org/web/20160206124102/http://alexanderrichterphoto.com/"
      },
      {
        "datetime": "2016-02-20T17:43:12Z",
        "uri": "https://web.archive.org/web/20160220174312/http://www.alexanderrichterphoto.com/"
      },
      {
        "datetime": "2016-02-21T13:38:42Z",
        "uri": "https://web.archive.org/web/20160221133842/http://alexanderrichterphoto.com/"
      },
      {
        "datetime": "2016-03-04T10:06:57Z",
        "uri": "https://web.archive.org/web/20160304100657/http://alexanderrichterphoto.com:80/"
      },
      {
        "datetime": "2016-03-09T09:16:39Z",
        "uri": "https://web.archive.org/web/20160309091639/http://alexanderrichterphoto.com/"
      },
      {
        "datetime": "2016-04-02T01:15:44Z",
        "uri": "https://web.archive.org/web/20160402011544/http://www.alexanderrichterphoto.com/"
      },
      {
        "datetime": "2016-05-01T09:18:42Z",
        "uri": "https://web.archive.org/web/20160501091842/http://alexanderrichterphoto.com/"
      },
      {
        "datetime": "2016-05-08T03:43:49Z",
        "uri": "https://web.archive.org/web/20160508034349/http://www.alexanderrichterphoto.com:80/"
      },
      {
        "datetime": "2016-06-08T09:54:53Z",
        "uri": "https://web.archive.org/web/20160608095453/http://www.alexanderrichterphoto.com:80/"
      },
      {
        "datetime": "2016-08-07T13:12:58Z",
        "uri": "https://web.archive.org/web/20160807131258/http://www.alexanderrichterphoto.com:80/"
      },
      {
        "datetime": "2016-09-09T02:58:41Z",
        "uri": "https://web.archive.org/web/20160909025841/http://www.alexanderrichterphoto.com:80/"
      },
      {
        "datetime": "2016-09-17T15:08:04Z",
        "uri": "https://web.archive.org/web/20160917150804/http://www.alexanderrichterphoto.com/"
      },
      {
        "datetime": "2016-10-02T19:23:40Z",
        "uri": "https://web.archive.org/web/20161002192340/http://alexanderrichterphoto.com/"
      },
      {
        "datetime": "2016-10-20T05:18:39Z",
        "uri": "https://web.archive.org/web/20161020051839/http://www.alexanderrichterphoto.com/"
      },
      {
        "datetime": "2016-12-02T23:57:02Z",
        "uri": "https://web.archive.org/web/20161202235702/http://www.alexanderrichterphoto.com:80/"
      },
      {
        "datetime": "2017-04-24T23:30:26Z",
        "uri": "https://web.archive.org/web/20170424233026/http://alexanderrichterphoto.com/"
      },
      {
        "datetime": "2017-05-13T06:29:58Z",
        "uri": "https://web.archive.org/web/20170513062958/http://www.alexanderrichterphoto.com/"
      },
      {
        "datetime": "2017-07-04T00:58:00Z",
        "uri": "https://web.archive.org/web/20170704005800/http://www.alexanderrichterphoto.com/"
      },
      {
        "datetime": "2017-08-12T09:20:50Z",
        "uri": "https://web.archive.org/web/20170812092050/http://www.alexanderrichterphoto.com:80/"
      },
      {
        "datetime": "2017-09-12T00:42:58Z",
        "uri": "https://web.archive.org/web/20170912004258/http://alexanderrichterphoto.com/"
      },
      {
        "datetime": "2017-09-12T23:28:21Z",
        "uri": "https://web.archive.org/web/20170912232821/http://www.alexanderrichterphoto.com:80/"
      },
      {
        "datetime": "2017-09-14T04:21:41Z",
        "uri": "https://web.archive.org/web/20170914042141/http://alexanderrichterphoto.com/"
      },
      {
        "datetime": "2017-09-29T17:10:58Z",
        "uri": "https://web.archive.org/web/20170929171058/http://www.alexanderrichterphoto.com/"
      },
      {
        "datetime": "2017-10-03T04:44:12Z",
        "uri": "https://web.archive.org/web/20171003044412/http://alexanderrichterphoto.com:80/"
      },
      {
        "datetime": "2017-10-14T10:31:49Z",
        "uri": "https://web.archive.org/web/20171014103149/http://www.alexanderrichterphoto.com:80/"
      },
      {
        "datetime": "2017-10-14T21:12:56Z",
        "uri": "https://web.archive.org/web/20171014211256/http://www.alexanderrichterphoto.com/"
      },
      {
        "datetime": "2017-10-15T13:38:55Z",
        "uri": "https://web.archive.org/web/20171015133855/http://www.alexanderrichterphoto.com:80/"
      },
      {
        "datetime": "2017-11-05T11:47:22Z",
        "uri": "https://web.archive.org/web/20171105114722/http://alexanderrichterphoto.com:80/"
      },
      {
        "datetime": "2017-11-16T12:25:00Z",
        "uri": "https://web.archive.org/web/20171116122500/http://www.alexanderrichterphoto.com:80/"
      },
      {
        "datetime": "2017-12-10T15:34:14Z",
        "uri": "https://web.archive.org/web/20171210153414/http://alexanderrichterphoto.com:80/"
      },
      {
        "datetime": "2017-12-17T20:34:54Z",
        "uri": "https://web.archive.org/web/20171217203454/http://www.alexanderrichterphoto.com:80/"
      },
      {
        "datetime": "2018-01-13T04:53:39Z",
        "uri": "https://web.archive.org/web/20180113045339/http://alexanderrichterphoto.com:80/"
      },
      {
        "datetime": "2018-01-14T05:07:37Z",
        "uri": "https://web.archive.org/web/20180114050737/http://alexanderrichterphoto.com:80/"
      },
      {
        "datetime": "2018-01-19T02:44:15Z",
        "uri": "https://web.archive.org/web/20180119024415/http://www.alexanderrichterphoto.com:80/"
      },
      {
        "datetime": "2018-02-15T02:53:42Z",
        "uri": "https://web.archive.org/web/20180215025342/http://alexanderrichterphoto.com:80/"
      },
      {
        "datetime": "2018-02-21T16:24:50Z",
        "uri": "https://web.archive.org/web/20180221162450/http://www.alexanderrichterphoto.com:80/"
      },
      {
        "datetime": "2018-03-15T03:14:04Z",
        "uri": "https://web.archive.org/web/20180315031404/http://alexanderrichterphoto.com/"
      },
      {
        "datetime": "2018-03-20T11:04:35Z",
        "uri": "https://web.archive.org/web/20180320110435/http://alexanderrichterphoto.com:80/"
      },
      {
        "datetime": "2018-03-28T12:05:34Z",
        "uri": "https://web.archive.org/web/20180328120534/http://www.alexanderrichterphoto.com:80/"
      },
      {
        "datetime": "2018-04-02T14:30:54Z",
        "uri": "https://web.archive.org/web/20180402143054/http://www.alexanderrichterphoto.com/"
      },
      {
        "datetime": "2018-04-10T11:02:55Z",
        "uri": "https://web.archive.org/web/20180410110255/http://www.alexanderrichterphoto.com/"
      },
      {
        "datetime": "2018-04-15T06:29:58Z",
        "uri": "https://web.archive.org/web/20180415062958/http://www.alexanderrichterphoto.com/"
      },
      {
        "datetime": "2018-04-22T06:13:31Z",
        "uri": "https://web.archive.org/web/20180422061331/http://alexanderrichterphoto.com:80/"
      },
      {
        "datetime": "2018-05-01T05:18:16Z",
        "uri": "https://web.archive.org/web/20180501051816/http://www.alexanderrichterphoto.com:80/"
      },
      {
        "datetime": "2018-05-01T15:15:23Z",
        "uri": "https://web.archive.org/web/20180501151523/http://www.alexanderrichterphoto.com/"
      },
      {
        "datetime": "2018-05-23T17:26:09Z",
        "uri": "https://web.archive.org/web/20180523172609/http://alexanderrichterphoto.com:80/"
      },
      {
        "datetime": "2018-06-01T18:24:02Z",
        "uri": "https://web.archive.org/web/20180601182402/http://www.alexanderrichterphoto.com:80/"
      },
      {
        "datetime": "2018-06-23T22:01:00Z",
        "uri": "https://web.archive.org/web/20180623220100/http://alexanderrichterphoto.com:80/"
      },
      {
        "datetime": "2018-07-03T04:09:14Z",
        "uri": "https://web.archive.org/web/20180703040914/http://www.alexanderrichterphoto.com:80/"
      },
      {
        "datetime": "2018-07-25T19:52:32Z",
        "uri": "https://web.archive.org/web/20180725195232/http://alexanderrichterphoto.com:80/"
      },
      {
        "datetime": "2018-08-04T04:45:18Z",
        "uri": "https://web.archive.org/web/20180804044518/http://www.alexanderrichterphoto.com:80/"
      },
      {
        "datetime": "2018-08-06T04:40:37Z",
        "uri": "https://web.archive.org/web/20180806044037/http://alexanderrichterphoto.com/"
      },
      {
        "datetime": "2018-08-21T02:06:02Z",
        "uri": "https://web.archive.org/web/20180821020602/http://www.alexanderrichterphoto.com/"
      },
      {
        "datetime": "2018-08-29T02:29:48Z",
        "uri": "https://web.archive.org/web/20180829022948/http://alexanderrichterphoto.com:80/"
      },
      {
        "datetime": "2018-09-05T16:02:13Z",
        "uri": "https://web.archive.org/web/20180905160213/http://www.alexanderrichterphoto.com:80/"
      },
      {
        "datetime": "2018-09-30T16:45:51Z",
        "uri": "https://web.archive.org/web/20180930164551/http://alexanderrichterphoto.com:80/"
      },
      {
        "datetime": "2018-10-07T23:51:03Z",
        "uri": "https://web.archive.org/web/20181007235103/http://www.alexanderrichterphoto.com:80/"
      },
      {
        "datetime": "2018-11-01T06:04:19Z",
        "uri": "https://web.archive.org/web/20181101060419/http://alexanderrichterphoto.com:80/"
      },
      {
        "datetime": "2018-11-10T04:17:59Z",
        "uri": "https://web.archive.org/web/20181110041759/http://alexanderrichterphoto.com/"
      },
      {
        "datetime": "2018-11-10T04:31:15Z",
        "uri": "https://web.archive.org/web/20181110043115/http://www.alexanderrichterphoto.com/"
      },
      {
        "datetime": "2018-11-11T05:29:25Z",
        "uri": "https://web.archive.org/web/20181111052925/http://www.alexanderrichterphoto.com:80/"
      },
      {
        "datetime": "2019-05-06T00:10:08Z",
        "uri": "https://web.archive.org/web/20190506001008/http://alexanderrichterphoto.com/"
      },
      {
        "datetime": "2019-05-16T20:01:19Z",
        "uri": "https://web.archive.org/web/20190516200119/http://alexanderrichterphoto.com/"
      },
      {
        "datetime": "2019-06-24T04:50:10Z",
        "uri": "https://web.archive.org/web/20190624045010/http://www.alexanderrichterphoto.com:80/"
      },
      {
        "datetime": "2019-06-24T06:46:03Z",
        "uri": "https://web.archive.org/web/20190624064603/http://alexanderrichterphoto.com:80/"
      },
      {
        "datetime": "2019-07-08T19:18:01Z",
        "uri": "https://web.archive.org/web/20190708191801/http://www.alexanderrichterphoto.com/"
      },
      {
        "datetime": "2019-08-17T05:29:56Z",
        "uri": "https://web.archive.org/web/20190817052956/http://www.alexanderrichterphoto.com:80/"
      },
      {
        "datetime": "2019-08-17T06:17:21Z",
        "uri": "https://web.archive.org/web/20190817061721/http://alexanderrichterphoto.com:80/"
      },
      {
        "datetime": "2019-09-18T14:33:00Z",
        "uri": "https://web.archive.org/web/20190918143300/http://alexanderrichterphoto.com:80/"
      },
      {
        "datetime": "2019-09-21T09:39:01Z",
        "uri": "https://web.archive.org/web/20190921093901/http://www.alexanderrichterphoto.com:80/"
      },
      {
        "datetime": "2019-10-04T11:00:25Z",
        "uri": "https://web.archive.org/web/20191004110025/http://www.alexanderrichterphoto.com:80/"
      },
      {
        "datetime": "2019-11-15T21:47:55Z",
        "uri": "https://web.archive.org/web/20191115214755/http://alexanderrichterphoto.com:80/"
      },
      {
        "datetime": "2019-11-20T23:20:59Z",
        "uri": "https://web.archive.org/web/20191120232059/http://www.alexanderrichterphoto.com:80/"
      },
      {
        "datetime": "2019-12-16T07:39:11Z",
        "uri": "https://web.archive.org/web/20191216073911/http://alexanderrichterphoto.com:80/"
      },
      {
        "datetime": "2019-12-21T06:07:06Z",
        "uri": "https://web.archive.org/web/20191221060706/http://www.alexanderrichterphoto.com:80/"
      },
      {
        "datetime": "2020-01-16T07:13:32Z",
        "uri": "https://web.archive.org/web/20200116071332/http://alexanderrichterphoto.com:80/"
      },
      {
        "datetime": "2020-01-20T18:33:15Z",
        "uri": "https://web.archive.org/web/20200120183315/http://www.alexanderrichterphoto.com:80/"
      },
      {
        "datetime": "2020-02-15T15:21:47Z",
        "uri": "https://web.archive.org/web/20200215152147/http://alexanderrichterphoto.com:80/"
      },
      {
        "datetime": "2020-02-20T02:29:08Z",
        "uri": "https://web.archive.org/web/20200220022908/http://www.alexanderrichterphoto.com:80/"
      },
      {
        "datetime": "2020-02-26T06:02:06Z",
        "uri": "https://web.archive.org/web/20200226060206/http://www.alexanderrichterphoto.com/"
      },
      {
        "datetime": "2020-05-14T04:34:55Z",
        "uri": "https://web.archive.org/web/20200514043455/http://www.alexanderrichterphoto.com:80/"
      },
      {
        "datetime": "2020-07-13T14:50:44Z",
        "uri": "https://web.archive.org/web/20200713145044/http://www.alexanderrichterphoto.com:80/"
      },
      {
        "datetime": "2020-12-18T21:35:46Z",
        "uri": "https://web.archive.org/web/20201218213546/https://alexanderrichterphoto.com/"
      },
      {
        "datetime": "2020-12-18T21:35:46Z",
        "uri": "https://web.archive.org/web/20201218213546/http://alexanderrichterphoto.com/"
      },
      {
        "datetime": "2020-12-18T22:07:59Z",
        "uri": "https://web.archive.org/web/20201218220759/https://alexanderrichterphoto.com/"
      },
      {
        "datetime": "2021-01-01T05:42:03Z",
        "uri": "https://web.archive.org/web/20210101054203/http://www.alexanderrichterphoto.com/"
      },
      {
        "datetime": "2021-01-01T05:42:04Z",
        "uri": "https://web.archive.org/web/20210101054204/https://www.alexanderrichterphoto.com/"
      },
      {
        "datetime": "2021-01-06T22:55:34Z",
        "uri": "https://web.archive.org/web/20210106225534/https://www.alexanderrichterphoto.com/"
      },
      {
        "datetime": "2021-01-27T20:10:34Z",
        "uri": "https://web.archive.org/web/20210127201034/https://alexanderrichterphoto.com/"
      },
      {
        "datetime": "2021-03-02T23:37:40Z",
        "uri": "https://web.archive.org/web/20210302233740/https://alexanderrichterphoto.com/"
      },
      {
        "datetime": "2021-03-04T18:24:23Z",
        "uri": "https://web.archive.org/web/20210304182423/https://www.alexanderrichterphoto.com/"
      },
      {
        "datetime": "2021-03-16T17:24:32Z",
        "uri": "https://arquivo.pt/wayback/20210316172432mp_/https://www.alexanderrichterphoto.com/"
      },
      {
        "datetime": "2021-04-16T23:59:49Z",
        "uri": "https://web.archive.org/web/20210416235949/https://alexanderrichterphoto.com/"
      },
      {
        "datetime": "2021-05-15T16:20:14Z",
        "uri": "https://web.archive.org/web/20210515162014/https://www.alexanderrichterphoto.com/"
      },
      {
        "datetime": "2021-05-19T00:09:40Z",
        "uri": "https://web.archive.org/web/20210519000940/https://alexanderrichterphoto.com/"
      },
      {
        "datetime": "2021-06-09T20:48:32Z",
        "uri": "https://web.archive.org/web/20210609204832/http://www.alexanderrichterphoto.com/"
      },
      {
        "datetime": "2021-06-09T20:48:38Z",
        "uri": "https://web.archive.org/web/20210609204838/https://www.alexanderrichterphoto.com/"
      },
      {
        "datetime": "2021-06-13T21:04:23Z",
        "uri": "https://web.archive.org/web/20210613210423/https://alexanderrichterphoto.com/"
      },
      {
        "datetime": "2021-06-13T21:04:23Z",
        "uri": "https://web.archive.org/web/20210613210423/https://alexanderrichterphoto.com/"
      },
      {
        "datetime": "2021-07-27T01:12:59Z",
        "uri": "https://web.archive.org/web/20210727011259/https://www.alexanderrichterphoto.com/"
      },
      {
        "datetime": "2021-08-05T08:34:38Z",
        "uri": "https://web.archive.org/web/20210805083438/https://alexanderrichterphoto.com/"
      },
      {
        "datetime": "2021-08-20T20:20:44Z",
        "uri": "https://web.archive.org/web/20210820202044/http://www.alexanderrichterphoto.com/"
      },
      {
        "datetime": "2021-08-20T20:27:31Z",
        "uri": "https://web.archive.org/web/20210820202731/http://www.alexanderrichterphoto.com/"
      },
      {
        "datetime": "2021-08-20T20:41:01Z",
        "uri": "https://web.archive.org/web/20210820204101/http://www.alexanderrichterphoto.com/"
      },
      {
        "datetime": "2021-08-27T17:16:57Z",
        "uri": "https://web.archive.org/web/20210827171657/https://www.alexanderrichterphoto.com/"
      },
      {
        "datetime": "2021-09-20T02:47:58Z",
        "uri": "https://web.archive.org/web/20210920024758/https://alexanderrichterphoto.com/"
      },
      {
        "datetime": "2021-10-17T16:35:41Z",
        "uri": "https://web.archive.org/web/20211017163541/https://alexanderrichterphoto.com/"
      },
      {
        "datetime": "2021-10-25T03:16:20Z",
        "uri": "https://web.archive.org/web/20211025031620/https://www.alexanderrichterphoto.com/"
      },
      {
        "datetime": "2021-11-25T23:20:13Z",
        "uri": "https://web.archive.org/web/20211125232013/http://alexanderrichterphoto.com/"
      },
      {
        "datetime": "2021-11-27T18:00:37Z",
        "uri": "https://web.archive.org/web/20211127180037/https://alexanderrichterphoto.com/"
      },
      {
        "datetime": "2021-12-10T11:37:53Z",
        "uri": "https://web.archive.org/web/20211210113753/https://alexanderrichterphoto.com/"
      },
      {
        "datetime": "2022-05-04T06:43:44Z",
        "uri": "https://web.archive.org/web/20220504064344/http://alexanderrichterphoto.com/"
      },
      {
        "datetime": "2022-05-06T05:31:11Z",
        "uri": "https://web.archive.org/web/20220506053111/https://alexanderrichterphoto.com/"
      },
      {
        "datetime": "2022-05-07T16:44:24Z",
        "uri": "https://web.archive.org/web/20220507164424/https://alexanderrichterphoto.com/"
      },
      {
        "datetime": "2022-05-20T19:24:48Z",
        "uri": "https://web.archive.org/web/20220520192448/https://www.alexanderrichterphoto.com/"
      },
      {
        "datetime": "2022-05-23T05:50:30Z",
        "uri": "https://web.archive.org/web/20220523055030/https://alexanderrichterphoto.com/"
      },
      {
        "datetime": "2022-07-24T01:34:08Z",
        "uri": "https://web.archive.org/web/20220724013408/https://alexanderrichterphoto.com/"
      },
      {
        "datetime": "2022-07-24T01:34:12Z",
        "uri": "https://web.archive.org/web/20220724013412/https://alexanderrichterphoto.com/"
      },
      {
        "datetime": "2022-07-24T01:34:14Z",
        "uri": "https://web.archive.org/web/20220724013414/https://alexanderrichterphoto.com/"
      },
      {
        "datetime": "2022-07-24T02:14:09Z",
        "uri": "https://web.archive.org/web/20220724021409/https://alexanderrichterphoto.com/"
      },
      {
        "datetime": "2022-08-20T12:16:07Z",
        "uri": "https://web.archive.org/web/20220820121607/https://alexanderrichterphoto.com/"
      },
      {
        "datetime": "2022-08-29T08:40:00Z",
        "uri": "https://web.archive.org/web/20220829084000/http://www.alexanderrichterphoto.com/"
      },
      {
        "datetime": "2022-08-29T08:41:13Z",
        "uri": "https://web.archive.org/web/20220829084113/https://www.alexanderrichterphoto.com/"
      },
      {
        "datetime": "2022-09-15T20:34:12Z",
        "uri": "https://web.archive.org/web/20220915203412/https://alexanderrichterphoto.com/"
      },
      {
        "datetime": "2022-09-27T19:49:53Z",
        "uri": "https://web.archive.org/web/20220927194953/https://www.alexanderrichterphoto.com/"
      },
      {
        "datetime": "2022-09-29T02:09:01Z",
        "uri": "https://web.archive.org/web/20220929020901/https://alexanderrichterphoto.com/"
      },
      {
        "datetime": "2022-10-09T21:46:03Z",
        "uri": "https://web.archive.org/web/20221009214603/https://alexanderrichterphoto.com/"
      },
      {
        "datetime": "2022-10-11T16:42:14Z",
        "uri": "https://web.archive.org/web/20221011164214/https://alexanderrichterphoto.com/"
      },
      {
        "datetime": "2022-10-25T20:27:23Z",
        "uri": "https://web.archive.org/web/20221025202723/http://www.alexanderrichterphoto.com/"
      },
      {
        "datetime": "2022-10-25T20:27:24Z",
        "uri": "https://web.archive.org/web/20221025202724/https://www.alexanderrichterphoto.com/"
      },
      {
        "datetime": "2022-12-12T01:58:49Z",
        "uri": "https://web.archive.org/web/20221212015849/http://alexanderrichterphoto.com/"
      },
      {
        "datetime": "2022-12-12T01:58:51Z",
        "uri": "https://web.archive.org/web/20221212015851/https://alexanderrichterphoto.com/"
      },
      {
        "datetime": "2022-12-31T01:52:06Z",
        "uri": "https://web.archive.org/web/20221231015206/https://alexanderrichterphoto.com/"
      },
      {
        "datetime": "2022-12-31T02:30:58Z",
        "uri": "https://web.archive.org/web/20221231023058/https://www.alexanderrichterphoto.com/"
      },
      {
        "datetime": "2022-12-31T02:31:05Z",
        "uri": "https://web.archive.org/web/20221231023105/https://www.alexanderrichterphoto.com/"
      },
      {
        "datetime": "2022-12-31T02:31:15Z",
        "uri": "https://web.archive.org/web/20221231023115/https://www.alexanderrichterphoto.com/"
      },
      {
        "datetime": "2023-01-23T00:57:09Z",
        "uri": "https://web.archive.org/web/20230123005709/http://www.alexanderrichterphoto.com/"
      },
      {
        "datetime": "2023-01-23T00:57:46Z",
        "uri": "https://web.archive.org/web/20230123005746/http://alexanderrichterphoto.com/"
      },
      {
        "datetime": "2023-01-28T23:42:13Z",
        "uri": "https://web.archive.org/web/20230128234213/https://alexanderrichterphoto.com/"
      },
      {
        "datetime": "2023-02-03T04:40:39Z",
        "uri": "https://web.archive.org/web/20230203044039/http://alexanderrichterphoto.com/"
      },
      {
        "datetime": "2023-02-03T06:10:10Z",
        "uri": "https://web.archive.org/web/20230203061010/https://www.alexanderrichterphoto.com/"
      },
      {
        "datetime": "2023-02-03T10:32:23Z",
        "uri": "https://web.archive.org/web/20230203103223/https://alexanderrichterphoto.com/"
      },
      {
        "datetime": "2023-02-04T11:47:28Z",
        "uri": "https://web.archive.org/web/20230204114728/http://www.alexanderrichterphoto.com/"
      },
      {
        "datetime": "2023-02-04T12:03:07Z",
        "uri": "https://web.archive.org/web/20230204120307/http://alexanderrichterphoto.com/"
      },
      {
        "datetime": "2023-02-05T01:29:16Z",
        "uri": "https://web.archive.org/web/20230205012916/http://alexanderrichterphoto.com/"
      },
      {
        "datetime": "2023-03-12T05:27:43Z",
        "uri": "https://web.archive.org/web/20230312052743/https://alexanderrichterphoto.com/"
      },
      {
        "datetime": "2023-03-19T22:03:32Z",
        "uri": "https://web.archive.org/web/20230319220332/http://www.alexanderrichterphoto.com/"
      },
      {
        "datetime": "2023-03-28T06:02:41Z",
        "uri": "https://web.archive.org/web/20230328060241/https://www.alexanderrichterphoto.com/"
      },
      {
        "datetime": "2023-03-28T06:05:22Z",
        "uri": "https://web.archive.org/web/20230328060522/https://www.alexanderrichterphoto.com/"
      },
      {
        "datetime": "2023-03-29T18:22:00Z",
        "uri": "https://web.archive.org/web/20230329182200/http://www.alexanderrichterphoto.com/"
      },
      {
        "datetime": "2023-03-30T18:31:38Z",
        "uri": "https://web.archive.org/web/20230330183138/https://alexanderrichterphoto.com/"
      },
      {
        "datetime": "2023-03-30T18:35:17Z",
        "uri": "https://web.archive.org/web/20230330183517/https://alexanderrichterphoto.com/"
      },
      {
        "datetime": "2023-04-02T12:25:15Z",
        "uri": "https://web.archive.org/web/20230402122515/https://alexanderrichterphoto.com/"
      },
      {
        "datetime": "2023-04-10T17:24:24Z",
        "uri": "https://web.archive.org/web/20230410172424/http://alexanderrichterphoto.com/"
      },
      {
        "datetime": "2023-04-10T17:24:25Z",
        "uri": "https://web.archive.org/web/20230410172425/https://alexanderrichterphoto.com/"
      },
      {
        "datetime": "2023-04-10T22:10:48Z",
        "uri": "https://web.archive.org/web/20230410221048/https://www.alexanderrichterphoto.com/"
      },
      {
        "datetime": "2023-04-11T00:56:46Z",
        "uri": "https://web.archive.org/web/20230411005646/http://www.alexanderrichterphoto.com/"
      },
      {
        "datetime": "2023-04-11T00:56:47Z",
        "uri": "https://web.archive.org/web/20230411005647/https://www.alexanderrichterphoto.com/"
      },
      {
        "datetime": "2023-05-05T23:43:13Z",
        "uri": "https://web.archive.org/web/20230505234313/https://alexanderrichterphoto.com/"
      },
      {
        "datetime": "2023-05-06T20:12:57Z",
        "uri": "https://web.archive.org/web/20230506201257/http://www.alexanderrichterphoto.com/"
      },
      {
        "datetime": "2023-05-07T19:45:33Z",
        "uri": "https://web.archive.org/web/20230507194533/http://alexanderrichterphoto.com/"
      },
      {
        "datetime": "2023-05-12T05:15:48Z",
        "uri": "https://web.archive.org/web/20230512051548/https://alexanderrichterphoto.com/"
      },
      {
        "datetime": "2023-05-14T13:20:58Z",
        "uri": "https://web.archive.org/web/20230514132058/http://www.alexanderrichterphoto.com/"
      },
      {
        "datetime": "2023-05-20T01:43:07Z",
        "uri": "https://web.archive.org/web/20230520014307/https://alexanderrichterphoto.com/"
      },
      {
        "datetime": "2023-05-27T02:46:33Z",
        "uri": "https://web.archive.org/web/20230527024633/https://alexanderrichterphoto.com/"
      },
      {
        "datetime": "2023-05-30T11:45:38Z",
        "uri": "https://web.archive.org/web/20230530114538/https://alexanderrichterphoto.com/"
      },
      {
        "datetime": "2023-06-01T01:18:56Z",
        "uri": "https://web.archive.org/web/20230601011856/http://www.alexanderrichterphoto.com/"
      },
      {
        "datetime": "2023-06-01T01:19:07Z",
        "uri": "https://web.archive.org/web/20230601011907/https://www.alexanderrichterphoto.com/"
      },
      {
        "datetime": "2023-06-03T03:13:17Z",
        "uri": "https://web.archive.org/web/20230603031317/https://alexanderrichterphoto.com/"
      },
      {
        "datetime": "2023-06-04T05:34:47Z",
        "uri": "https://web.archive.org/web/20230604053447/http://www.alexanderrichterphoto.com/"
      },
      {
        "datetime": "2023-06-07T04:50:31Z",
        "uri": "https://web.archive.org/web/20230607045031/https://www.alexanderrichterphoto.com/"
      },
      {
        "datetime": "2023-07-21T07:37:31Z",
        "uri": "https://web.archive.org/web/20230721073731/https://alexanderrichterphoto.com/"
      },
      {
        "datetime": "2023-07-28T08:21:54Z",
        "uri": "https://web.archive.org/web/20230728082154/https://alexanderrichterphoto.com/"
      },
      {
        "datetime": "2023-08-04T09:02:22Z",
        "uri": "https://web.archive.org/web/20230804090222/https://alexanderrichterphoto.com/"
      },
      {
        "datetime": "2023-08-11T09:48:09Z",
        "uri": "https://web.archive.org/web/20230811094809/https://alexanderrichterphoto.com/"
      },
      {
        "datetime": "2023-08-17T05:39:15Z",
        "uri": "https://web.archive.org/web/20230817053915/http://alexanderrichterphoto.com/"
      }
    ],
    "first": {
      "datetime": "2007-06-01T19:58:50Z",
      "uri": "https://web.archive.org/web/20070601195850/http://www.alexanderrichterphoto.com:80/"
    },
    "last": {
      "datetime": "2023-08-17T05:39:15Z",
      "uri": "https://web.archive.org/web/20230817053915/http://alexanderrichterphoto.com/"
    }
  },
  "timemap_uri": {
    "link_format": "http://localhost:1208/timemap/link/https://www.alexanderrichterphoto.com/",
    "json_format": "http://localhost:1208/timemap/json/https://www.alexanderrichterphoto.com/",
    "cdxj_format": "http://localhost:1208/timemap/cdxj/https://www.alexanderrichterphoto.com/"
  },
  "timegate_uri": "http://localhost:1208/timegate/https://www.alexanderrichterphoto.com/"
}
