{
  "original_uri": "https://lobosnews.com.ar/tania-ruiz-ex-de-pena-nieto-presento-oficialmente-a-su-nuevo-novio/23/10/2023/",
  "self": "http://localhost:1208/timemap/json/https://lobosnews.com.ar/tania-ruiz-ex-de-pena-nieto-presento-oficialmente-a-su-nuevo-novio/23/10/2023/",
  "mementos": {
    "list": [
      {
        "datetime": "2023-10-25T04:27:55Z",
        "uri": "https://web.archive.org/web/20231025042755/https://lobosnews.com.ar/tania-ruiz-ex-de-pena-nieto-presento-oficialmente-a-su-nuevo-novio/23/10/2023/"
      },
      {
        "datetime": "2023-10-25T21:14:17Z",
        "uri": "https://web.archive.org/web/20231025211417/https://lobosnews.com.ar/tania-ruiz-ex-de-pena-nieto-presento-oficialmente-a-su-nuevo-novio/23/10/2023/"
      }
    ],
    "first": {
      "datetime": "2023-10-25T04:27:55Z",
      "uri": "https://web.archive.org/web/20231025042755/https://lobosnews.com.ar/tania-ruiz-ex-de-pena-nieto-presento-oficialmente-a-su-nuevo-novio/23/10/2023/"
    },
    "last": {
      "datetime": "2023-10-25T21:14:17Z",
      "uri": "https://web.archive.org/web/20231025211417/https://lobosnews.com.ar/tania-ruiz-ex-de-pena-nieto-presento-oficialmente-a-su-nuevo-novio/23/10/2023/"
    }
  },
  "timemap_uri": {
    "link_format": "http://localhost:1208/timemap/link/https://lobosnews.com.ar/tania-ruiz-ex-de-pena-nieto-presento-oficialmente-a-su-nuevo-novio/23/10/2023/",
    "json_format": "http://localhost:1208/timemap/json/https://lobosnews.com.ar/tania-ruiz-ex-de-pena-nieto-presento-oficialmente-a-su-nuevo-novio/23/10/2023/",
    "cdxj_format": "http://localhost:1208/timemap/cdxj/https://lobosnews.com.ar/tania-ruiz-ex-de-pena-nieto-presento-oficialmente-a-su-nuevo-novio/23/10/2023/"
  },
  "timegate_uri": "http://localhost:1208/timegate/https://lobosnews.com.ar/tania-ruiz-ex-de-pena-nieto-presento-oficialmente-a-su-nuevo-novio/23/10/2023/"
}
