{
  "original_uri": "https://www.nbcnews.com/politics/congress/7-9-house-speaker-candidates-voted-overturn-2020-election-results-rcna121640",
  "self": "http://localhost:1208/timemap/json/https://www.nbcnews.com/politics/congress/7-9-house-speaker-candidates-voted-overturn-2020-election-results-rcna121640",
  "mementos": {
    "list": [
      {
        "datetime": "2023-10-23T16:40:42Z",
        "uri": "https://web.archive.org/web/20231023164042/https://www.nbcnews.com/politics/congress/7-9-house-speaker-candidates-voted-overturn-2020-election-results-rcna121640"
      },
      {
        "datetime": "2023-10-23T17:43:09Z",
        "uri": "https://wayback.archive-it.org/all/20231023174309/https://www.nbcnews.com/politics/congress/7-9-house-speaker-candidates-voted-overturn-2020-election-results-rcna121640"
      },
      {
        "datetime": "2023-10-23T17:46:09Z",
        "uri": "https://web.archive.org/web/20231023174609/https://www.nbcnews.com/politics/congress/7-9-house-speaker-candidates-voted-overturn-2020-election-results-rcna121640"
      },
      {
        "datetime": "2023-10-23T17:46:44Z",
        "uri": "https://web.archive.org/web/20231023174644/https://www.nbcnews.com/politics/congress/7-9-house-speaker-candidates-voted-overturn-2020-election-results-rcna121640"
      },
      {
        "datetime": "2023-10-23T19:09:21Z",
        "uri": "https://web.archive.org/web/20231023190921/https://www.nbcnews.com/politics/congress/7-9-house-speaker-candidates-voted-overturn-2020-election-results-rcna121640"
      },
      {
        "datetime": "2023-10-24T01:41:23Z",
        "uri": "https://web.archive.org/web/20231024014123/https://www.nbcnews.com/politics/congress/7-9-house-speaker-candidates-voted-overturn-2020-election-results-rcna121640"
      },
      {
        "datetime": "2023-10-24T02:59:01Z",
        "uri": "https://web.archive.org/web/20231024025901/https://www.nbcnews.com/politics/congress/7-9-house-speaker-candidates-voted-overturn-2020-election-results-rcna121640"
      },
      {
        "datetime": "2023-10-24T04:38:33Z",
        "uri": "https://web.archive.org/web/20231024043833/https://www.nbcnews.com/politics/congress/7-9-house-speaker-candidates-voted-overturn-2020-election-results-rcna121640"
      },
      {
        "datetime": "2023-10-24T05:15:42Z",
        "uri": "https://web.archive.org/web/20231024051542/https://www.nbcnews.com/politics/congress/7-9-house-speaker-candidates-voted-overturn-2020-election-results-rcna121640"
      },
      {
        "datetime": "2023-10-24T07:09:09Z",
        "uri": "https://web.archive.org/web/20231024070909/https://www.nbcnews.com/politics/congress/7-9-house-speaker-candidates-voted-overturn-2020-election-results-rcna121640"
      },
      {
        "datetime": "2023-10-24T07:09:15Z",
        "uri": "https://web.archive.org/web/20231024070915/https://www.nbcnews.com/politics/congress/7-9-house-speaker-candidates-voted-overturn-2020-election-results-rcna121640"
      },
      {
        "datetime": "2023-10-24T07:09:22Z",
        "uri": "https://web.archive.org/web/20231024070922/https://www.nbcnews.com/politics/congress/7-9-house-speaker-candidates-voted-overturn-2020-election-results-rcna121640"
      },
      {
        "datetime": "2023-10-24T07:10:37Z",
        "uri": "https://web.archive.org/web/20231024071037/https://www.nbcnews.com/politics/congress/7-9-house-speaker-candidates-voted-overturn-2020-election-results-rcna121640"
      },
      {
        "datetime": "2023-10-24T07:13:05Z",
        "uri": "https://web.archive.org/web/20231024071305/https://www.nbcnews.com/politics/congress/7-9-house-speaker-candidates-voted-overturn-2020-election-results-rcna121640"
      },
      {
        "datetime": "2023-10-24T07:13:10Z",
        "uri": "https://web.archive.org/web/20231024071310/https://www.nbcnews.com/politics/congress/7-9-house-speaker-candidates-voted-overturn-2020-election-results-rcna121640"
      },
      {
        "datetime": "2023-10-24T07:14:43Z",
        "uri": "https://web.archive.org/web/20231024071443/https://www.nbcnews.com/politics/congress/7-9-house-speaker-candidates-voted-overturn-2020-election-results-rcna121640"
      },
      {
        "datetime": "2023-10-24T09:26:09Z",
        "uri": "https://web.archive.org/web/20231024092609/https://www.nbcnews.com/politics/congress/7-9-house-speaker-candidates-voted-overturn-2020-election-results-rcna121640"
      },
      {
        "datetime": "2023-10-24T10:39:30Z",
        "uri": "https://web.archive.org/web/20231024103930/https://www.nbcnews.com/politics/congress/7-9-house-speaker-candidates-voted-overturn-2020-election-results-rcna121640"
      },
      {
        "datetime": "2023-10-24T12:22:37Z",
        "uri": "https://web.archive.org/web/20231024122237/https://www.nbcnews.com/politics/congress/7-9-house-speaker-candidates-voted-overturn-2020-election-results-rcna121640"
      },
      {
        "datetime": "2023-10-24T14:42:08Z",
        "uri": "https://web.archive.org/web/20231024144208/https://www.nbcnews.com/politics/congress/7-9-house-speaker-candidates-voted-overturn-2020-election-results-rcna121640"
      },
      {
        "datetime": "2023-10-24T16:22:51Z",
        "uri": "https://wayback.archive-it.org/all/20231024162251/https://www.nbcnews.com/politics/congress/7-9-house-speaker-candidates-voted-overturn-2020-election-results-rcna121640"
      },
      {
        "datetime": "2023-10-24T18:40:00Z",
        "uri": "https://web.archive.org/web/20231024184000/https://www.nbcnews.com/politics/congress/7-9-house-speaker-candidates-voted-overturn-2020-election-results-rcna121640"
      },
      {
        "datetime": "2023-10-24T20:11:57Z",
        "uri": "https://wayback.archive-it.org/all/20231024201157/https://www.nbcnews.com/politics/congress/7-9-house-speaker-candidates-voted-overturn-2020-election-results-rcna121640"
      },
      {
        "datetime": "2023-10-24T20:47:25Z",
        "uri": "https://wayback.archive-it.org/all/20231024204725/https://www.nbcnews.com/politics/congress/7-9-house-speaker-candidates-voted-overturn-2020-election-results-rcna121640"
      },
      {
        "datetime": "2023-10-24T21:46:00Z",
        "uri": "https://wayback.archive-it.org/all/20231024214600/https://www.nbcnews.com/politics/congress/7-9-house-speaker-candidates-voted-overturn-2020-election-results-rcna121640"
      },
      {
        "datetime": "2023-10-25T02:13:22Z",
        "uri": "http://archive.md/20231025021322/https://www.nbcnews.com/politics/congress/7-9-house-speaker-candidates-voted-overturn-2020-election-results-rcna121640"
      },
      {
        "datetime": "2023-10-25T10:40:20Z",
        "uri": "https://web.archive.org/web/20231025104020/https://www.nbcnews.com/politics/congress/7-9-house-speaker-candidates-voted-overturn-2020-election-results-rcna121640"
      },
      {
        "datetime": "2023-10-25T14:04:54Z",
        "uri": "https://web.archive.org/web/20231025140454/https://www.nbcnews.com/politics/congress/7-9-house-speaker-candidates-voted-overturn-2020-election-results-rcna121640"
      },
      {
        "datetime": "2023-10-25T14:10:35Z",
        "uri": "https://web.archive.org/web/20231025141035/https://www.nbcnews.com/politics/congress/7-9-house-speaker-candidates-voted-overturn-2020-election-results-rcna121640"
      },
      {
        "datetime": "2023-10-25T14:23:19Z",
        "uri": "https://web.archive.org/web/20231025142319/https://www.nbcnews.com/politics/congress/7-9-house-speaker-candidates-voted-overturn-2020-election-results-rcna121640"
      },
      {
        "datetime": "2023-10-26T03:37:45Z",
        "uri": "https://web.archive.org/web/20231026033745/https://www.nbcnews.com/politics/congress/7-9-house-speaker-candidates-voted-overturn-2020-election-results-rcna121640"
      }
    ],
    "first": {
      "datetime": "2023-10-23T16:40:42Z",
      "uri": "https://web.archive.org/web/20231023164042/https://www.nbcnews.com/politics/congress/7-9-house-speaker-candidates-voted-overturn-2020-election-results-rcna121640"
    },
    "last": {
      "datetime": "2023-10-26T03:37:45Z",
      "uri": "https://web.archive.org/web/20231026033745/https://www.nbcnews.com/politics/congress/7-9-house-speaker-candidates-voted-overturn-2020-election-results-rcna121640"
    }
  },
  "timemap_uri": {
    "link_format": "http://localhost:1208/timemap/link/https://www.nbcnews.com/politics/congress/7-9-house-speaker-candidates-voted-overturn-2020-election-results-rcna121640",
    "json_format": "http://localhost:1208/timemap/json/https://www.nbcnews.com/politics/congress/7-9-house-speaker-candidates-voted-overturn-2020-election-results-rcna121640",
    "cdxj_format": "http://localhost:1208/timemap/cdxj/https://www.nbcnews.com/politics/congress/7-9-house-speaker-candidates-voted-overturn-2020-election-results-rcna121640"
  },
  "timegate_uri": "http://localhost:1208/timegate/https://www.nbcnews.com/politics/congress/7-9-house-speaker-candidates-voted-overturn-2020-election-results-rcna121640"
}
