{
  "original_uri": "https://memorialhaven.online/2023/10/24/bella-smith-missing-5-years-old-last-seen-playing-with-her-pup-in-crown-point-amber-alert-issued/",
  "self": "http://localhost:1208/timemap/json/https://memorialhaven.online/2023/10/24/bella-smith-missing-5-years-old-last-seen-playing-with-her-pup-in-crown-point-amber-alert-issued/",
  "mementos": {
    "list": [
      {
        "datetime": "2023-10-24T03:05:10Z",
        "uri": "https://web.archive.org/web/20231024030510/https://memorialhaven.online/2023/10/24/bella-smith-missing-5-years-old-last-seen-playing-with-her-pup-in-crown-point-amber-alert-issued/"
      }
    ],
    "first": {
      "datetime": "2023-10-24T03:05:10Z",
      "uri": "https://web.archive.org/web/20231024030510/https://memorialhaven.online/2023/10/24/bella-smith-missing-5-years-old-last-seen-playing-with-her-pup-in-crown-point-amber-alert-issued/"
    },
    "last": {
      "datetime": "2023-10-24T03:05:10Z",
      "uri": "https://web.archive.org/web/20231024030510/https://memorialhaven.online/2023/10/24/bella-smith-missing-5-years-old-last-seen-playing-with-her-pup-in-crown-point-amber-alert-issued/"
    }
  },
  "timemap_uri": {
    "link_format": "http://localhost:1208/timemap/link/https://memorialhaven.online/2023/10/24/bella-smith-missing-5-years-old-last-seen-playing-with-her-pup-in-crown-point-amber-alert-issued/",
    "json_format": "http://localhost:1208/timemap/json/https://memorialhaven.online/2023/10/24/bella-smith-missing-5-years-old-last-seen-playing-with-her-pup-in-crown-point-amber-alert-issued/",
    "cdxj_format": "http://localhost:1208/timemap/cdxj/https://memorialhaven.online/2023/10/24/bella-smith-missing-5-years-old-last-seen-playing-with-her-pup-in-crown-point-amber-alert-issued/"
  },
  "timegate_uri": "http://localhost:1208/timegate/https://memorialhaven.online/2023/10/24/bella-smith-missing-5-years-old-last-seen-playing-with-her-pup-in-crown-point-amber-alert-issued/"
}
