{
  "original_uri": "https://halloween.global/",
  "self": "http://localhost:1208/timemap/json/https://halloween.global/",
  "mementos": {
    "list": [
      {
        "datetime": "2018-08-08T19:05:08Z",
        "uri": "https://web.archive.org/web/20180808190508/http://halloween.global/"
      },
      {
        "datetime": "2019-09-03T19:42:47Z",
        "uri": "https://web.archive.org/web/20190903194247/http://halloween.global/"
      },
      {
        "datetime": "2020-10-30T08:40:18Z",
        "uri": "https://web.archive.org/web/20201030084018/https://halloween.global/"
      },
      {
        "datetime": "2020-10-30T09:25:38Z",
        "uri": "https://web.archive.org/web/20201030092538/https://halloween.global/"
      },
      {
        "datetime": "2020-11-01T07:31:07Z",
        "uri": "https://web.archive.org/web/20201101073107/https://halloween.global/"
      },
      {
        "datetime": "2021-04-18T11:51:28Z",
        "uri": "https://web.archive.org/web/20210418115128/https://halloween.global/"
      },
      {
        "datetime": "2021-05-08T19:35:11Z",
        "uri": "https://web.archive.org/web/20210508193511/https://halloween.global/"
      },
      {
        "datetime": "2021-06-21T00:57:27Z",
        "uri": "https://web.archive.org/web/20210621005727/https://halloween.global/"
      },
      {
        "datetime": "2021-06-21T00:57:27Z",
        "uri": "https://web.archive.org/web/20210621005727/https://halloween.global/"
      },
      {
        "datetime": "2021-07-27T02:24:10Z",
        "uri": "https://web.archive.org/web/20210727022410/https://halloween.global/"
      },
      {
        "datetime": "2021-09-26T21:58:34Z",
        "uri": "https://web.archive.org/web/20210926215834/https://halloween.global/"
      },
      {
        "datetime": "2021-10-19T18:28:25Z",
        "uri": "https://web.archive.org/web/20211019182825/https://halloween.global/"
      }
    ],
    "first": {
      "datetime": "2018-08-08T19:05:08Z",
      "uri": "https://web.archive.org/web/20180808190508/http://halloween.global/"
    },
    "last": {
      "datetime": "2021-10-19T18:28:25Z",
      "uri": "https://web.archive.org/web/20211019182825/https://halloween.global/"
    }
  },
  "timemap_uri": {
    "link_format": "http://localhost:1208/timemap/link/https://halloween.global/",
    "json_format": "http://localhost:1208/timemap/json/https://halloween.global/",
    "cdxj_format": "http://localhost:1208/timemap/cdxj/https://halloween.global/"
  },
  "timegate_uri": "http://localhost:1208/timegate/https://halloween.global/"
}
