{
  "original_uri": "https://athibantv.com/tamil-nadu/130857/",
  "self": "http://localhost:1208/timemap/json/https://athibantv.com/tamil-nadu/130857/",
  "mementos": {
    "list": [
      {
        "datetime": "2023-10-24T02:30:57Z",
        "uri": "https://web.archive.org/web/20231024023057/https://athibantv.com/tamil-nadu/130857/"
      },
      {
        "datetime": "2023-10-24T03:10:22Z",
        "uri": "https://web.archive.org/web/20231024031022/https://athibantv.com/tamil-nadu/130857/"
      }
    ],
    "first": {
      "datetime": "2023-10-24T02:30:57Z",
      "uri": "https://web.archive.org/web/20231024023057/https://athibantv.com/tamil-nadu/130857/"
    },
    "last": {
      "datetime": "2023-10-24T03:10:22Z",
      "uri": "https://web.archive.org/web/20231024031022/https://athibantv.com/tamil-nadu/130857/"
    }
  },
  "timemap_uri": {
    "link_format": "http://localhost:1208/timemap/link/https://athibantv.com/tamil-nadu/130857/",
    "json_format": "http://localhost:1208/timemap/json/https://athibantv.com/tamil-nadu/130857/",
    "cdxj_format": "http://localhost:1208/timemap/cdxj/https://athibantv.com/tamil-nadu/130857/"
  },
  "timegate_uri": "http://localhost:1208/timegate/https://athibantv.com/tamil-nadu/130857/"
}
