{
  "original_uri": "https://www.emilyreviews.com/2023/10/moosh-moosh-halloween-collection-review-giveaway.html",
  "self": "http://localhost:1208/timemap/json/https://www.emilyreviews.com/2023/10/moosh-moosh-halloween-collection-review-giveaway.html",
  "mementos": {
    "list": [
      {
        "datetime": "2023-10-24T12:44:59Z",
        "uri": "https://web.archive.org/web/20231024124459/https://www.emilyreviews.com/2023/10/moosh-moosh-halloween-collection-review-giveaway.html"
      },
      {
        "datetime": "2023-10-25T17:52:55Z",
        "uri": "https://web.archive.org/web/20231025175255/https://www.emilyreviews.com/2023/10/moosh-moosh-halloween-collection-review-giveaway.html"
      }
    ],
    "first": {
      "datetime": "2023-10-24T12:44:59Z",
      "uri": "https://web.archive.org/web/20231024124459/https://www.emilyreviews.com/2023/10/moosh-moosh-halloween-collection-review-giveaway.html"
    },
    "last": {
      "datetime": "2023-10-25T17:52:55Z",
      "uri": "https://web.archive.org/web/20231025175255/https://www.emilyreviews.com/2023/10/moosh-moosh-halloween-collection-review-giveaway.html"
    }
  },
  "timemap_uri": {
    "link_format": "http://localhost:1208/timemap/link/https://www.emilyreviews.com/2023/10/moosh-moosh-halloween-collection-review-giveaway.html",
    "json_format": "http://localhost:1208/timemap/json/https://www.emilyreviews.com/2023/10/moosh-moosh-halloween-collection-review-giveaway.html",
    "cdxj_format": "http://localhost:1208/timemap/cdxj/https://www.emilyreviews.com/2023/10/moosh-moosh-halloween-collection-review-giveaway.html"
  },
  "timegate_uri": "http://localhost:1208/timegate/https://www.emilyreviews.com/2023/10/moosh-moosh-halloween-collection-review-giveaway.html"
}
