{
  "original_uri": "https://www.telemundochicago.com/que-hacer-en-chicago/cuando-pedir-dulces-horarios-establecidos-en-el-area-de-chicago-para-halloween-2023/2403210/",
  "self": "http://localhost:1208/timemap/json/https://www.telemundochicago.com/que-hacer-en-chicago/cuando-pedir-dulces-horarios-establecidos-en-el-area-de-chicago-para-halloween-2023/2403210/",
  "mementos": {
    "list": [
      {
        "datetime": "2023-10-24T04:36:44Z",
        "uri": "https://web.archive.org/web/20231024043644/https://www.telemundochicago.com/que-hacer-en-chicago/cuando-pedir-dulces-horarios-establecidos-en-el-area-de-chicago-para-halloween-2023/2403210/"
      },
      {
        "datetime": "2023-10-24T06:50:44Z",
        "uri": "https://web.archive.org/web/20231024065044/https://www.telemundochicago.com/que-hacer-en-chicago/cuando-pedir-dulces-horarios-establecidos-en-el-area-de-chicago-para-halloween-2023/2403210/"
      },
      {
        "datetime": "2023-10-24T16:20:51Z",
        "uri": "https://web.archive.org/web/20231024162051/https://www.telemundochicago.com/que-hacer-en-chicago/cuando-pedir-dulces-horarios-establecidos-en-el-area-de-chicago-para-halloween-2023/2403210/"
      },
      {
        "datetime": "2023-10-25T02:00:00Z",
        "uri": "https://web.archive.org/web/20231025020000/https://www.telemundochicago.com/que-hacer-en-chicago/cuando-pedir-dulces-horarios-establecidos-en-el-area-de-chicago-para-halloween-2023/2403210/"
      },
      {
        "datetime": "2023-10-25T05:22:04Z",
        "uri": "https://web.archive.org/web/20231025052204/https://www.telemundochicago.com/que-hacer-en-chicago/cuando-pedir-dulces-horarios-establecidos-en-el-area-de-chicago-para-halloween-2023/2403210/"
      },
      {
        "datetime": "2023-10-25T14:55:36Z",
        "uri": "https://web.archive.org/web/20231025145536/https://www.telemundochicago.com/que-hacer-en-chicago/cuando-pedir-dulces-horarios-establecidos-en-el-area-de-chicago-para-halloween-2023/2403210/"
      },
      {
        "datetime": "2023-10-25T15:12:17Z",
        "uri": "https://web.archive.org/web/20231025151217/https://www.telemundochicago.com/que-hacer-en-chicago/cuando-pedir-dulces-horarios-establecidos-en-el-area-de-chicago-para-halloween-2023/2403210/"
      },
      {
        "datetime": "2023-10-25T21:20:03Z",
        "uri": "https://web.archive.org/web/20231025212003/https://www.telemundochicago.com/que-hacer-en-chicago/cuando-pedir-dulces-horarios-establecidos-en-el-area-de-chicago-para-halloween-2023/2403210/"
      }
    ],
    "first": {
      "datetime": "2023-10-24T04:36:44Z",
      "uri": "https://web.archive.org/web/20231024043644/https://www.telemundochicago.com/que-hacer-en-chicago/cuando-pedir-dulces-horarios-establecidos-en-el-area-de-chicago-para-halloween-2023/2403210/"
    },
    "last": {
      "datetime": "2023-10-25T21:20:03Z",
      "uri": "https://web.archive.org/web/20231025212003/https://www.telemundochicago.com/que-hacer-en-chicago/cuando-pedir-dulces-horarios-establecidos-en-el-area-de-chicago-para-halloween-2023/2403210/"
    }
  },
  "timemap_uri": {
    "link_format": "http://localhost:1208/timemap/link/https://www.telemundochicago.com/que-hacer-en-chicago/cuando-pedir-dulces-horarios-establecidos-en-el-area-de-chicago-para-halloween-2023/2403210/",
    "json_format": "http://localhost:1208/timemap/json/https://www.telemundochicago.com/que-hacer-en-chicago/cuando-pedir-dulces-horarios-establecidos-en-el-area-de-chicago-para-halloween-2023/2403210/",
    "cdxj_format": "http://localhost:1208/timemap/cdxj/https://www.telemundochicago.com/que-hacer-en-chicago/cuando-pedir-dulces-horarios-establecidos-en-el-area-de-chicago-para-halloween-2023/2403210/"
  },
  "timegate_uri": "http://localhost:1208/timegate/https://www.telemundochicago.com/que-hacer-en-chicago/cuando-pedir-dulces-horarios-establecidos-en-el-area-de-chicago-para-halloween-2023/2403210/"
}
