{
  "original_uri": "https://athibantv.com/bharat/130886/",
  "self": "http://localhost:1208/timemap/json/https://athibantv.com/bharat/130886/",
  "mementos": {
    "list": [
      {
        "datetime": "2023-10-24T10:02:20Z",
        "uri": "https://web.archive.org/web/20231024100220/https://athibantv.com/bharat/130886/"
      },
      {
        "datetime": "2023-10-24T13:21:33Z",
        "uri": "https://web.archive.org/web/20231024132133/https://athibantv.com/bharat/130886/"
      }
    ],
    "first": {
      "datetime": "2023-10-24T10:02:20Z",
      "uri": "https://web.archive.org/web/20231024100220/https://athibantv.com/bharat/130886/"
    },
    "last": {
      "datetime": "2023-10-24T13:21:33Z",
      "uri": "https://web.archive.org/web/20231024132133/https://athibantv.com/bharat/130886/"
    }
  },
  "timemap_uri": {
    "link_format": "http://localhost:1208/timemap/link/https://athibantv.com/bharat/130886/",
    "json_format": "http://localhost:1208/timemap/json/https://athibantv.com/bharat/130886/",
    "cdxj_format": "http://localhost:1208/timemap/cdxj/https://athibantv.com/bharat/130886/"
  },
  "timegate_uri": "http://localhost:1208/timegate/https://athibantv.com/bharat/130886/"
}
