{
  "original_uri": "https://www.15navi.com/ouenkin/?sid=15741",
  "self": "http://localhost:1208/timemap/json/https://www.15navi.com/ouenkin/?sid=15741",
  "mementos": {
    "list": [
      {
        "datetime": "2021-07-25T04:35:51Z",
        "uri": "https://web.archive.org/web/20210725043551/https://www.15navi.com/ouenkin/?sid=15741"
      }
    ],
    "first": {
      "datetime": "2021-07-25T04:35:51Z",
      "uri": "https://web.archive.org/web/20210725043551/https://www.15navi.com/ouenkin/?sid=15741"
    },
    "last": {
      "datetime": "2021-07-25T04:35:51Z",
      "uri": "https://web.archive.org/web/20210725043551/https://www.15navi.com/ouenkin/?sid=15741"
    }
  },
  "timemap_uri": {
    "link_format": "http://localhost:1208/timemap/link/https://www.15navi.com/ouenkin/?sid=15741",
    "json_format": "http://localhost:1208/timemap/json/https://www.15navi.com/ouenkin/?sid=15741",
    "cdxj_format": "http://localhost:1208/timemap/cdxj/https://www.15navi.com/ouenkin/?sid=15741"
  },
  "timegate_uri": "http://localhost:1208/timegate/https://www.15navi.com/ouenkin/?sid=15741"
}
