{
  "original_uri": "https://mondoweiss.net/2023/10/israeli-think-tank-lays-out-a-blueprint-for-the-complete-ethnic-cleansing-of-gaza/",
  "self": "http://localhost:1208/timemap/json/https://mondoweiss.net/2023/10/israeli-think-tank-lays-out-a-blueprint-for-the-complete-ethnic-cleansing-of-gaza/",
  "mementos": {
    "list": [
      {
        "datetime": "2023-10-23T17:28:34Z",
        "uri": "https://web.archive.org/web/20231023172834/https://mondoweiss.net/2023/10/israeli-think-tank-lays-out-a-blueprint-for-the-complete-ethnic-cleansing-of-gaza/"
      },
      {
        "datetime": "2023-10-23T20:49:42Z",
        "uri": "https://web.archive.org/web/20231023204942/https://mondoweiss.net/2023/10/israeli-think-tank-lays-out-a-blueprint-for-the-complete-ethnic-cleansing-of-gaza/"
      },
      {
        "datetime": "2023-10-23T23:04:33Z",
        "uri": "https://web.archive.org/web/20231023230433/https://mondoweiss.net/2023/10/israeli-think-tank-lays-out-a-blueprint-for-the-complete-ethnic-cleansing-of-gaza/"
      },
      {
        "datetime": "2023-10-23T23:21:30Z",
        "uri": "https://web.archive.org/web/20231023232130/https://mondoweiss.net/2023/10/israeli-think-tank-lays-out-a-blueprint-for-the-complete-ethnic-cleansing-of-gaza/"
      },
      {
        "datetime": "2023-10-24T02:15:30Z",
        "uri": "https://web.archive.org/web/20231024021530/https://mondoweiss.net/2023/10/israeli-think-tank-lays-out-a-blueprint-for-the-complete-ethnic-cleansing-of-gaza/"
      },
      {
        "datetime": "2023-10-24T02:21:22Z",
        "uri": "http://archive.md/20231024022122/https://mondoweiss.net/2023/10/israeli-think-tank-lays-out-a-blueprint-for-the-complete-ethnic-cleansing-of-gaza/"
      },
      {
        "datetime": "2023-10-24T02:59:10Z",
        "uri": "https://web.archive.org/web/20231024025910/https://mondoweiss.net/2023/10/israeli-think-tank-lays-out-a-blueprint-for-the-complete-ethnic-cleansing-of-gaza/"
      },
      {
        "datetime": "2023-10-24T03:46:45Z",
        "uri": "http://archive.md/20231024034645/https://mondoweiss.net/2023/10/israeli-think-tank-lays-out-a-blueprint-for-the-complete-ethnic-cleansing-of-gaza/"
      },
      {
        "datetime": "2023-10-24T10:56:33Z",
        "uri": "https://web.archive.org/web/20231024105633/https://mondoweiss.net/2023/10/israeli-think-tank-lays-out-a-blueprint-for-the-complete-ethnic-cleansing-of-gaza/"
      },
      {
        "datetime": "2023-10-24T11:26:19Z",
        "uri": "https://web.archive.org/web/20231024112619/https://mondoweiss.net/2023/10/israeli-think-tank-lays-out-a-blueprint-for-the-complete-ethnic-cleansing-of-gaza/"
      },
      {
        "datetime": "2023-10-24T13:37:58Z",
        "uri": "https://web.archive.org/web/20231024133758/https://mondoweiss.net/2023/10/israeli-think-tank-lays-out-a-blueprint-for-the-complete-ethnic-cleansing-of-gaza/"
      },
      {
        "datetime": "2023-10-24T14:46:07Z",
        "uri": "https://web.archive.org/web/20231024144607/https://mondoweiss.net/2023/10/israeli-think-tank-lays-out-a-blueprint-for-the-complete-ethnic-cleansing-of-gaza/"
      },
      {
        "datetime": "2023-10-24T15:33:24Z",
        "uri": "https://web.archive.org/web/20231024153324/https://mondoweiss.net/2023/10/israeli-think-tank-lays-out-a-blueprint-for-the-complete-ethnic-cleansing-of-gaza/"
      },
      {
        "datetime": "2023-10-24T19:46:33Z",
        "uri": "https://web.archive.org/web/20231024194633/https://mondoweiss.net/2023/10/israeli-think-tank-lays-out-a-blueprint-for-the-complete-ethnic-cleansing-of-gaza/"
      },
      {
        "datetime": "2023-10-25T01:59:39Z",
        "uri": "http://archive.md/20231025015939/https://mondoweiss.net/2023/10/israeli-think-tank-lays-out-a-blueprint-for-the-complete-ethnic-cleansing-of-gaza/"
      },
      {
        "datetime": "2023-10-25T01:59:55Z",
        "uri": "https://web.archive.org/web/20231025015955/https://mondoweiss.net/2023/10/israeli-think-tank-lays-out-a-blueprint-for-the-complete-ethnic-cleansing-of-gaza/"
      },
      {
        "datetime": "2023-10-25T04:59:43Z",
        "uri": "https://web.archive.org/web/20231025045943/https://mondoweiss.net/2023/10/israeli-think-tank-lays-out-a-blueprint-for-the-complete-ethnic-cleansing-of-gaza/"
      },
      {
        "datetime": "2023-10-25T05:28:56Z",
        "uri": "https://web.archive.org/web/20231025052856/https://mondoweiss.net/2023/10/israeli-think-tank-lays-out-a-blueprint-for-the-complete-ethnic-cleansing-of-gaza/"
      },
      {
        "datetime": "2023-10-25T14:15:42Z",
        "uri": "https://web.archive.org/web/20231025141542/https://mondoweiss.net/2023/10/israeli-think-tank-lays-out-a-blueprint-for-the-complete-ethnic-cleansing-of-gaza"
      },
      {
        "datetime": "2023-10-25T16:50:16Z",
        "uri": "https://web.archive.org/web/20231025165016/https://mondoweiss.net/2023/10/israeli-think-tank-lays-out-a-blueprint-for-the-complete-ethnic-cleansing-of-gaza/"
      },
      {
        "datetime": "2023-10-25T19:08:38Z",
        "uri": "https://web.archive.org/web/20231025190838/https://mondoweiss.net/2023/10/israeli-think-tank-lays-out-a-blueprint-for-the-complete-ethnic-cleansing-of-gaza/"
      },
      {
        "datetime": "2023-10-25T21:44:30Z",
        "uri": "https://web.archive.org/web/20231025214430/https://mondoweiss.net/2023/10/israeli-think-tank-lays-out-a-blueprint-for-the-complete-ethnic-cleansing-of-gaza/"
      },
      {
        "datetime": "2023-10-26T05:51:57Z",
        "uri": "https://web.archive.org/web/20231026055157/https://mondoweiss.net/2023/10/israeli-think-tank-lays-out-a-blueprint-for-the-complete-ethnic-cleansing-of-gaza/"
      },
      {
        "datetime": "2023-10-26T15:26:12Z",
        "uri": "https://web.archive.org/web/20231026152612/https://mondoweiss.net/2023/10/israeli-think-tank-lays-out-a-blueprint-for-the-complete-ethnic-cleansing-of-gaza/"
      }
    ],
    "first": {
      "datetime": "2023-10-23T17:28:34Z",
      "uri": "https://web.archive.org/web/20231023172834/https://mondoweiss.net/2023/10/israeli-think-tank-lays-out-a-blueprint-for-the-complete-ethnic-cleansing-of-gaza/"
    },
    "last": {
      "datetime": "2023-10-26T15:26:12Z",
      "uri": "https://web.archive.org/web/20231026152612/https://mondoweiss.net/2023/10/israeli-think-tank-lays-out-a-blueprint-for-the-complete-ethnic-cleansing-of-gaza/"
    }
  },
  "timemap_uri": {
    "link_format": "http://localhost:1208/timemap/link/https://mondoweiss.net/2023/10/israeli-think-tank-lays-out-a-blueprint-for-the-complete-ethnic-cleansing-of-gaza/",
    "json_format": "http://localhost:1208/timemap/json/https://mondoweiss.net/2023/10/israeli-think-tank-lays-out-a-blueprint-for-the-complete-ethnic-cleansing-of-gaza/",
    "cdxj_format": "http://localhost:1208/timemap/cdxj/https://mondoweiss.net/2023/10/israeli-think-tank-lays-out-a-blueprint-for-the-complete-ethnic-cleansing-of-gaza/"
  },
  "timegate_uri": "http://localhost:1208/timegate/https://mondoweiss.net/2023/10/israeli-think-tank-lays-out-a-blueprint-for-the-complete-ethnic-cleansing-of-gaza/"
}
