{
  "original_uri": "https://newscentric.com.ng/news/daily-trust/20002/",
  "self": "http://localhost:1208/timemap/json/https://newscentric.com.ng/news/daily-trust/20002/",
  "mementos": {
    "list": [
      {
        "datetime": "2023-10-25T05:05:11Z",
        "uri": "https://web.archive.org/web/20231025050511/https://newscentric.com.ng/news/daily-trust/20002/"
      }
    ],
    "first": {
      "datetime": "2023-10-25T05:05:11Z",
      "uri": "https://web.archive.org/web/20231025050511/https://newscentric.com.ng/news/daily-trust/20002/"
    },
    "last": {
      "datetime": "2023-10-25T05:05:11Z",
      "uri": "https://web.archive.org/web/20231025050511/https://newscentric.com.ng/news/daily-trust/20002/"
    }
  },
  "timemap_uri": {
    "link_format": "http://localhost:1208/timemap/link/https://newscentric.com.ng/news/daily-trust/20002/",
    "json_format": "http://localhost:1208/timemap/json/https://newscentric.com.ng/news/daily-trust/20002/",
    "cdxj_format": "http://localhost:1208/timemap/cdxj/https://newscentric.com.ng/news/daily-trust/20002/"
  },
  "timegate_uri": "http://localhost:1208/timegate/https://newscentric.com.ng/news/daily-trust/20002/"
}
