{
  "original_uri": "https://appropriations.house.gov/sites/democrats.appropriations.house.gov/files/Legislative%20Branch%20FY23%20Summary.pdf",
  "self": "http://localhost:1208/timemap/json/https://appropriations.house.gov/sites/democrats.appropriations.house.gov/files/Legislative%20Branch%20FY23%20Summary.pdf",
  "mementos": {
    "list": [
      {
        "datetime": "2022-12-24T23:06:32Z",
        "uri": "https://web.archive.org/web/20221224230632/https://appropriations.house.gov/sites/democrats.appropriations.house.gov/files/Legislative%20Branch%20FY23%20Summary.pdf"
      },
      {
        "datetime": "2022-12-26T21:33:55Z",
        "uri": "https://web.archive.org/web/20221226213355/https://appropriations.house.gov/sites/democrats.appropriations.house.gov/files/Legislative%20Branch%20FY23%20Summary.pdf"
      },
      {
        "datetime": "2022-12-27T05:40:55Z",
        "uri": "https://web.archive.org/web/20221227054055/https://appropriations.house.gov/sites/democrats.appropriations.house.gov/files/Legislative%20Branch%20FY23%20Summary.pdf"
      },
      {
        "datetime": "2023-01-27T12:17:24Z",
        "uri": "https://web.archive.org/web/20230127121724/https://appropriations.house.gov/sites/democrats.appropriations.house.gov/files/Legislative%20Branch%20FY23%20Summary.pdf"
      }
    ],
    "first": {
      "datetime": "2022-12-24T23:06:32Z",
      "uri": "https://web.archive.org/web/20221224230632/https://appropriations.house.gov/sites/democrats.appropriations.house.gov/files/Legislative%20Branch%20FY23%20Summary.pdf"
    },
    "last": {
      "datetime": "2023-01-27T12:17:24Z",
      "uri": "https://web.archive.org/web/20230127121724/https://appropriations.house.gov/sites/democrats.appropriations.house.gov/files/Legislative%20Branch%20FY23%20Summary.pdf"
    }
  },
  "timemap_uri": {
    "link_format": "http://localhost:1208/timemap/link/https://appropriations.house.gov/sites/democrats.appropriations.house.gov/files/Legislative%20Branch%20FY23%20Summary.pdf",
    "json_format": "http://localhost:1208/timemap/json/https://appropriations.house.gov/sites/democrats.appropriations.house.gov/files/Legislative%20Branch%20FY23%20Summary.pdf",
    "cdxj_format": "http://localhost:1208/timemap/cdxj/https://appropriations.house.gov/sites/democrats.appropriations.house.gov/files/Legislative%20Branch%20FY23%20Summary.pdf"
  },
  "timegate_uri": "http://localhost:1208/timegate/https://appropriations.house.gov/sites/democrats.appropriations.house.gov/files/Legislative%20Branch%20FY23%20Summary.pdf"
}
