{
  "original_uri": "https://www.aljazeera.com/news/2023/10/24/no-one-is-left-to-mourn-in-gaza-as-israels-bombs-deliver-daily-death",
  "self": "http://localhost:1208/timemap/json/https://www.aljazeera.com/news/2023/10/24/no-one-is-left-to-mourn-in-gaza-as-israels-bombs-deliver-daily-death",
  "mementos": {
    "list": [
      {
        "datetime": "2023-10-24T03:21:48Z",
        "uri": "https://web.archive.org/web/20231024032148/http://www.aljazeera.com/news/2023/10/24/no-one-is-left-to-mourn-in-gaza-as-israels-bombs-deliver-daily-death"
      },
      {
        "datetime": "2023-10-24T03:22:16Z",
        "uri": "https://web.archive.org/web/20231024032216/http://www.aljazeera.com/news/2023/10/24/no-one-is-left-to-mourn-in-gaza-as-israels-bombs-deliver-daily-death"
      },
      {
        "datetime": "2023-10-24T03:22:55Z",
        "uri": "https://web.archive.org/web/20231024032255/https://www.aljazeera.com/news/2023/10/24/no-one-is-left-to-mourn-in-gaza-as-israels-bombs-deliver-daily-death"
      },
      {
        "datetime": "2023-10-24T04:18:48Z",
        "uri": "https://web.archive.org/web/20231024041848/https://www.aljazeera.com/news/2023/10/24/no-one-is-left-to-mourn-in-gaza-as-israels-bombs-deliver-daily-death"
      },
      {
        "datetime": "2023-10-24T06:54:30Z",
        "uri": "https://web.archive.org/web/20231024065430/https://www.aljazeera.com/news/2023/10/24/no-one-is-left-to-mourn-in-gaza-as-israels-bombs-deliver-daily-death"
      },
      {
        "datetime": "2023-10-24T14:19:10Z",
        "uri": "https://web.archive.org/web/20231024141910/https://www.aljazeera.com/news/2023/10/24/no-one-is-left-to-mourn-in-gaza-as-israels-bombs-deliver-daily-death"
      },
      {
        "datetime": "2023-10-24T17:22:07Z",
        "uri": "https://web.archive.org/web/20231024172207/https://www.aljazeera.com/news/2023/10/24/no-one-is-left-to-mourn-in-gaza-as-israels-bombs-deliver-daily-death"
      },
      {
        "datetime": "2023-10-24T23:37:03Z",
        "uri": "https://web.archive.org/web/20231024233703/https://www.aljazeera.com/news/2023/10/24/no-one-is-left-to-mourn-in-gaza-as-israels-bombs-deliver-daily-death"
      },
      {
        "datetime": "2023-10-24T23:42:51Z",
        "uri": "https://web.archive.org/web/20231024234251/https://www.aljazeera.com/news/2023/10/24/no-one-is-left-to-mourn-in-gaza-as-israels-bombs-deliver-daily-death"
      },
      {
        "datetime": "2023-10-25T07:23:43Z",
        "uri": "https://web.archive.org/web/20231025072343/https://www.aljazeera.com/news/2023/10/24/no-one-is-left-to-mourn-in-gaza-as-israels-bombs-deliver-daily-death"
      },
      {
        "datetime": "2023-10-25T15:53:33Z",
        "uri": "https://web.archive.org/web/20231025155333/https://www.aljazeera.com/news/2023/10/24/no-one-is-left-to-mourn-in-gaza-as-israels-bombs-deliver-daily-death"
      },
      {
        "datetime": "2023-10-25T16:25:53Z",
        "uri": "https://web.archive.org/web/20231025162553/https://www.aljazeera.com/news/2023/10/24/no-one-is-left-to-mourn-in-gaza-as-israels-bombs-deliver-daily-death"
      },
      {
        "datetime": "2023-10-25T21:46:08Z",
        "uri": "https://web.archive.org/web/20231025214608/https://www.aljazeera.com/news/2023/10/24/no-one-is-left-to-mourn-in-gaza-as-israels-bombs-deliver-daily-death"
      },
      {
        "datetime": "2023-10-25T22:08:30Z",
        "uri": "https://wayback.archive-it.org/all/20231025220830/https://www.aljazeera.com/news/2023/10/24/no-one-is-left-to-mourn-in-gaza-as-israels-bombs-deliver-daily-death"
      },
      {
        "datetime": "2023-10-26T17:44:11Z",
        "uri": "https://web.archive.org/web/20231026174411/https://www.aljazeera.com/news/2023/10/24/no-one-is-left-to-mourn-in-gaza-as-israels-bombs-deliver-daily-death"
      }
    ],
    "first": {
      "datetime": "2023-10-24T03:21:48Z",
      "uri": "https://web.archive.org/web/20231024032148/http://www.aljazeera.com/news/2023/10/24/no-one-is-left-to-mourn-in-gaza-as-israels-bombs-deliver-daily-death"
    },
    "last": {
      "datetime": "2023-10-26T17:44:11Z",
      "uri": "https://web.archive.org/web/20231026174411/https://www.aljazeera.com/news/2023/10/24/no-one-is-left-to-mourn-in-gaza-as-israels-bombs-deliver-daily-death"
    }
  },
  "timemap_uri": {
    "link_format": "http://localhost:1208/timemap/link/https://www.aljazeera.com/news/2023/10/24/no-one-is-left-to-mourn-in-gaza-as-israels-bombs-deliver-daily-death",
    "json_format": "http://localhost:1208/timemap/json/https://www.aljazeera.com/news/2023/10/24/no-one-is-left-to-mourn-in-gaza-as-israels-bombs-deliver-daily-death",
    "cdxj_format": "http://localhost:1208/timemap/cdxj/https://www.aljazeera.com/news/2023/10/24/no-one-is-left-to-mourn-in-gaza-as-israels-bombs-deliver-daily-death"
  },
  "timegate_uri": "http://localhost:1208/timegate/https://www.aljazeera.com/news/2023/10/24/no-one-is-left-to-mourn-in-gaza-as-israels-bombs-deliver-daily-death"
}
