{
  "original_uri": "https://thenextrecession.wordpress.com/2023/10/22/argentina-election-from-peso-to-dollar/",
  "self": "http://localhost:1208/timemap/json/https://thenextrecession.wordpress.com/2023/10/22/argentina-election-from-peso-to-dollar/",
  "mementos": {
    "list": [
      {
        "datetime": "2023-10-22T10:19:39Z",
        "uri": "https://web.archive.org/web/20231022101939/http://thenextrecession.wordpress.com/2023/10/22/argentina-election-from-peso-to-dollar/"
      },
      {
        "datetime": "2023-10-22T12:17:19Z",
        "uri": "https://web.archive.org/web/20231022121719/https://thenextrecession.wordpress.com/2023/10/22/argentina-election-from-peso-to-dollar/"
      },
      {
        "datetime": "2023-10-22T13:32:58Z",
        "uri": "https://web.archive.org/web/20231022133258/https://thenextrecession.wordpress.com/2023/10/22/argentina-election-from-peso-to-dollar/"
      }
    ],
    "first": {
      "datetime": "2023-10-22T10:19:39Z",
      "uri": "https://web.archive.org/web/20231022101939/http://thenextrecession.wordpress.com/2023/10/22/argentina-election-from-peso-to-dollar/"
    },
    "last": {
      "datetime": "2023-10-22T13:32:58Z",
      "uri": "https://web.archive.org/web/20231022133258/https://thenextrecession.wordpress.com/2023/10/22/argentina-election-from-peso-to-dollar/"
    }
  },
  "timemap_uri": {
    "link_format": "http://localhost:1208/timemap/link/https://thenextrecession.wordpress.com/2023/10/22/argentina-election-from-peso-to-dollar/",
    "json_format": "http://localhost:1208/timemap/json/https://thenextrecession.wordpress.com/2023/10/22/argentina-election-from-peso-to-dollar/",
    "cdxj_format": "http://localhost:1208/timemap/cdxj/https://thenextrecession.wordpress.com/2023/10/22/argentina-election-from-peso-to-dollar/"
  },
  "timegate_uri": "http://localhost:1208/timegate/https://thenextrecession.wordpress.com/2023/10/22/argentina-election-from-peso-to-dollar/"
}
