{
  "original_uri": "https://storage.courtlistener.com/recap/gov.uscourts.dcd.258149/gov.uscourts.dcd.258149.113.0_1.pdf",
  "self": "http://localhost:1208/timemap/json/https://storage.courtlistener.com/recap/gov.uscourts.dcd.258149/gov.uscourts.dcd.258149.113.0_1.pdf",
  "mementos": {
    "list": [
      {
        "datetime": "2023-10-24T10:53:00Z",
        "uri": "https://web.archive.org/web/20231024105300/http://storage.courtlistener.com/recap/gov.uscourts.dcd.258149/gov.uscourts.dcd.258149.113.0_1.pdf"
      },
      {
        "datetime": "2023-10-24T12:33:59Z",
        "uri": "https://web.archive.org/web/20231024123359/https://storage.courtlistener.com/recap/gov.uscourts.dcd.258149/gov.uscourts.dcd.258149.113.0_1.pdf"
      },
      {
        "datetime": "2023-10-24T13:37:32Z",
        "uri": "https://web.archive.org/web/20231024133732/https://storage.courtlistener.com/recap/gov.uscourts.dcd.258149/gov.uscourts.dcd.258149.113.0_1.pdf"
      },
      {
        "datetime": "2023-10-26T07:49:00Z",
        "uri": "https://web.archive.org/web/20231026074900/https://storage.courtlistener.com/recap/gov.uscourts.dcd.258149/gov.uscourts.dcd.258149.113.0_1.pdf"
      }
    ],
    "first": {
      "datetime": "2023-10-24T10:53:00Z",
      "uri": "https://web.archive.org/web/20231024105300/http://storage.courtlistener.com/recap/gov.uscourts.dcd.258149/gov.uscourts.dcd.258149.113.0_1.pdf"
    },
    "last": {
      "datetime": "2023-10-26T07:49:00Z",
      "uri": "https://web.archive.org/web/20231026074900/https://storage.courtlistener.com/recap/gov.uscourts.dcd.258149/gov.uscourts.dcd.258149.113.0_1.pdf"
    }
  },
  "timemap_uri": {
    "link_format": "http://localhost:1208/timemap/link/https://storage.courtlistener.com/recap/gov.uscourts.dcd.258149/gov.uscourts.dcd.258149.113.0_1.pdf",
    "json_format": "http://localhost:1208/timemap/json/https://storage.courtlistener.com/recap/gov.uscourts.dcd.258149/gov.uscourts.dcd.258149.113.0_1.pdf",
    "cdxj_format": "http://localhost:1208/timemap/cdxj/https://storage.courtlistener.com/recap/gov.uscourts.dcd.258149/gov.uscourts.dcd.258149.113.0_1.pdf"
  },
  "timegate_uri": "http://localhost:1208/timegate/https://storage.courtlistener.com/recap/gov.uscourts.dcd.258149/gov.uscourts.dcd.258149.113.0_1.pdf"
}
