{
  "original_uri": "https://thewire.in/government/ias-officers-as-rath-prabharis-is-not-just-unethical-but-illegal-ex-civil-servant-eas-sarma",
  "self": "http://localhost:1208/timemap/json/https://thewire.in/government/ias-officers-as-rath-prabharis-is-not-just-unethical-but-illegal-ex-civil-servant-eas-sarma",
  "mementos": {
    "list": [
      {
        "datetime": "2023-10-23T17:12:38Z",
        "uri": "https://web.archive.org/web/20231023171238/https://thewire.in/government/ias-officers-as-rath-prabharis-is-not-just-unethical-but-illegal-ex-civil-servant-eas-sarma"
      },
      {
        "datetime": "2023-10-24T06:42:03Z",
        "uri": "https://web.archive.org/web/20231024064203/https://thewire.in/government/ias-officers-as-rath-prabharis-is-not-just-unethical-but-illegal-ex-civil-servant-eas-sarma"
      },
      {
        "datetime": "2023-10-25T01:19:01Z",
        "uri": "https://web.archive.org/web/20231025011901/https://thewire.in/government/ias-officers-as-rath-prabharis-is-not-just-unethical-but-illegal-ex-civil-servant-eas-sarma"
      },
      {
        "datetime": "2023-10-25T02:24:46Z",
        "uri": "https://web.archive.org/web/20231025022446/https://thewire.in/government/ias-officers-as-rath-prabharis-is-not-just-unethical-but-illegal-ex-civil-servant-eas-sarma"
      },
      {
        "datetime": "2023-10-25T12:59:26Z",
        "uri": "https://web.archive.org/web/20231025125926/https://thewire.in/government/ias-officers-as-rath-prabharis-is-not-just-unethical-but-illegal-ex-civil-servant-eas-sarma"
      },
      {
        "datetime": "2023-10-25T16:48:59Z",
        "uri": "https://web.archive.org/web/20231025164859/https://thewire.in/government/ias-officers-as-rath-prabharis-is-not-just-unethical-but-illegal-ex-civil-servant-eas-sarma"
      }
    ],
    "first": {
      "datetime": "2023-10-23T17:12:38Z",
      "uri": "https://web.archive.org/web/20231023171238/https://thewire.in/government/ias-officers-as-rath-prabharis-is-not-just-unethical-but-illegal-ex-civil-servant-eas-sarma"
    },
    "last": {
      "datetime": "2023-10-25T16:48:59Z",
      "uri": "https://web.archive.org/web/20231025164859/https://thewire.in/government/ias-officers-as-rath-prabharis-is-not-just-unethical-but-illegal-ex-civil-servant-eas-sarma"
    }
  },
  "timemap_uri": {
    "link_format": "http://localhost:1208/timemap/link/https://thewire.in/government/ias-officers-as-rath-prabharis-is-not-just-unethical-but-illegal-ex-civil-servant-eas-sarma",
    "json_format": "http://localhost:1208/timemap/json/https://thewire.in/government/ias-officers-as-rath-prabharis-is-not-just-unethical-but-illegal-ex-civil-servant-eas-sarma",
    "cdxj_format": "http://localhost:1208/timemap/cdxj/https://thewire.in/government/ias-officers-as-rath-prabharis-is-not-just-unethical-but-illegal-ex-civil-servant-eas-sarma"
  },
  "timegate_uri": "http://localhost:1208/timegate/https://thewire.in/government/ias-officers-as-rath-prabharis-is-not-just-unethical-but-illegal-ex-civil-servant-eas-sarma"
}
