{
  "original_uri": "https://plannit.ai/",
  "self": "http://localhost:1208/timemap/json/https://plannit.ai/",
  "mementos": {
    "list": [
      {
        "datetime": "2021-12-21T10:15:45Z",
        "uri": "https://web.archive.org/web/20211221101545/http://plannit.ai/"
      },
      {
        "datetime": "2022-02-05T01:56:28Z",
        "uri": "https://web.archive.org/web/20220205015628/https://plannit.ai/"
      }
    ],
    "first": {
      "datetime": "2021-12-21T10:15:45Z",
      "uri": "https://web.archive.org/web/20211221101545/http://plannit.ai/"
    },
    "last": {
      "datetime": "2022-02-05T01:56:28Z",
      "uri": "https://web.archive.org/web/20220205015628/https://plannit.ai/"
    }
  },
  "timemap_uri": {
    "link_format": "http://localhost:1208/timemap/link/https://plannit.ai/",
    "json_format": "http://localhost:1208/timemap/json/https://plannit.ai/",
    "cdxj_format": "http://localhost:1208/timemap/cdxj/https://plannit.ai/"
  },
  "timegate_uri": "http://localhost:1208/timegate/https://plannit.ai/"
}
