{
  "original_uri": "https://speedinews.com/2023/10/23/celine-dions-sister-shares-new-update-about-singers-stiff-person-syndrome-treatment/",
  "self": "http://localhost:1208/timemap/json/https://speedinews.com/2023/10/23/celine-dions-sister-shares-new-update-about-singers-stiff-person-syndrome-treatment/",
  "mementos": {
    "list": [
      {
        "datetime": "2023-10-24T09:42:39Z",
        "uri": "https://web.archive.org/web/20231024094239/https://speedinews.com/2023/10/23/celine-dions-sister-shares-new-update-about-singers-stiff-person-syndrome-treatment/"
      }
    ],
    "first": {
      "datetime": "2023-10-24T09:42:39Z",
      "uri": "https://web.archive.org/web/20231024094239/https://speedinews.com/2023/10/23/celine-dions-sister-shares-new-update-about-singers-stiff-person-syndrome-treatment/"
    },
    "last": {
      "datetime": "2023-10-24T09:42:39Z",
      "uri": "https://web.archive.org/web/20231024094239/https://speedinews.com/2023/10/23/celine-dions-sister-shares-new-update-about-singers-stiff-person-syndrome-treatment/"
    }
  },
  "timemap_uri": {
    "link_format": "http://localhost:1208/timemap/link/https://speedinews.com/2023/10/23/celine-dions-sister-shares-new-update-about-singers-stiff-person-syndrome-treatment/",
    "json_format": "http://localhost:1208/timemap/json/https://speedinews.com/2023/10/23/celine-dions-sister-shares-new-update-about-singers-stiff-person-syndrome-treatment/",
    "cdxj_format": "http://localhost:1208/timemap/cdxj/https://speedinews.com/2023/10/23/celine-dions-sister-shares-new-update-about-singers-stiff-person-syndrome-treatment/"
  },
  "timegate_uri": "http://localhost:1208/timegate/https://speedinews.com/2023/10/23/celine-dions-sister-shares-new-update-about-singers-stiff-person-syndrome-treatment/"
}
