{
  "original_uri": "https://www.businessinsider.com/ohad-munder-zichri-held-hostage-child-birthday-captivity-2023-10",
  "self": "http://localhost:1208/timemap/json/https://www.businessinsider.com/ohad-munder-zichri-held-hostage-child-birthday-captivity-2023-10",
  "mementos": {
    "list": [
      {
        "datetime": "2023-10-24T01:08:26Z",
        "uri": "https://web.archive.org/web/20231024010826/http://www.businessinsider.com/ohad-munder-zichri-held-hostage-child-birthday-captivity-2023-10"
      },
      {
        "datetime": "2023-10-24T01:08:38Z",
        "uri": "https://web.archive.org/web/20231024010838/https://www.businessinsider.com/ohad-munder-zichri-held-hostage-child-birthday-captivity-2023-10"
      },
      {
        "datetime": "2023-10-24T03:08:36Z",
        "uri": "https://web.archive.org/web/20231024030836/https://www.businessinsider.com/ohad-munder-zichri-held-hostage-child-birthday-captivity-2023-10"
      },
      {
        "datetime": "2023-10-24T04:14:27Z",
        "uri": "https://web.archive.org/web/20231024041427/https://www.businessinsider.com/ohad-munder-zichri-held-hostage-child-birthday-captivity-2023-10"
      },
      {
        "datetime": "2023-10-24T04:41:02Z",
        "uri": "https://web.archive.org/web/20231024044102/https://www.businessinsider.com/ohad-munder-zichri-held-hostage-child-birthday-captivity-2023-10"
      },
      {
        "datetime": "2023-10-24T06:33:57Z",
        "uri": "https://web.archive.org/web/20231024063357/https://www.businessinsider.com/ohad-munder-zichri-held-hostage-child-birthday-captivity-2023-10"
      },
      {
        "datetime": "2023-10-24T06:37:07Z",
        "uri": "https://web.archive.org/web/20231024063707/https://www.businessinsider.com/ohad-munder-zichri-held-hostage-child-birthday-captivity-2023-10"
      },
      {
        "datetime": "2023-10-24T06:38:25Z",
        "uri": "https://web.archive.org/web/20231024063825/https://www.businessinsider.com/ohad-munder-zichri-held-hostage-child-birthday-captivity-2023-10"
      },
      {
        "datetime": "2023-10-24T06:38:31Z",
        "uri": "https://web.archive.org/web/20231024063831/https://www.businessinsider.com/ohad-munder-zichri-held-hostage-child-birthday-captivity-2023-10"
      },
      {
        "datetime": "2023-10-24T06:43:16Z",
        "uri": "https://web.archive.org/web/20231024064316/https://www.businessinsider.com/ohad-munder-zichri-held-hostage-child-birthday-captivity-2023-10"
      },
      {
        "datetime": "2023-10-24T06:43:25Z",
        "uri": "https://web.archive.org/web/20231024064325/https://www.businessinsider.com/ohad-munder-zichri-held-hostage-child-birthday-captivity-2023-10"
      },
      {
        "datetime": "2023-10-24T15:18:55Z",
        "uri": "https://web.archive.org/web/20231024151855/https://www.businessinsider.com/ohad-munder-zichri-held-hostage-child-birthday-captivity-2023-10"
      },
      {
        "datetime": "2023-10-24T15:18:59Z",
        "uri": "https://web.archive.org/web/20231024151859/https://www.businessinsider.com/ohad-munder-zichri-held-hostage-child-birthday-captivity-2023-10"
      },
      {
        "datetime": "2023-10-24T16:29:51Z",
        "uri": "https://web.archive.org/web/20231024162951/https://www.businessinsider.com/ohad-munder-zichri-held-hostage-child-birthday-captivity-2023-10"
      },
      {
        "datetime": "2023-10-24T19:21:36Z",
        "uri": "https://web.archive.org/web/20231024192136/https://www.businessinsider.com/ohad-munder-zichri-held-hostage-child-birthday-captivity-2023-10"
      },
      {
        "datetime": "2023-10-25T20:20:41Z",
        "uri": "https://web.archive.org/web/20231025202041/https://www.businessinsider.com/ohad-munder-zichri-held-hostage-child-birthday-captivity-2023-10"
      }
    ],
    "first": {
      "datetime": "2023-10-24T01:08:26Z",
      "uri": "https://web.archive.org/web/20231024010826/http://www.businessinsider.com/ohad-munder-zichri-held-hostage-child-birthday-captivity-2023-10"
    },
    "last": {
      "datetime": "2023-10-25T20:20:41Z",
      "uri": "https://web.archive.org/web/20231025202041/https://www.businessinsider.com/ohad-munder-zichri-held-hostage-child-birthday-captivity-2023-10"
    }
  },
  "timemap_uri": {
    "link_format": "http://localhost:1208/timemap/link/https://www.businessinsider.com/ohad-munder-zichri-held-hostage-child-birthday-captivity-2023-10",
    "json_format": "http://localhost:1208/timemap/json/https://www.businessinsider.com/ohad-munder-zichri-held-hostage-child-birthday-captivity-2023-10",
    "cdxj_format": "http://localhost:1208/timemap/cdxj/https://www.businessinsider.com/ohad-munder-zichri-held-hostage-child-birthday-captivity-2023-10"
  },
  "timegate_uri": "http://localhost:1208/timegate/https://www.businessinsider.com/ohad-munder-zichri-held-hostage-child-birthday-captivity-2023-10"
}
