{
  "original_uri": "https://www.politico.com/states/florida/story/2020/03/15/gillum-withdraws-from-politics-after-link-to-suspected-drug-overdose-1267145",
  "self": "http://localhost:1208/timemap/json/https://www.politico.com/states/florida/story/2020/03/15/gillum-withdraws-from-politics-after-link-to-suspected-drug-overdose-1267145",
  "mementos": {
    "list": [
      {
        "datetime": "2020-03-16T05:18:44Z",
        "uri": "http://archive.md/20200316051844/https://www.politico.com/states/florida/story/2020/03/15/gillum-withdraws-from-politics-after-link-to-suspected-drug-overdose-1267145"
      },
      {
        "datetime": "2020-03-16T05:41:37Z",
        "uri": "https://webarchive.loc.gov/all/20200316054137/https://www.politico.com/states/florida/story/2020/03/15/gillum-withdraws-from-politics-after-link-to-suspected-drug-overdose-1267145"
      },
      {
        "datetime": "2020-03-16T09:11:31Z",
        "uri": "https://web.archive.org/web/20200316091131/https://www.politico.com/states/florida/story/2020/03/15/gillum-withdraws-from-politics-after-link-to-suspected-drug-overdose-1267145"
      },
      {
        "datetime": "2020-03-16T09:27:18Z",
        "uri": "https://web.archive.org/web/20200316092718/https://www.politico.com/states/florida/story/2020/03/15/gillum-withdraws-from-politics-after-link-to-suspected-drug-overdose-1267145"
      },
      {
        "datetime": "2020-03-16T12:56:27Z",
        "uri": "https://web.archive.org/web/20200316125627/https://www.politico.com/states/florida/story/2020/03/15/gillum-withdraws-from-politics-after-link-to-suspected-drug-overdose-1267145"
      },
      {
        "datetime": "2020-03-16T17:53:27Z",
        "uri": "https://wayback.archive-it.org/all/20200316175327/https://www.politico.com/states/florida/story/2020/03/15/gillum-withdraws-from-politics-after-link-to-suspected-drug-overdose-1267145"
      },
      {
        "datetime": "2020-03-16T17:53:27Z",
        "uri": "https://web.archive.org/web/20200316175327/https://www.politico.com/states/florida/story/2020/03/15/gillum-withdraws-from-politics-after-link-to-suspected-drug-overdose-1267145"
      },
      {
        "datetime": "2020-03-16T18:37:02Z",
        "uri": "https://arquivo.pt/wayback/20200316183702mp_/https://www.politico.com/states/florida/story/2020/03/15/gillum-withdraws-from-politics-after-link-to-suspected-drug-overdose-1267145"
      },
      {
        "datetime": "2020-03-16T18:46:30Z",
        "uri": "https://web.archive.org/web/20200316184630/https://www.politico.com/states/florida/story/2020/03/15/gillum-withdraws-from-politics-after-link-to-suspected-drug-overdose-1267145"
      },
      {
        "datetime": "2020-03-17T09:46:47Z",
        "uri": "https://web.archive.org/web/20200317094647/https://www.politico.com/states/florida/story/2020/03/15/gillum-withdraws-from-politics-after-link-to-suspected-drug-overdose-1267145"
      },
      {
        "datetime": "2020-03-18T18:27:34Z",
        "uri": "https://webarchive.loc.gov/all/20200318182734/https://www.politico.com/states/florida/story/2020/03/15/gillum-withdraws-from-politics-after-link-to-suspected-drug-overdose-1267145"
      },
      {
        "datetime": "2020-03-25T19:31:37Z",
        "uri": "https://webarchive.loc.gov/all/20200325193137/https://www.politico.com/states/florida/story/2020/03/15/gillum-withdraws-from-politics-after-link-to-suspected-drug-overdose-1267145"
      },
      {
        "datetime": "2020-03-26T07:15:06Z",
        "uri": "https://web.archive.org/web/20200326071506/https://www.politico.com/states/florida/story/2020/03/15/gillum-withdraws-from-politics-after-link-to-suspected-drug-overdose-1267145"
      },
      {
        "datetime": "2020-03-29T04:56:30Z",
        "uri": "https://web.archive.org/web/20200329045630/https://www.politico.com/states/florida/story/2020/03/15/gillum-withdraws-from-politics-after-link-to-suspected-drug-overdose-1267145"
      },
      {
        "datetime": "2020-04-01T17:40:26Z",
        "uri": "https://webarchive.loc.gov/all/20200401174026/https://www.politico.com/states/florida/story/2020/03/15/gillum-withdraws-from-politics-after-link-to-suspected-drug-overdose-1267145"
      },
      {
        "datetime": "2020-04-13T03:24:20Z",
        "uri": "https://webarchive.loc.gov/all/20200413032420/https://www.politico.com/states/florida/story/2020/03/15/gillum-withdraws-from-politics-after-link-to-suspected-drug-overdose-1267145"
      },
      {
        "datetime": "2020-04-15T23:53:09Z",
        "uri": "https://webarchive.loc.gov/all/20200415235309/https://www.politico.com/states/florida/story/2020/03/15/gillum-withdraws-from-politics-after-link-to-suspected-drug-overdose-1267145"
      },
      {
        "datetime": "2020-04-16T16:01:51Z",
        "uri": "https://web.archive.org/web/20200416160151/https://www.politico.com/states/florida/story/2020/03/15/gillum-withdraws-from-politics-after-link-to-suspected-drug-overdose-1267145"
      },
      {
        "datetime": "2020-04-20T02:16:30Z",
        "uri": "https://webarchive.loc.gov/all/20200420021630/https://www.politico.com/states/florida/story/2020/03/15/gillum-withdraws-from-politics-after-link-to-suspected-drug-overdose-1267145"
      },
      {
        "datetime": "2020-04-21T14:55:19Z",
        "uri": "https://web.archive.org/web/20200421145519/https://www.politico.com/states/florida/story/2020/03/15/gillum-withdraws-from-politics-after-link-to-suspected-drug-overdose-1267145"
      },
      {
        "datetime": "2020-04-23T04:03:55Z",
        "uri": "https://web.archive.org/web/20200423040355/https://www.politico.com/states/florida/story/2020/03/15/gillum-withdraws-from-politics-after-link-to-suspected-drug-overdose-1267145"
      },
      {
        "datetime": "2020-04-23T18:11:06Z",
        "uri": "https://webarchive.loc.gov/all/20200423181106/https://www.politico.com/states/florida/story/2020/03/15/gillum-withdraws-from-politics-after-link-to-suspected-drug-overdose-1267145"
      },
      {
        "datetime": "2020-05-01T16:26:35Z",
        "uri": "https://webarchive.loc.gov/all/20200501162635/https://www.politico.com/states/florida/story/2020/03/15/gillum-withdraws-from-politics-after-link-to-suspected-drug-overdose-1267145"
      },
      {
        "datetime": "2020-05-20T18:26:37Z",
        "uri": "https://webarchive.loc.gov/all/20200520182637/https://www.politico.com/states/florida/story/2020/03/15/gillum-withdraws-from-politics-after-link-to-suspected-drug-overdose-1267145"
      },
      {
        "datetime": "2020-05-23T21:39:24Z",
        "uri": "https://web.archive.org/web/20200523213924/https://www.politico.com/states/florida/story/2020/03/15/gillum-withdraws-from-politics-after-link-to-suspected-drug-overdose-1267145"
      },
      {
        "datetime": "2020-05-28T09:52:09Z",
        "uri": "https://webarchive.loc.gov/all/20200528095209/https://www.politico.com/states/florida/story/2020/03/15/gillum-withdraws-from-politics-after-link-to-suspected-drug-overdose-1267145"
      },
      {
        "datetime": "2020-05-30T18:56:14Z",
        "uri": "https://web.archive.org/web/20200530185614/https://www.politico.com/states/florida/story/2020/03/15/gillum-withdraws-from-politics-after-link-to-suspected-drug-overdose-1267145"
      },
      {
        "datetime": "2020-06-07T13:30:44Z",
        "uri": "https://webarchive.loc.gov/all/20200607133044/https://www.politico.com/states/florida/story/2020/03/15/gillum-withdraws-from-politics-after-link-to-suspected-drug-overdose-1267145"
      },
      {
        "datetime": "2020-06-15T21:34:43Z",
        "uri": "https://web.archive.org/web/20200615213443/https://www.politico.com/states/florida/story/2020/03/15/gillum-withdraws-from-politics-after-link-to-suspected-drug-overdose-1267145"
      },
      {
        "datetime": "2020-06-21T11:13:11Z",
        "uri": "https://webarchive.loc.gov/all/20200621111311/https://www.politico.com/states/florida/story/2020/03/15/gillum-withdraws-from-politics-after-link-to-suspected-drug-overdose-1267145"
      },
      {
        "datetime": "2020-06-28T14:45:13Z",
        "uri": "https://webarchive.loc.gov/all/20200628144513/https://www.politico.com/states/florida/story/2020/03/15/gillum-withdraws-from-politics-after-link-to-suspected-drug-overdose-1267145"
      },
      {
        "datetime": "2020-06-29T22:53:50Z",
        "uri": "https://web.archive.org/web/20200629225350/https://www.politico.com/states/florida/story/2020/03/15/gillum-withdraws-from-politics-after-link-to-suspected-drug-overdose-1267145"
      },
      {
        "datetime": "2020-07-02T01:35:39Z",
        "uri": "https://web.archive.org/web/20200702013539/https://www.politico.com/states/florida/story/2020/03/15/gillum-withdraws-from-politics-after-link-to-suspected-drug-overdose-1267145"
      },
      {
        "datetime": "2020-07-05T12:06:35Z",
        "uri": "https://webarchive.loc.gov/all/20200705120635/https://www.politico.com/states/florida/story/2020/03/15/gillum-withdraws-from-politics-after-link-to-suspected-drug-overdose-1267145"
      },
      {
        "datetime": "2020-07-11T11:27:38Z",
        "uri": "https://web.archive.org/web/20200711112738/https://www.politico.com/states/florida/story/2020/03/15/gillum-withdraws-from-politics-after-link-to-suspected-drug-overdose-1267145"
      },
      {
        "datetime": "2020-07-13T01:18:15Z",
        "uri": "https://webarchive.loc.gov/all/20200713011815/https://www.politico.com/states/florida/story/2020/03/15/gillum-withdraws-from-politics-after-link-to-suspected-drug-overdose-1267145"
      },
      {
        "datetime": "2020-07-20T05:38:18Z",
        "uri": "https://webarchive.loc.gov/all/20200720053818/https://www.politico.com/states/florida/story/2020/03/15/gillum-withdraws-from-politics-after-link-to-suspected-drug-overdose-1267145"
      },
      {
        "datetime": "2020-07-23T00:35:33Z",
        "uri": "https://web.archive.org/web/20200723003533/https://www.politico.com/states/florida/story/2020/03/15/gillum-withdraws-from-politics-after-link-to-suspected-drug-overdose-1267145"
      },
      {
        "datetime": "2020-07-25T17:08:55Z",
        "uri": "https://webarchive.loc.gov/all/20200725170855/https://www.politico.com/states/florida/story/2020/03/15/gillum-withdraws-from-politics-after-link-to-suspected-drug-overdose-1267145"
      },
      {
        "datetime": "2020-07-28T11:03:17Z",
        "uri": "https://web.archive.org/web/20200728110317/https://www.politico.com/states/florida/story/2020/03/15/gillum-withdraws-from-politics-after-link-to-suspected-drug-overdose-1267145"
      },
      {
        "datetime": "2020-08-01T14:54:50Z",
        "uri": "https://webarchive.loc.gov/all/20200801145450/https://www.politico.com/states/florida/story/2020/03/15/gillum-withdraws-from-politics-after-link-to-suspected-drug-overdose-1267145"
      },
      {
        "datetime": "2020-08-02T20:45:40Z",
        "uri": "https://web.archive.org/web/20200802204540/https://www.politico.com/states/florida/story/2020/03/15/gillum-withdraws-from-politics-after-link-to-suspected-drug-overdose-1267145"
      },
      {
        "datetime": "2020-08-03T07:47:16Z",
        "uri": "https://web.archive.org/web/20200803074716/https://www.politico.com/states/florida/story/2020/03/15/gillum-withdraws-from-politics-after-link-to-suspected-drug-overdose-1267145"
      },
      {
        "datetime": "2020-08-16T18:00:07Z",
        "uri": "https://web.archive.org/web/20200816180007/https://www.politico.com/states/florida/story/2020/03/15/gillum-withdraws-from-politics-after-link-to-suspected-drug-overdose-1267145"
      },
      {
        "datetime": "2020-08-19T01:52:49Z",
        "uri": "https://web.archive.org/web/20200819015249/https://www.politico.com/states/florida/story/2020/03/15/gillum-withdraws-from-politics-after-link-to-suspected-drug-overdose-1267145"
      },
      {
        "datetime": "2020-09-16T11:44:34Z",
        "uri": "https://web.archive.org/web/20200916114434/https://www.politico.com/states/florida/story/2020/03/15/gillum-withdraws-from-politics-after-link-to-suspected-drug-overdose-1267145"
      },
      {
        "datetime": "2020-09-16T22:00:17Z",
        "uri": "https://web.archive.org/web/20200916220017/https://www.politico.com/states/florida/story/2020/03/15/gillum-withdraws-from-politics-after-link-to-suspected-drug-overdose-1267145"
      },
      {
        "datetime": "2020-09-17T03:46:02Z",
        "uri": "https://web.archive.org/web/20200917034602/https://www.politico.com/states/florida/story/2020/03/15/gillum-withdraws-from-politics-after-link-to-suspected-drug-overdose-1267145"
      },
      {
        "datetime": "2020-09-17T04:03:15Z",
        "uri": "https://web.archive.org/web/20200917040315/https://www.politico.com/states/florida/story/2020/03/15/gillum-withdraws-from-politics-after-link-to-suspected-drug-overdose-1267145"
      },
      {
        "datetime": "2020-09-17T11:31:33Z",
        "uri": "https://web.archive.org/web/20200917113133/https://www.politico.com/states/florida/story/2020/03/15/gillum-withdraws-from-politics-after-link-to-suspected-drug-overdose-1267145"
      },
      {
        "datetime": "2020-09-18T01:39:00Z",
        "uri": "https://web.archive.org/web/20200918013900/https://www.politico.com/states/florida/story/2020/03/15/gillum-withdraws-from-politics-after-link-to-suspected-drug-overdose-1267145"
      },
      {
        "datetime": "2020-09-18T21:14:44Z",
        "uri": "https://web.archive.org/web/20200918211444/https://www.politico.com/states/florida/story/2020/03/15/gillum-withdraws-from-politics-after-link-to-suspected-drug-overdose-1267145"
      },
      {
        "datetime": "2020-09-20T04:08:23Z",
        "uri": "https://webarchive.loc.gov/all/20200920040823/https://www.politico.com/states/florida/story/2020/03/15/gillum-withdraws-from-politics-after-link-to-suspected-drug-overdose-1267145"
      },
      {
        "datetime": "2020-09-22T05:22:31Z",
        "uri": "https://web.archive.org/web/20200922052231/https://www.politico.com/states/florida/story/2020/03/15/gillum-withdraws-from-politics-after-link-to-suspected-drug-overdose-1267145"
      },
      {
        "datetime": "2020-09-24T13:58:43Z",
        "uri": "https://webarchive.loc.gov/all/20200924135843/https://www.politico.com/states/florida/story/2020/03/15/gillum-withdraws-from-politics-after-link-to-suspected-drug-overdose-1267145"
      },
      {
        "datetime": "2020-09-25T03:35:07Z",
        "uri": "https://web.archive.org/web/20200925033507/https://www.politico.com/states/florida/story/2020/03/15/gillum-withdraws-from-politics-after-link-to-suspected-drug-overdose-1267145"
      },
      {
        "datetime": "2020-09-27T15:52:42Z",
        "uri": "https://web.archive.org/web/20200927155242/https://www.politico.com/states/florida/story/2020/03/15/gillum-withdraws-from-politics-after-link-to-suspected-drug-overdose-1267145"
      },
      {
        "datetime": "2020-09-28T20:33:06Z",
        "uri": "https://web.archive.org/web/20200928203306/https://www.politico.com/states/florida/story/2020/03/15/gillum-withdraws-from-politics-after-link-to-suspected-drug-overdose-1267145"
      },
      {
        "datetime": "2020-10-01T08:44:02Z",
        "uri": "https://web.archive.org/web/20201001084402/https://www.politico.com/states/florida/story/2020/03/15/gillum-withdraws-from-politics-after-link-to-suspected-drug-overdose-1267145"
      },
      {
        "datetime": "2020-10-03T15:38:36Z",
        "uri": "https://web.archive.org/web/20201003153836/https://www.politico.com/states/florida/story/2020/03/15/gillum-withdraws-from-politics-after-link-to-suspected-drug-overdose-1267145"
      },
      {
        "datetime": "2020-10-11T02:29:09Z",
        "uri": "https://web.archive.org/web/20201011022909/https://www.politico.com/states/florida/story/2020/03/15/gillum-withdraws-from-politics-after-link-to-suspected-drug-overdose-1267145"
      },
      {
        "datetime": "2020-11-01T23:41:11Z",
        "uri": "https://web.archive.org/web/20201101234111/https://www.politico.com/states/florida/story/2020/03/15/gillum-withdraws-from-politics-after-link-to-suspected-drug-overdose-1267145"
      },
      {
        "datetime": "2020-11-02T08:19:11Z",
        "uri": "https://webarchive.loc.gov/all/20201102081911/https://www.politico.com/states/florida/story/2020/03/15/gillum-withdraws-from-politics-after-link-to-suspected-drug-overdose-1267145"
      },
      {
        "datetime": "2020-11-07T14:28:02Z",
        "uri": "https://web.archive.org/web/20201107142802/https://www.politico.com/states/florida/story/2020/03/15/gillum-withdraws-from-politics-after-link-to-suspected-drug-overdose-1267145"
      },
      {
        "datetime": "2020-11-09T06:49:15Z",
        "uri": "https://webarchive.loc.gov/all/20201109064915/https://www.politico.com/states/florida/story/2020/03/15/gillum-withdraws-from-politics-after-link-to-suspected-drug-overdose-1267145"
      },
      {
        "datetime": "2020-11-15T09:12:22Z",
        "uri": "https://webarchive.loc.gov/all/20201115091222/https://www.politico.com/states/florida/story/2020/03/15/gillum-withdraws-from-politics-after-link-to-suspected-drug-overdose-1267145"
      },
      {
        "datetime": "2020-11-17T02:07:36Z",
        "uri": "https://web.archive.org/web/20201117020736/https://www.politico.com/states/florida/story/2020/03/15/gillum-withdraws-from-politics-after-link-to-suspected-drug-overdose-1267145"
      },
      {
        "datetime": "2020-11-18T11:23:07Z",
        "uri": "https://webarchive.loc.gov/all/20201118112307/https://www.politico.com/states/florida/story/2020/03/15/gillum-withdraws-from-politics-after-link-to-suspected-drug-overdose-1267145"
      },
      {
        "datetime": "2020-11-18T15:51:43Z",
        "uri": "https://web.archive.org/web/20201118155143/https://www.politico.com/states/florida/story/2020/03/15/gillum-withdraws-from-politics-after-link-to-suspected-drug-overdose-1267145"
      },
      {
        "datetime": "2020-11-20T10:52:13Z",
        "uri": "https://webarchive.loc.gov/all/20201120105213/https://www.politico.com/states/florida/story/2020/03/15/gillum-withdraws-from-politics-after-link-to-suspected-drug-overdose-1267145"
      },
      {
        "datetime": "2020-11-27T17:39:21Z",
        "uri": "https://webarchive.loc.gov/all/20201127173921/https://www.politico.com/states/florida/story/2020/03/15/gillum-withdraws-from-politics-after-link-to-suspected-drug-overdose-1267145"
      },
      {
        "datetime": "2020-11-29T11:53:53Z",
        "uri": "https://web.archive.org/web/20201129115353/https://www.politico.com/states/florida/story/2020/03/15/gillum-withdraws-from-politics-after-link-to-suspected-drug-overdose-1267145"
      },
      {
        "datetime": "2020-12-06T02:26:55Z",
        "uri": "https://webarchive.loc.gov/all/20201206022655/https://www.politico.com/states/florida/story/2020/03/15/gillum-withdraws-from-politics-after-link-to-suspected-drug-overdose-1267145"
      },
      {
        "datetime": "2020-12-08T06:02:32Z",
        "uri": "https://web.archive.org/web/20201208060232/https://www.politico.com/states/florida/story/2020/03/15/gillum-withdraws-from-politics-after-link-to-suspected-drug-overdose-1267145"
      },
      {
        "datetime": "2020-12-12T09:35:16Z",
        "uri": "https://webarchive.loc.gov/all/20201212093516/https://www.politico.com/states/florida/story/2020/03/15/gillum-withdraws-from-politics-after-link-to-suspected-drug-overdose-1267145"
      },
      {
        "datetime": "2020-12-19T03:59:31Z",
        "uri": "https://webarchive.loc.gov/all/20201219035931/https://www.politico.com/states/florida/story/2020/03/15/gillum-withdraws-from-politics-after-link-to-suspected-drug-overdose-1267145"
      },
      {
        "datetime": "2020-12-25T18:21:05Z",
        "uri": "https://webarchive.loc.gov/all/20201225182105/https://www.politico.com/states/florida/story/2020/03/15/gillum-withdraws-from-politics-after-link-to-suspected-drug-overdose-1267145"
      },
      {
        "datetime": "2021-01-09T13:41:37Z",
        "uri": "https://web.archive.org/web/20210109134137/https://www.politico.com/states/florida/story/2020/03/15/gillum-withdraws-from-politics-after-link-to-suspected-drug-overdose-1267145"
      },
      {
        "datetime": "2021-01-09T13:42:15Z",
        "uri": "https://web.archive.org/web/20210109134215/https://www.politico.com/states/florida/story/2020/03/15/gillum-withdraws-from-politics-after-link-to-suspected-drug-overdose-1267145"
      },
      {
        "datetime": "2021-01-20T11:13:34Z",
        "uri": "https://web.archive.org/web/20210120111334/https://www.politico.com/states/florida/story/2020/03/15/gillum-withdraws-from-politics-after-link-to-suspected-drug-overdose-1267145"
      },
      {
        "datetime": "2021-01-24T00:01:43Z",
        "uri": "https://webarchive.loc.gov/all/20210124000143/https://www.politico.com/states/florida/story/2020/03/15/gillum-withdraws-from-politics-after-link-to-suspected-drug-overdose-1267145"
      },
      {
        "datetime": "2021-01-31T06:07:52Z",
        "uri": "https://webarchive.loc.gov/all/20210131060752/https://www.politico.com/states/florida/story/2020/03/15/gillum-withdraws-from-politics-after-link-to-suspected-drug-overdose-1267145"
      },
      {
        "datetime": "2021-02-07T18:38:19Z",
        "uri": "https://webarchive.loc.gov/all/20210207183819/https://www.politico.com/states/florida/story/2020/03/15/gillum-withdraws-from-politics-after-link-to-suspected-drug-overdose-1267145"
      },
      {
        "datetime": "2021-02-13T20:23:13Z",
        "uri": "https://webarchive.loc.gov/all/20210213202313/https://www.politico.com/states/florida/story/2020/03/15/gillum-withdraws-from-politics-after-link-to-suspected-drug-overdose-1267145"
      },
      {
        "datetime": "2021-02-15T17:43:59Z",
        "uri": "https://web.archive.org/web/20210215174359/https://www.politico.com/states/florida/story/2020/03/15/gillum-withdraws-from-politics-after-link-to-suspected-drug-overdose-1267145"
      },
      {
        "datetime": "2021-02-24T00:39:54Z",
        "uri": "https://web.archive.org/web/20210224003954/https://www.politico.com/states/florida/story/2020/03/15/gillum-withdraws-from-politics-after-link-to-suspected-drug-overdose-1267145"
      },
      {
        "datetime": "2021-02-28T15:37:19Z",
        "uri": "https://webarchive.loc.gov/all/20210228153719/https://www.politico.com/states/florida/story/2020/03/15/gillum-withdraws-from-politics-after-link-to-suspected-drug-overdose-1267145"
      },
      {
        "datetime": "2021-03-02T06:08:05Z",
        "uri": "https://web.archive.org/web/20210302060805/https://www.politico.com/states/florida/story/2020/03/15/gillum-withdraws-from-politics-after-link-to-suspected-drug-overdose-1267145"
      },
      {
        "datetime": "2021-03-08T05:48:07Z",
        "uri": "https://webarchive.loc.gov/all/20210308054807/https://www.politico.com/states/florida/story/2020/03/15/gillum-withdraws-from-politics-after-link-to-suspected-drug-overdose-1267145"
      },
      {
        "datetime": "2021-03-12T08:51:10Z",
        "uri": "https://webarchive.loc.gov/all/20210312085110/https://www.politico.com/states/florida/story/2020/03/15/gillum-withdraws-from-politics-after-link-to-suspected-drug-overdose-1267145"
      },
      {
        "datetime": "2021-03-19T21:56:03Z",
        "uri": "https://webarchive.loc.gov/all/20210319215603/https://www.politico.com/states/florida/story/2020/03/15/gillum-withdraws-from-politics-after-link-to-suspected-drug-overdose-1267145"
      },
      {
        "datetime": "2021-03-26T21:23:34Z",
        "uri": "https://webarchive.loc.gov/all/20210326212334/https://www.politico.com/states/florida/story/2020/03/15/gillum-withdraws-from-politics-after-link-to-suspected-drug-overdose-1267145"
      },
      {
        "datetime": "2021-04-02T02:40:40Z",
        "uri": "https://webarchive.loc.gov/all/20210402024040/https://www.politico.com/states/florida/story/2020/03/15/gillum-withdraws-from-politics-after-link-to-suspected-drug-overdose-1267145"
      },
      {
        "datetime": "2021-04-10T10:38:43Z",
        "uri": "https://webarchive.loc.gov/all/20210410103843/https://www.politico.com/states/florida/story/2020/03/15/gillum-withdraws-from-politics-after-link-to-suspected-drug-overdose-1267145"
      },
      {
        "datetime": "2021-04-15T04:21:10Z",
        "uri": "https://webarchive.loc.gov/all/20210415042110/https://www.politico.com/states/florida/story/2020/03/15/gillum-withdraws-from-politics-after-link-to-suspected-drug-overdose-1267145"
      },
      {
        "datetime": "2021-04-22T00:27:41Z",
        "uri": "https://webarchive.loc.gov/all/20210422002741/https://www.politico.com/states/florida/story/2020/03/15/gillum-withdraws-from-politics-after-link-to-suspected-drug-overdose-1267145"
      },
      {
        "datetime": "2021-04-28T23:08:18Z",
        "uri": "https://webarchive.loc.gov/all/20210428230818/https://www.politico.com/states/florida/story/2020/03/15/gillum-withdraws-from-politics-after-link-to-suspected-drug-overdose-1267145"
      },
      {
        "datetime": "2021-05-26T12:08:03Z",
        "uri": "https://webarchive.loc.gov/all/20210526120803/https://www.politico.com/states/florida/story/2020/03/15/gillum-withdraws-from-politics-after-link-to-suspected-drug-overdose-1267145"
      },
      {
        "datetime": "2021-06-04T00:25:44Z",
        "uri": "https://web.archive.org/web/20210604002544/https://www.politico.com/states/florida/story/2020/03/15/gillum-withdraws-from-politics-after-link-to-suspected-drug-overdose-1267145"
      },
      {
        "datetime": "2021-06-18T22:37:08Z",
        "uri": "https://web.archive.org/web/20210618223708/https://www.politico.com/states/florida/story/2020/03/15/gillum-withdraws-from-politics-after-link-to-suspected-drug-overdose-1267145"
      },
      {
        "datetime": "2021-06-18T22:37:08Z",
        "uri": "https://web.archive.org/web/20210618223708/https://www.politico.com/states/florida/story/2020/03/15/gillum-withdraws-from-politics-after-link-to-suspected-drug-overdose-1267145"
      },
      {
        "datetime": "2021-12-03T02:35:31Z",
        "uri": "https://web.archive.org/web/20211203023531/https://www.politico.com/states/florida/story/2020/03/15/gillum-withdraws-from-politics-after-link-to-suspected-drug-overdose-1267145"
      },
      {
        "datetime": "2022-04-12T17:06:26Z",
        "uri": "https://web.archive.org/web/20220412170626/https://www.politico.com/states/florida/story/2020/03/15/gillum-withdraws-from-politics-after-link-to-suspected-drug-overdose-1267145"
      },
      {
        "datetime": "2022-06-09T22:09:24Z",
        "uri": "https://web.archive.org/web/20220609220924/https://www.politico.com/states/florida/story/2020/03/15/gillum-withdraws-from-politics-after-link-to-suspected-drug-overdose-1267145"
      },
      {
        "datetime": "2022-06-09T23:35:21Z",
        "uri": "https://web.archive.org/web/20220609233521/https://www.politico.com/states/florida/story/2020/03/15/gillum-withdraws-from-politics-after-link-to-suspected-drug-overdose-1267145"
      },
      {
        "datetime": "2022-06-22T15:23:16Z",
        "uri": "https://web.archive.org/web/20220622152316/https://www.politico.com/states/florida/story/2020/03/15/gillum-withdraws-from-politics-after-link-to-suspected-drug-overdose-1267145"
      },
      {
        "datetime": "2022-06-28T22:06:39Z",
        "uri": "https://web.archive.org/web/20220628220639/https://www.politico.com/states/florida/story/2020/03/15/gillum-withdraws-from-politics-after-link-to-suspected-drug-overdose-1267145"
      },
      {
        "datetime": "2022-06-30T11:20:21Z",
        "uri": "https://web.archive.org/web/20220630112021/https://www.politico.com/states/florida/story/2020/03/15/gillum-withdraws-from-politics-after-link-to-suspected-drug-overdose-1267145"
      },
      {
        "datetime": "2022-07-04T15:22:04Z",
        "uri": "https://web.archive.org/web/20220704152204/https://www.politico.com/states/florida/story/2020/03/15/gillum-withdraws-from-politics-after-link-to-suspected-drug-overdose-1267145"
      },
      {
        "datetime": "2022-07-04T22:06:11Z",
        "uri": "https://web.archive.org/web/20220704220611/https://www.politico.com/states/florida/story/2020/03/15/gillum-withdraws-from-politics-after-link-to-suspected-drug-overdose-1267145"
      },
      {
        "datetime": "2022-07-05T02:09:25Z",
        "uri": "https://web.archive.org/web/20220705020925/https://www.politico.com/states/florida/story/2020/03/15/gillum-withdraws-from-politics-after-link-to-suspected-drug-overdose-1267145"
      },
      {
        "datetime": "2022-07-05T02:09:35Z",
        "uri": "https://web.archive.org/web/20220705020935/https://www.politico.com/states/florida/story/2020/03/15/gillum-withdraws-from-politics-after-link-to-suspected-drug-overdose-1267145"
      },
      {
        "datetime": "2022-07-05T09:25:09Z",
        "uri": "https://web.archive.org/web/20220705092509/https://www.politico.com/states/florida/story/2020/03/15/gillum-withdraws-from-politics-after-link-to-suspected-drug-overdose-1267145"
      },
      {
        "datetime": "2022-07-05T15:10:16Z",
        "uri": "https://web.archive.org/web/20220705151016/https://www.politico.com/states/florida/story/2020/03/15/gillum-withdraws-from-politics-after-link-to-suspected-drug-overdose-1267145"
      },
      {
        "datetime": "2022-07-05T23:15:04Z",
        "uri": "https://web.archive.org/web/20220705231504/https://www.politico.com/states/florida/story/2020/03/15/gillum-withdraws-from-politics-after-link-to-suspected-drug-overdose-1267145"
      },
      {
        "datetime": "2022-07-06T00:23:31Z",
        "uri": "https://web.archive.org/web/20220706002331/https://www.politico.com/states/florida/story/2020/03/15/gillum-withdraws-from-politics-after-link-to-suspected-drug-overdose-1267145"
      },
      {
        "datetime": "2022-07-06T03:06:21Z",
        "uri": "https://web.archive.org/web/20220706030621/https://www.politico.com/states/florida/story/2020/03/15/gillum-withdraws-from-politics-after-link-to-suspected-drug-overdose-1267145"
      },
      {
        "datetime": "2022-07-06T06:35:03Z",
        "uri": "https://web.archive.org/web/20220706063503/https://www.politico.com/states/florida/story/2020/03/15/gillum-withdraws-from-politics-after-link-to-suspected-drug-overdose-1267145"
      },
      {
        "datetime": "2022-07-06T10:39:59Z",
        "uri": "https://web.archive.org/web/20220706103959/https://www.politico.com/states/florida/story/2020/03/15/gillum-withdraws-from-politics-after-link-to-suspected-drug-overdose-1267145"
      },
      {
        "datetime": "2022-07-06T20:25:23Z",
        "uri": "https://web.archive.org/web/20220706202523/https://www.politico.com/states/florida/story/2020/03/15/gillum-withdraws-from-politics-after-link-to-suspected-drug-overdose-1267145"
      },
      {
        "datetime": "2022-07-07T04:08:50Z",
        "uri": "https://web.archive.org/web/20220707040850/https://www.politico.com/states/florida/story/2020/03/15/gillum-withdraws-from-politics-after-link-to-suspected-drug-overdose-1267145"
      },
      {
        "datetime": "2022-07-07T15:57:03Z",
        "uri": "https://web.archive.org/web/20220707155703/https://www.politico.com/states/florida/story/2020/03/15/gillum-withdraws-from-politics-after-link-to-suspected-drug-overdose-1267145"
      },
      {
        "datetime": "2022-07-07T23:28:26Z",
        "uri": "https://web.archive.org/web/20220707232826/https://www.politico.com/states/florida/story/2020/03/15/gillum-withdraws-from-politics-after-link-to-suspected-drug-overdose-1267145"
      },
      {
        "datetime": "2022-07-08T07:11:17Z",
        "uri": "https://web.archive.org/web/20220708071117/https://www.politico.com/states/florida/story/2020/03/15/gillum-withdraws-from-politics-after-link-to-suspected-drug-overdose-1267145"
      },
      {
        "datetime": "2022-08-24T00:22:36Z",
        "uri": "https://web.archive.org/web/20220824002236/https://www.politico.com/states/florida/story/2020/03/15/gillum-withdraws-from-politics-after-link-to-suspected-drug-overdose-1267145"
      },
      {
        "datetime": "2022-08-24T00:53:17Z",
        "uri": "https://web.archive.org/web/20220824005317/https://www.politico.com/states/florida/story/2020/03/15/gillum-withdraws-from-politics-after-link-to-suspected-drug-overdose-1267145"
      },
      {
        "datetime": "2022-08-25T20:43:54Z",
        "uri": "https://web.archive.org/web/20220825204354/https://www.politico.com/states/florida/story/2020/03/15/gillum-withdraws-from-politics-after-link-to-suspected-drug-overdose-1267145"
      },
      {
        "datetime": "2022-09-04T01:54:25Z",
        "uri": "https://web.archive.org/web/20220904015425/https://www.politico.com/states/florida/story/2020/03/15/gillum-withdraws-from-politics-after-link-to-suspected-drug-overdose-1267145"
      },
      {
        "datetime": "2022-09-09T06:10:55Z",
        "uri": "https://web.archive.org/web/20220909061055/https://www.politico.com/states/florida/story/2020/03/15/gillum-withdraws-from-politics-after-link-to-suspected-drug-overdose-1267145"
      },
      {
        "datetime": "2022-09-10T05:25:32Z",
        "uri": "https://web.archive.org/web/20220910052532/https://www.politico.com/states/florida/story/2020/03/15/gillum-withdraws-from-politics-after-link-to-suspected-drug-overdose-1267145"
      },
      {
        "datetime": "2022-09-11T04:30:14Z",
        "uri": "https://web.archive.org/web/20220911043014/https://www.politico.com/states/florida/story/2020/03/15/gillum-withdraws-from-politics-after-link-to-suspected-drug-overdose-1267145"
      },
      {
        "datetime": "2022-09-12T05:23:55Z",
        "uri": "https://web.archive.org/web/20220912052355/https://www.politico.com/states/florida/story/2020/03/15/gillum-withdraws-from-politics-after-link-to-suspected-drug-overdose-1267145"
      },
      {
        "datetime": "2022-09-13T05:42:06Z",
        "uri": "https://web.archive.org/web/20220913054206/https://www.politico.com/states/florida/story/2020/03/15/gillum-withdraws-from-politics-after-link-to-suspected-drug-overdose-1267145"
      },
      {
        "datetime": "2022-09-14T06:31:36Z",
        "uri": "https://web.archive.org/web/20220914063136/https://www.politico.com/states/florida/story/2020/03/15/gillum-withdraws-from-politics-after-link-to-suspected-drug-overdose-1267145"
      },
      {
        "datetime": "2022-09-26T14:53:44Z",
        "uri": "https://web.archive.org/web/20220926145344/https://www.politico.com/states/florida/story/2020/03/15/gillum-withdraws-from-politics-after-link-to-suspected-drug-overdose-1267145"
      },
      {
        "datetime": "2022-10-12T03:17:30Z",
        "uri": "https://web.archive.org/web/20221012031730/https://www.politico.com/states/florida/story/2020/03/15/gillum-withdraws-from-politics-after-link-to-suspected-drug-overdose-1267145"
      },
      {
        "datetime": "2022-10-12T03:20:08Z",
        "uri": "https://web.archive.org/web/20221012032008/https://www.politico.com/states/florida/story/2020/03/15/gillum-withdraws-from-politics-after-link-to-suspected-drug-overdose-1267145"
      },
      {
        "datetime": "2022-10-12T08:09:14Z",
        "uri": "https://web.archive.org/web/20221012080914/https://www.politico.com/states/florida/story/2020/03/15/gillum-withdraws-from-politics-after-link-to-suspected-drug-overdose-1267145"
      },
      {
        "datetime": "2022-10-20T18:44:25Z",
        "uri": "https://web.archive.org/web/20221020184425/https://www.politico.com/states/florida/story/2020/03/15/gillum-withdraws-from-politics-after-link-to-suspected-drug-overdose-1267145"
      },
      {
        "datetime": "2022-10-24T22:10:19Z",
        "uri": "https://web.archive.org/web/20221024221019/https://www.politico.com/states/florida/story/2020/03/15/gillum-withdraws-from-politics-after-link-to-suspected-drug-overdose-1267145"
      },
      {
        "datetime": "2022-10-29T15:37:52Z",
        "uri": "https://web.archive.org/web/20221029153752/https://www.politico.com/states/florida/story/2020/03/15/gillum-withdraws-from-politics-after-link-to-suspected-drug-overdose-1267145"
      },
      {
        "datetime": "2022-11-06T04:11:27Z",
        "uri": "https://web.archive.org/web/20221106041127/https://www.politico.com/states/florida/story/2020/03/15/gillum-withdraws-from-politics-after-link-to-suspected-drug-overdose-1267145"
      },
      {
        "datetime": "2023-02-09T10:29:22Z",
        "uri": "https://web.archive.org/web/20230209102922/https://www.politico.com/states/florida/story/2020/03/15/gillum-withdraws-from-politics-after-link-to-suspected-drug-overdose-1267145"
      },
      {
        "datetime": "2023-03-10T02:08:39Z",
        "uri": "https://web.archive.org/web/20230310020839/https://www.politico.com/states/florida/story/2020/03/15/gillum-withdraws-from-politics-after-link-to-suspected-drug-overdose-1267145"
      }
    ],
    "first": {
      "datetime": "2020-03-16T05:18:44Z",
      "uri": "http://archive.md/20200316051844/https://www.politico.com/states/florida/story/2020/03/15/gillum-withdraws-from-politics-after-link-to-suspected-drug-overdose-1267145"
    },
    "last": {
      "datetime": "2023-03-10T02:08:39Z",
      "uri": "https://web.archive.org/web/20230310020839/https://www.politico.com/states/florida/story/2020/03/15/gillum-withdraws-from-politics-after-link-to-suspected-drug-overdose-1267145"
    }
  },
  "timemap_uri": {
    "link_format": "http://localhost:1208/timemap/link/https://www.politico.com/states/florida/story/2020/03/15/gillum-withdraws-from-politics-after-link-to-suspected-drug-overdose-1267145",
    "json_format": "http://localhost:1208/timemap/json/https://www.politico.com/states/florida/story/2020/03/15/gillum-withdraws-from-politics-after-link-to-suspected-drug-overdose-1267145",
    "cdxj_format": "http://localhost:1208/timemap/cdxj/https://www.politico.com/states/florida/story/2020/03/15/gillum-withdraws-from-politics-after-link-to-suspected-drug-overdose-1267145"
  },
  "timegate_uri": "http://localhost:1208/timegate/https://www.politico.com/states/florida/story/2020/03/15/gillum-withdraws-from-politics-after-link-to-suspected-drug-overdose-1267145"
}
