{
  "original_uri": "https://economictimes.indiatimes.com/news/newsblogs/daily-news-and-latest-updates-live-24-october-2023/liveblog/104662805.cms",
  "self": "http://localhost:1208/timemap/json/https://economictimes.indiatimes.com/news/newsblogs/daily-news-and-latest-updates-live-24-october-2023/liveblog/104662805.cms",
  "mementos": {
    "list": [
      {
        "datetime": "2023-10-24T01:17:04Z",
        "uri": "https://web.archive.org/web/20231024011704/http://economictimes.indiatimes.com/news/newsblogs/daily-news-and-latest-updates-live-24-october-2023/liveblog/104662805.cms"
      },
      {
        "datetime": "2023-10-24T01:19:51Z",
        "uri": "https://web.archive.org/web/20231024011951/http://economictimes.indiatimes.com/news/newsblogs/daily-news-and-latest-updates-live-24-october-2023/liveblog/104662805.cms"
      },
      {
        "datetime": "2023-10-24T05:54:06Z",
        "uri": "https://web.archive.org/web/20231024055406/https://economictimes.indiatimes.com/news/newsblogs/daily-news-and-latest-updates-live-24-october-2023/liveblog/104662805.cms"
      },
      {
        "datetime": "2023-10-25T01:29:48Z",
        "uri": "https://web.archive.org/web/20231025012948/https://economictimes.indiatimes.com/news/newsblogs/daily-news-and-latest-updates-live-24-october-2023/liveblog/104662805.cms"
      },
      {
        "datetime": "2023-10-25T04:36:34Z",
        "uri": "https://web.archive.org/web/20231025043634/https://economictimes.indiatimes.com/news/newsblogs/daily-news-and-latest-updates-live-24-october-2023/liveblog/104662805.cms"
      },
      {
        "datetime": "2023-10-25T08:29:24Z",
        "uri": "https://web.archive.org/web/20231025082924/https://economictimes.indiatimes.com/news/newsblogs/daily-news-and-latest-updates-live-24-october-2023/liveblog/104662805.cms"
      },
      {
        "datetime": "2023-10-25T14:41:38Z",
        "uri": "https://web.archive.org/web/20231025144138/https://economictimes.indiatimes.com/news/newsblogs/daily-news-and-latest-updates-live-24-october-2023/liveblog/104662805.cms"
      },
      {
        "datetime": "2023-10-25T16:45:38Z",
        "uri": "https://web.archive.org/web/20231025164538/https://economictimes.indiatimes.com/news/newsblogs/daily-news-and-latest-updates-live-24-october-2023/liveblog/104662805.cms"
      }
    ],
    "first": {
      "datetime": "2023-10-24T01:17:04Z",
      "uri": "https://web.archive.org/web/20231024011704/http://economictimes.indiatimes.com/news/newsblogs/daily-news-and-latest-updates-live-24-october-2023/liveblog/104662805.cms"
    },
    "last": {
      "datetime": "2023-10-25T16:45:38Z",
      "uri": "https://web.archive.org/web/20231025164538/https://economictimes.indiatimes.com/news/newsblogs/daily-news-and-latest-updates-live-24-october-2023/liveblog/104662805.cms"
    }
  },
  "timemap_uri": {
    "link_format": "http://localhost:1208/timemap/link/https://economictimes.indiatimes.com/news/newsblogs/daily-news-and-latest-updates-live-24-october-2023/liveblog/104662805.cms",
    "json_format": "http://localhost:1208/timemap/json/https://economictimes.indiatimes.com/news/newsblogs/daily-news-and-latest-updates-live-24-october-2023/liveblog/104662805.cms",
    "cdxj_format": "http://localhost:1208/timemap/cdxj/https://economictimes.indiatimes.com/news/newsblogs/daily-news-and-latest-updates-live-24-october-2023/liveblog/104662805.cms"
  },
  "timegate_uri": "http://localhost:1208/timegate/https://economictimes.indiatimes.com/news/newsblogs/daily-news-and-latest-updates-live-24-october-2023/liveblog/104662805.cms"
}
