{
  "original_uri": "https://speedinews.com/2023/10/24/dj-khaled-gifts-his-son-asahd-custom-air-jordans-for-his-7th-birthday/",
  "self": "http://localhost:1208/timemap/json/https://speedinews.com/2023/10/24/dj-khaled-gifts-his-son-asahd-custom-air-jordans-for-his-7th-birthday/",
  "mementos": {
    "list": [
      {
        "datetime": "2023-10-24T02:26:28Z",
        "uri": "https://web.archive.org/web/20231024022628/https://speedinews.com/2023/10/24/dj-khaled-gifts-his-son-asahd-custom-air-jordans-for-his-7th-birthday/"
      }
    ],
    "first": {
      "datetime": "2023-10-24T02:26:28Z",
      "uri": "https://web.archive.org/web/20231024022628/https://speedinews.com/2023/10/24/dj-khaled-gifts-his-son-asahd-custom-air-jordans-for-his-7th-birthday/"
    },
    "last": {
      "datetime": "2023-10-24T02:26:28Z",
      "uri": "https://web.archive.org/web/20231024022628/https://speedinews.com/2023/10/24/dj-khaled-gifts-his-son-asahd-custom-air-jordans-for-his-7th-birthday/"
    }
  },
  "timemap_uri": {
    "link_format": "http://localhost:1208/timemap/link/https://speedinews.com/2023/10/24/dj-khaled-gifts-his-son-asahd-custom-air-jordans-for-his-7th-birthday/",
    "json_format": "http://localhost:1208/timemap/json/https://speedinews.com/2023/10/24/dj-khaled-gifts-his-son-asahd-custom-air-jordans-for-his-7th-birthday/",
    "cdxj_format": "http://localhost:1208/timemap/cdxj/https://speedinews.com/2023/10/24/dj-khaled-gifts-his-son-asahd-custom-air-jordans-for-his-7th-birthday/"
  },
  "timegate_uri": "http://localhost:1208/timegate/https://speedinews.com/2023/10/24/dj-khaled-gifts-his-son-asahd-custom-air-jordans-for-his-7th-birthday/"
}
