{
  "original_uri": "https://thebusinesspress.news.blog/2023/10/24/prabowo-subianto-names-president-jokowis-son-as-vice-presidential-candidate/",
  "self": "http://localhost:1208/timemap/json/https://thebusinesspress.news.blog/2023/10/24/prabowo-subianto-names-president-jokowis-son-as-vice-presidential-candidate/",
  "mementos": {
    "list": [
      {
        "datetime": "2023-10-24T01:56:30Z",
        "uri": "https://web.archive.org/web/20231024015630/http://thebusinesspress.news.blog/2023/10/24/prabowo-subianto-names-president-jokowis-son-as-vice-presidential-candidate/"
      }
    ],
    "first": {
      "datetime": "2023-10-24T01:56:30Z",
      "uri": "https://web.archive.org/web/20231024015630/http://thebusinesspress.news.blog/2023/10/24/prabowo-subianto-names-president-jokowis-son-as-vice-presidential-candidate/"
    },
    "last": {
      "datetime": "2023-10-24T01:56:30Z",
      "uri": "https://web.archive.org/web/20231024015630/http://thebusinesspress.news.blog/2023/10/24/prabowo-subianto-names-president-jokowis-son-as-vice-presidential-candidate/"
    }
  },
  "timemap_uri": {
    "link_format": "http://localhost:1208/timemap/link/https://thebusinesspress.news.blog/2023/10/24/prabowo-subianto-names-president-jokowis-son-as-vice-presidential-candidate/",
    "json_format": "http://localhost:1208/timemap/json/https://thebusinesspress.news.blog/2023/10/24/prabowo-subianto-names-president-jokowis-son-as-vice-presidential-candidate/",
    "cdxj_format": "http://localhost:1208/timemap/cdxj/https://thebusinesspress.news.blog/2023/10/24/prabowo-subianto-names-president-jokowis-son-as-vice-presidential-candidate/"
  },
  "timegate_uri": "http://localhost:1208/timegate/https://thebusinesspress.news.blog/2023/10/24/prabowo-subianto-names-president-jokowis-son-as-vice-presidential-candidate/"
}
