{
  "original_uri": "https://mangabuddy.com/fate-extra-ccc-fox-tail",
  "self": "http://localhost:1208/timemap/json/https://mangabuddy.com/fate-extra-ccc-fox-tail",
  "mementos": {
    "list": [
      {
        "datetime": "2022-01-27T21:43:17Z",
        "uri": "https://web.archive.org/web/20220127214317/https://mangabuddy.com/fate-extra-ccc-fox-tail"
      },
      {
        "datetime": "2022-06-26T20:50:40Z",
        "uri": "https://web.archive.org/web/20220626205040/https://mangabuddy.com/fate-extra-ccc-fox-tail"
      }
    ],
    "first": {
      "datetime": "2022-01-27T21:43:17Z",
      "uri": "https://web.archive.org/web/20220127214317/https://mangabuddy.com/fate-extra-ccc-fox-tail"
    },
    "last": {
      "datetime": "2022-06-26T20:50:40Z",
      "uri": "https://web.archive.org/web/20220626205040/https://mangabuddy.com/fate-extra-ccc-fox-tail"
    }
  },
  "timemap_uri": {
    "link_format": "http://localhost:1208/timemap/link/https://mangabuddy.com/fate-extra-ccc-fox-tail",
    "json_format": "http://localhost:1208/timemap/json/https://mangabuddy.com/fate-extra-ccc-fox-tail",
    "cdxj_format": "http://localhost:1208/timemap/cdxj/https://mangabuddy.com/fate-extra-ccc-fox-tail"
  },
  "timegate_uri": "http://localhost:1208/timegate/https://mangabuddy.com/fate-extra-ccc-fox-tail"
}
