{
  "original_uri": "https://homecookingvsfastfood.com/pineapple-upside-down-cake.php",
  "self": "http://localhost:1208/timemap/json/https://homecookingvsfastfood.com/pineapple-upside-down-cake.php",
  "mementos": {
    "list": [
      {
        "datetime": "2023-02-07T14:34:06Z",
        "uri": "https://web.archive.org/web/20230207143406/https://homecookingvsfastfood.com/pineapple-upside-down-cake.php"
      },
      {
        "datetime": "2023-05-29T05:20:40Z",
        "uri": "https://web.archive.org/web/20230529052040/https://homecookingvsfastfood.com/pineapple-upside-down-cake.php"
      }
    ],
    "first": {
      "datetime": "2023-02-07T14:34:06Z",
      "uri": "https://web.archive.org/web/20230207143406/https://homecookingvsfastfood.com/pineapple-upside-down-cake.php"
    },
    "last": {
      "datetime": "2023-05-29T05:20:40Z",
      "uri": "https://web.archive.org/web/20230529052040/https://homecookingvsfastfood.com/pineapple-upside-down-cake.php"
    }
  },
  "timemap_uri": {
    "link_format": "http://localhost:1208/timemap/link/https://homecookingvsfastfood.com/pineapple-upside-down-cake.php",
    "json_format": "http://localhost:1208/timemap/json/https://homecookingvsfastfood.com/pineapple-upside-down-cake.php",
    "cdxj_format": "http://localhost:1208/timemap/cdxj/https://homecookingvsfastfood.com/pineapple-upside-down-cake.php"
  },
  "timegate_uri": "http://localhost:1208/timegate/https://homecookingvsfastfood.com/pineapple-upside-down-cake.php"
}
