{
  "original_uri": "https://www.cinemaecritica.net/index.php/it/USA/52",
  "self": "http://localhost:1208/timemap/json/https://www.cinemaecritica.net/index.php/it/USA/52",
  "mementos": {
    "list": [
      {
        "datetime": "2017-03-05T13:07:37Z",
        "uri": "https://web.archive.org/web/20170305130737/http://www.cinemaecritica.net:80/index.php/it/USA/52"
      },
      {
        "datetime": "2017-05-10T12:35:07Z",
        "uri": "https://web.archive.org/web/20170510123507/http://www.cinemaecritica.net:80/index.php/it/USA/52"
      },
      {
        "datetime": "2017-06-12T07:40:44Z",
        "uri": "https://web.archive.org/web/20170612074044/http://www.cinemaecritica.net:80/index.php/it/USA/52"
      },
      {
        "datetime": "2017-07-13T18:18:16Z",
        "uri": "https://web.archive.org/web/20170713181816/http://www.cinemaecritica.net:80/index.php/it/USA/52"
      },
      {
        "datetime": "2019-05-07T15:33:05Z",
        "uri": "https://web.archive.org/web/20190507153305/https://www.cinemaecritica.net/index.php/it/USA/52"
      },
      {
        "datetime": "2020-08-08T23:03:04Z",
        "uri": "https://web.archive.org/web/20200808230304/http://www.cinemaecritica.net/index.php/it/USA/52"
      },
      {
        "datetime": "2020-09-28T01:29:59Z",
        "uri": "https://web.archive.org/web/20200928012959/https://www.cinemaecritica.net/index.php/it/USA/52"
      },
      {
        "datetime": "2020-09-30T09:17:16Z",
        "uri": "https://web.archive.org/web/20200930091716/https://www.cinemaecritica.net/index.php/it/USA/52"
      },
      {
        "datetime": "2020-11-01T10:46:01Z",
        "uri": "https://web.archive.org/web/20201101104601/https://www.cinemaecritica.net/index.php/it/USA/52"
      },
      {
        "datetime": "2020-11-23T15:57:07Z",
        "uri": "https://web.archive.org/web/20201123155707/https://www.cinemaecritica.net/index.php/it/USA/52"
      },
      {
        "datetime": "2021-01-20T06:15:21Z",
        "uri": "https://web.archive.org/web/20210120061521/https://www.cinemaecritica.net/index.php/it/USA/52"
      },
      {
        "datetime": "2021-04-16T13:23:42Z",
        "uri": "https://web.archive.org/web/20210416132342/https://www.cinemaecritica.net/index.php/it/USA/52"
      },
      {
        "datetime": "2021-06-24T05:13:20Z",
        "uri": "https://web.archive.org/web/20210624051320/https://www.cinemaecritica.net/index.php/it/USA/52"
      },
      {
        "datetime": "2021-06-24T05:13:20Z",
        "uri": "https://web.archive.org/web/20210624051320/https://www.cinemaecritica.net/index.php/it/USA/52"
      },
      {
        "datetime": "2021-09-23T23:15:21Z",
        "uri": "https://web.archive.org/web/20210923231521/https://www.cinemaecritica.net/index.php/it/USA/52"
      },
      {
        "datetime": "2022-05-19T17:48:53Z",
        "uri": "https://web.archive.org/web/20220519174853/https://www.cinemaecritica.net/index.php/it/USA/52"
      },
      {
        "datetime": "2022-08-11T04:47:11Z",
        "uri": "https://web.archive.org/web/20220811044711/http://www.cinemaecritica.net/index.php/it/USA/52"
      },
      {
        "datetime": "2022-08-11T04:56:11Z",
        "uri": "https://web.archive.org/web/20220811045611/https://www.cinemaecritica.net/index.php/it/USA/52"
      },
      {
        "datetime": "2022-12-03T08:29:38Z",
        "uri": "https://web.archive.org/web/20221203082938/https://www.cinemaecritica.net/index.php/it/USA/52"
      },
      {
        "datetime": "2023-03-23T16:51:28Z",
        "uri": "https://web.archive.org/web/20230323165128/https://www.cinemaecritica.net/index.php/it/USA/52"
      }
    ],
    "first": {
      "datetime": "2017-03-05T13:07:37Z",
      "uri": "https://web.archive.org/web/20170305130737/http://www.cinemaecritica.net:80/index.php/it/USA/52"
    },
    "last": {
      "datetime": "2023-03-23T16:51:28Z",
      "uri": "https://web.archive.org/web/20230323165128/https://www.cinemaecritica.net/index.php/it/USA/52"
    }
  },
  "timemap_uri": {
    "link_format": "http://localhost:1208/timemap/link/https://www.cinemaecritica.net/index.php/it/USA/52",
    "json_format": "http://localhost:1208/timemap/json/https://www.cinemaecritica.net/index.php/it/USA/52",
    "cdxj_format": "http://localhost:1208/timemap/cdxj/https://www.cinemaecritica.net/index.php/it/USA/52"
  },
  "timegate_uri": "http://localhost:1208/timegate/https://www.cinemaecritica.net/index.php/it/USA/52"
}
