{
  "original_uri": "https://news.yahoo.co.jp/pickup/6479454",
  "self": "http://localhost:1208/timemap/json/https://news.yahoo.co.jp/pickup/6479454",
  "mementos": {
    "list": [
      {
        "datetime": "2023-10-24T05:54:51Z",
        "uri": "https://web.archive.org/web/20231024055451/https://news.yahoo.co.jp/pickup/6479454"
      },
      {
        "datetime": "2023-10-24T06:05:25Z",
        "uri": "https://web.archive.org/web/20231024060525/https://news.yahoo.co.jp/pickup/6479454"
      }
    ],
    "first": {
      "datetime": "2023-10-24T05:54:51Z",
      "uri": "https://web.archive.org/web/20231024055451/https://news.yahoo.co.jp/pickup/6479454"
    },
    "last": {
      "datetime": "2023-10-24T06:05:25Z",
      "uri": "https://web.archive.org/web/20231024060525/https://news.yahoo.co.jp/pickup/6479454"
    }
  },
  "timemap_uri": {
    "link_format": "http://localhost:1208/timemap/link/https://news.yahoo.co.jp/pickup/6479454",
    "json_format": "http://localhost:1208/timemap/json/https://news.yahoo.co.jp/pickup/6479454",
    "cdxj_format": "http://localhost:1208/timemap/cdxj/https://news.yahoo.co.jp/pickup/6479454"
  },
  "timegate_uri": "http://localhost:1208/timegate/https://news.yahoo.co.jp/pickup/6479454"
}
