{
  "original_uri": "https://www.indiatoday.in/india/story/earthquake-of-magnitude-41-hits-nepals-kathmandu-2452862-2023-10-24",
  "self": "http://localhost:1208/timemap/json/https://www.indiatoday.in/india/story/earthquake-of-magnitude-41-hits-nepals-kathmandu-2452862-2023-10-24",
  "mementos": {
    "list": [
      {
        "datetime": "2023-10-24T02:18:51Z",
        "uri": "https://web.archive.org/web/20231024021851/https://www.indiatoday.in/india/story/earthquake-of-magnitude-41-hits-nepals-kathmandu-2452862-2023-10-24"
      },
      {
        "datetime": "2023-10-24T10:02:24Z",
        "uri": "https://web.archive.org/web/20231024100224/https://www.indiatoday.in/india/story/earthquake-of-magnitude-41-hits-nepals-kathmandu-2452862-2023-10-24"
      }
    ],
    "first": {
      "datetime": "2023-10-24T02:18:51Z",
      "uri": "https://web.archive.org/web/20231024021851/https://www.indiatoday.in/india/story/earthquake-of-magnitude-41-hits-nepals-kathmandu-2452862-2023-10-24"
    },
    "last": {
      "datetime": "2023-10-24T10:02:24Z",
      "uri": "https://web.archive.org/web/20231024100224/https://www.indiatoday.in/india/story/earthquake-of-magnitude-41-hits-nepals-kathmandu-2452862-2023-10-24"
    }
  },
  "timemap_uri": {
    "link_format": "http://localhost:1208/timemap/link/https://www.indiatoday.in/india/story/earthquake-of-magnitude-41-hits-nepals-kathmandu-2452862-2023-10-24",
    "json_format": "http://localhost:1208/timemap/json/https://www.indiatoday.in/india/story/earthquake-of-magnitude-41-hits-nepals-kathmandu-2452862-2023-10-24",
    "cdxj_format": "http://localhost:1208/timemap/cdxj/https://www.indiatoday.in/india/story/earthquake-of-magnitude-41-hits-nepals-kathmandu-2452862-2023-10-24"
  },
  "timegate_uri": "http://localhost:1208/timegate/https://www.indiatoday.in/india/story/earthquake-of-magnitude-41-hits-nepals-kathmandu-2452862-2023-10-24"
}
