{
  "original_uri": "https://newrepublic.com/article/174656/claremont-institute-think-tank-trump",
  "self": "http://localhost:1208/timemap/json/https://newrepublic.com/article/174656/claremont-institute-think-tank-trump",
  "mementos": {
    "list": [
      {
        "datetime": "2023-08-10T10:50:15Z",
        "uri": "https://web.archive.org/web/20230810105015/https://newrepublic.com/article/174656/claremont-institute-think-tank-trump"
      },
      {
        "datetime": "2023-08-10T14:43:59Z",
        "uri": "http://archive.md/20230810144359/https://newrepublic.com/article/174656/claremont-institute-think-tank-trump"
      },
      {
        "datetime": "2023-08-10T18:03:04Z",
        "uri": "https://web.archive.org/web/20230810180304/https://newrepublic.com/article/174656/claremont-institute-think-tank-trump"
      },
      {
        "datetime": "2023-08-10T18:03:04Z",
        "uri": "https://web.archive.org/web/20230810180304/https://newrepublic.com/article/174656/claremont-institute-think-tank-Trump/"
      },
      {
        "datetime": "2023-08-11T01:45:38Z",
        "uri": "https://web.archive.org/web/20230811014538/https://newrepublic.com/article/174656/claremont-institute-think-tank-trump"
      },
      {
        "datetime": "2023-08-11T02:59:53Z",
        "uri": "https://web.archive.org/web/20230811025953/https://newrepublic.com/article/174656/claremont-institute-think-tank-trump"
      },
      {
        "datetime": "2023-08-11T04:05:48Z",
        "uri": "https://web.archive.org/web/20230811040548/https://newrepublic.com/article/174656/claremont-institute-think-tank-trump"
      },
      {
        "datetime": "2023-08-11T05:19:48Z",
        "uri": "https://web.archive.org/web/20230811051948/https://newrepublic.com/article/174656/claremont-institute-think-tank-trump"
      },
      {
        "datetime": "2023-08-11T06:29:06Z",
        "uri": "https://web.archive.org/web/20230811062906/https://newrepublic.com/article/174656/claremont-institute-think-tank-trump"
      },
      {
        "datetime": "2023-08-11T07:16:50Z",
        "uri": "https://web.archive.org/web/20230811071650/https://newrepublic.com/article/174656/claremont-institute-think-tank-trump"
      },
      {
        "datetime": "2023-08-11T07:20:06Z",
        "uri": "https://web.archive.org/web/20230811072006/https://newrepublic.com/article/174656/claremont-institute-think-tank-trump"
      },
      {
        "datetime": "2023-08-11T07:20:28Z",
        "uri": "https://web.archive.org/web/20230811072028/https://newrepublic.com/article/174656/claremont-institute-think-tank-trump"
      },
      {
        "datetime": "2023-08-11T07:24:55Z",
        "uri": "https://web.archive.org/web/20230811072455/https://newrepublic.com/article/174656/claremont-institute-think-tank-trump"
      },
      {
        "datetime": "2023-08-11T08:14:22Z",
        "uri": "https://web.archive.org/web/20230811081422/https://newrepublic.com/article/174656/claremont-institute-think-tank-trump"
      },
      {
        "datetime": "2023-08-11T20:56:01Z",
        "uri": "https://web.archive.org/web/20230811205601/https://newrepublic.com/article/174656/claremont-institute-think-tank-trump"
      },
      {
        "datetime": "2023-08-12T04:22:55Z",
        "uri": "https://web.archive.org/web/20230812042255/https://newrepublic.com/article/174656/claremont-institute-think-tank-trump"
      },
      {
        "datetime": "2023-08-12T08:23:52Z",
        "uri": "https://web.archive.org/web/20230812082352/https://newrepublic.com/article/174656/claremont-institute-think-tank-trump"
      },
      {
        "datetime": "2023-08-12T10:43:54Z",
        "uri": "http://archive.md/20230812104354/https://newrepublic.com/article/174656/claremont-institute-think-tank-trump"
      },
      {
        "datetime": "2023-08-12T11:06:41Z",
        "uri": "https://web.archive.org/web/20230812110641/https://newrepublic.com/article/174656/claremont-institute-think-tank-trump"
      },
      {
        "datetime": "2023-08-13T22:41:23Z",
        "uri": "http://archive.md/20230813224123/https://newrepublic.com/article/174656/claremont-institute-think-tank-trump"
      },
      {
        "datetime": "2023-08-15T03:49:36Z",
        "uri": "https://web.archive.org/web/20230815034936/https://newrepublic.com/article/174656/claremont-institute-think-tank-trump"
      },
      {
        "datetime": "2023-08-17T23:17:17Z",
        "uri": "https://web.archive.org/web/20230817231717/https://newrepublic.com/article/174656/claremont-institute-think-tank-trump"
      },
      {
        "datetime": "2023-08-23T17:17:18Z",
        "uri": "https://web.archive.org/web/20230823171718/https://newrepublic.com/article/174656/claremont-institute-think-tank-trump"
      },
      {
        "datetime": "2023-08-29T01:24:13Z",
        "uri": "https://web.archive.org/web/20230829012413/https://newrepublic.com/article/174656/claremont-institute-think-tank-trump"
      },
      {
        "datetime": "2023-08-29T11:42:51Z",
        "uri": "https://web.archive.org/web/20230829114251/https://newrepublic.com/article/174656/claremont-institute-think-tank-trump"
      },
      {
        "datetime": "2023-08-30T07:09:12Z",
        "uri": "https://web.archive.org/web/20230830070912/https://newrepublic.com/article/174656/claremont-institute-think-tank-trump"
      },
      {
        "datetime": "2023-08-31T10:41:03Z",
        "uri": "https://web.archive.org/web/20230831104103/https://newrepublic.com/article/174656/claremont-institute-think-tank-trump"
      },
      {
        "datetime": "2023-08-31T11:24:02Z",
        "uri": "https://web.archive.org/web/20230831112402/https://newrepublic.com/article/174656/claremont-institute-think-tank-trump"
      },
      {
        "datetime": "2023-09-06T04:56:14Z",
        "uri": "https://web.archive.org/web/20230906045614/https://newrepublic.com/article/174656/claremont-institute-think-tank-trump"
      },
      {
        "datetime": "2023-09-20T23:52:19Z",
        "uri": "https://perma.cc/P5Z8-5GCC"
      }
    ],
    "first": {
      "datetime": "2023-08-10T10:50:15Z",
      "uri": "https://web.archive.org/web/20230810105015/https://newrepublic.com/article/174656/claremont-institute-think-tank-trump"
    },
    "last": {
      "datetime": "2023-09-20T23:52:19Z",
      "uri": "https://perma.cc/P5Z8-5GCC"
    }
  },
  "timemap_uri": {
    "link_format": "http://localhost:1208/timemap/link/https://newrepublic.com/article/174656/claremont-institute-think-tank-trump",
    "json_format": "http://localhost:1208/timemap/json/https://newrepublic.com/article/174656/claremont-institute-think-tank-trump",
    "cdxj_format": "http://localhost:1208/timemap/cdxj/https://newrepublic.com/article/174656/claremont-institute-think-tank-trump"
  },
  "timegate_uri": "http://localhost:1208/timegate/https://newrepublic.com/article/174656/claremont-institute-think-tank-trump"
}
