{
  "original_uri": "https://athibantv.com/world/130863/",
  "self": "http://localhost:1208/timemap/json/https://athibantv.com/world/130863/",
  "mementos": {
    "list": [
      {
        "datetime": "2023-10-24T02:38:38Z",
        "uri": "https://web.archive.org/web/20231024023838/https://athibantv.com/world/130863/"
      }
    ],
    "first": {
      "datetime": "2023-10-24T02:38:38Z",
      "uri": "https://web.archive.org/web/20231024023838/https://athibantv.com/world/130863/"
    },
    "last": {
      "datetime": "2023-10-24T02:38:38Z",
      "uri": "https://web.archive.org/web/20231024023838/https://athibantv.com/world/130863/"
    }
  },
  "timemap_uri": {
    "link_format": "http://localhost:1208/timemap/link/https://athibantv.com/world/130863/",
    "json_format": "http://localhost:1208/timemap/json/https://athibantv.com/world/130863/",
    "cdxj_format": "http://localhost:1208/timemap/cdxj/https://athibantv.com/world/130863/"
  },
  "timegate_uri": "http://localhost:1208/timegate/https://athibantv.com/world/130863/"
}
