{
  "original_uri": "https://athibantv.com/political/130882/",
  "self": "http://localhost:1208/timemap/json/https://athibantv.com/political/130882/",
  "mementos": {
    "list": [
      {
        "datetime": "2023-10-24T02:56:00Z",
        "uri": "https://web.archive.org/web/20231024025600/https://athibantv.com/political/130882/"
      },
      {
        "datetime": "2023-10-24T03:10:22Z",
        "uri": "https://web.archive.org/web/20231024031022/https://athibantv.com/political/130882/"
      }
    ],
    "first": {
      "datetime": "2023-10-24T02:56:00Z",
      "uri": "https://web.archive.org/web/20231024025600/https://athibantv.com/political/130882/"
    },
    "last": {
      "datetime": "2023-10-24T03:10:22Z",
      "uri": "https://web.archive.org/web/20231024031022/https://athibantv.com/political/130882/"
    }
  },
  "timemap_uri": {
    "link_format": "http://localhost:1208/timemap/link/https://athibantv.com/political/130882/",
    "json_format": "http://localhost:1208/timemap/json/https://athibantv.com/political/130882/",
    "cdxj_format": "http://localhost:1208/timemap/cdxj/https://athibantv.com/political/130882/"
  },
  "timegate_uri": "http://localhost:1208/timegate/https://athibantv.com/political/130882/"
}
