{
  "original_uri": "https://screenrant.com/taylor-swift-eras-tour-movie-box-office-record/",
  "self": "http://localhost:1208/timemap/json/https://screenrant.com/taylor-swift-eras-tour-movie-box-office-record/",
  "mementos": {
    "list": [
      {
        "datetime": "2023-10-24T04:47:17Z",
        "uri": "https://web.archive.org/web/20231024044717/https://screenrant.com/taylor-swift-eras-tour-movie-box-office-record/"
      }
    ],
    "first": {
      "datetime": "2023-10-24T04:47:17Z",
      "uri": "https://web.archive.org/web/20231024044717/https://screenrant.com/taylor-swift-eras-tour-movie-box-office-record/"
    },
    "last": {
      "datetime": "2023-10-24T04:47:17Z",
      "uri": "https://web.archive.org/web/20231024044717/https://screenrant.com/taylor-swift-eras-tour-movie-box-office-record/"
    }
  },
  "timemap_uri": {
    "link_format": "http://localhost:1208/timemap/link/https://screenrant.com/taylor-swift-eras-tour-movie-box-office-record/",
    "json_format": "http://localhost:1208/timemap/json/https://screenrant.com/taylor-swift-eras-tour-movie-box-office-record/",
    "cdxj_format": "http://localhost:1208/timemap/cdxj/https://screenrant.com/taylor-swift-eras-tour-movie-box-office-record/"
  },
  "timegate_uri": "http://localhost:1208/timegate/https://screenrant.com/taylor-swift-eras-tour-movie-box-office-record/"
}
