{
  "original_uri": "https://www.dailymail.co.uk/tvshowbiz/article-12660441/Taylor-Swifts-special-handshake-Brittany-Mahomes-ROASTED-social-media-charmed-new-besties-amid-singers-romance-Travis-Kelce.html",
  "self": "http://localhost:1208/timemap/json/https://www.dailymail.co.uk/tvshowbiz/article-12660441/Taylor-Swifts-special-handshake-Brittany-Mahomes-ROASTED-social-media-charmed-new-besties-amid-singers-romance-Travis-Kelce.html",
  "mementos": {
    "list": [
      {
        "datetime": "2023-10-23T02:50:46Z",
        "uri": "https://web.archive.org/web/20231023025046/https://www.dailymail.co.uk/tvshowbiz/article-12660441/Taylor-Swifts-special-handshake-Brittany-Mahomes-ROASTED-social-media-charmed-new-besties-amid-singers-romance-Travis-Kelce.html"
      },
      {
        "datetime": "2023-10-23T07:03:50Z",
        "uri": "https://web.archive.org/web/20231023070350/https://www.dailymail.co.uk/tvshowbiz/article-12660441/Taylor-Swifts-special-handshake-Brittany-Mahomes-ROASTED-social-media-charmed-new-besties-amid-singers-romance-Travis-Kelce.html"
      },
      {
        "datetime": "2023-10-23T07:17:26Z",
        "uri": "https://web.archive.org/web/20231023071726/https://www.dailymail.co.uk/tvshowbiz/article-12660441/Taylor-Swifts-special-handshake-Brittany-Mahomes-ROASTED-social-media-charmed-new-besties-amid-singers-romance-Travis-Kelce.html"
      },
      {
        "datetime": "2023-10-23T09:21:21Z",
        "uri": "https://web.archive.org/web/20231023092121/https://www.dailymail.co.uk/tvshowbiz/article-12660441/Taylor-Swifts-special-handshake-Brittany-Mahomes-ROASTED-social-media-charmed-new-besties-amid-singers-romance-Travis-Kelce.html"
      },
      {
        "datetime": "2023-10-23T12:22:59Z",
        "uri": "https://web.archive.org/web/20231023122259/https://www.dailymail.co.uk/tvshowbiz/article-12660441/Taylor-Swifts-special-handshake-Brittany-Mahomes-ROASTED-social-media-charmed-new-besties-amid-singers-romance-Travis-Kelce.html"
      },
      {
        "datetime": "2023-10-23T12:57:55Z",
        "uri": "https://web.archive.org/web/20231023125755/https://www.dailymail.co.uk/tvshowbiz/article-12660441/Taylor-Swifts-special-handshake-Brittany-Mahomes-ROASTED-social-media-charmed-new-besties-amid-singers-romance-Travis-Kelce.html"
      },
      {
        "datetime": "2023-10-23T13:02:25Z",
        "uri": "https://web.archive.org/web/20231023130225/https://www.dailymail.co.uk/tvshowbiz/article-12660441/Taylor-Swifts-special-handshake-Brittany-Mahomes-ROASTED-social-media-charmed-new-besties-amid-singers-romance-Travis-Kelce.html"
      },
      {
        "datetime": "2023-10-23T19:25:30Z",
        "uri": "https://web.archive.org/web/20231023192530/https://www.dailymail.co.uk/tvshowbiz/article-12660441/Taylor-Swifts-special-handshake-Brittany-Mahomes-ROASTED-social-media-charmed-new-besties-amid-singers-romance-Travis-Kelce.html"
      },
      {
        "datetime": "2023-10-24T01:00:50Z",
        "uri": "https://web.archive.org/web/20231024010050/https://www.dailymail.co.uk/tvshowbiz/article-12660441/Taylor-Swifts-special-handshake-Brittany-Mahomes-ROASTED-social-media-charmed-new-besties-amid-singers-romance-Travis-Kelce.html"
      },
      {
        "datetime": "2023-10-24T02:20:13Z",
        "uri": "https://web.archive.org/web/20231024022013/https://www.dailymail.co.uk/tvshowbiz/article-12660441/Taylor-Swifts-special-handshake-Brittany-Mahomes-ROASTED-social-media-charmed-new-besties-amid-singers-romance-Travis-Kelce.html"
      },
      {
        "datetime": "2023-10-24T05:05:23Z",
        "uri": "https://web.archive.org/web/20231024050523/https://www.dailymail.co.uk/tvshowbiz/article-12660441/Taylor-Swifts-special-handshake-Brittany-Mahomes-ROASTED-social-media-charmed-new-besties-amid-singers-romance-Travis-Kelce.html"
      },
      {
        "datetime": "2023-10-24T07:21:06Z",
        "uri": "https://web.archive.org/web/20231024072106/https://www.dailymail.co.uk/tvshowbiz/article-12660441/Taylor-Swifts-special-handshake-Brittany-Mahomes-ROASTED-social-media-charmed-new-besties-amid-singers-romance-Travis-Kelce.html"
      },
      {
        "datetime": "2023-10-24T07:46:59Z",
        "uri": "https://web.archive.org/web/20231024074659/https://www.dailymail.co.uk/tvshowbiz/article-12660441/Taylor-Swifts-special-handshake-Brittany-Mahomes-ROASTED-social-media-charmed-new-besties-amid-singers-romance-Travis-Kelce.html"
      },
      {
        "datetime": "2023-10-24T19:05:31Z",
        "uri": "https://web.archive.org/web/20231024190531/https://www.dailymail.co.uk/tvshowbiz/article-12660441/Taylor-Swifts-special-handshake-Brittany-Mahomes-ROASTED-social-media-charmed-new-besties-amid-singers-romance-Travis-Kelce.html"
      },
      {
        "datetime": "2023-10-25T04:25:53Z",
        "uri": "https://web.archive.org/web/20231025042553/https://www.dailymail.co.uk/tvshowbiz/article-12660441/Taylor-Swifts-special-handshake-Brittany-Mahomes-ROASTED-social-media-charmed-new-besties-amid-singers-romance-Travis-Kelce.html"
      },
      {
        "datetime": "2023-10-25T09:13:32Z",
        "uri": "https://web.archive.org/web/20231025091332/https://www.dailymail.co.uk/tvshowbiz/article-12660441/Taylor-Swifts-special-handshake-Brittany-Mahomes-ROASTED-social-media-charmed-new-besties-amid-singers-romance-Travis-Kelce.html"
      },
      {
        "datetime": "2023-10-25T13:23:57Z",
        "uri": "https://web.archive.org/web/20231025132357/https://www.dailymail.co.uk/tvshowbiz/article-12660441/Taylor-Swifts-special-handshake-Brittany-Mahomes-ROASTED-social-media-charmed-new-besties-amid-singers-romance-Travis-Kelce.html"
      }
    ],
    "first": {
      "datetime": "2023-10-23T02:50:46Z",
      "uri": "https://web.archive.org/web/20231023025046/https://www.dailymail.co.uk/tvshowbiz/article-12660441/Taylor-Swifts-special-handshake-Brittany-Mahomes-ROASTED-social-media-charmed-new-besties-amid-singers-romance-Travis-Kelce.html"
    },
    "last": {
      "datetime": "2023-10-25T13:23:57Z",
      "uri": "https://web.archive.org/web/20231025132357/https://www.dailymail.co.uk/tvshowbiz/article-12660441/Taylor-Swifts-special-handshake-Brittany-Mahomes-ROASTED-social-media-charmed-new-besties-amid-singers-romance-Travis-Kelce.html"
    }
  },
  "timemap_uri": {
    "link_format": "http://localhost:1208/timemap/link/https://www.dailymail.co.uk/tvshowbiz/article-12660441/Taylor-Swifts-special-handshake-Brittany-Mahomes-ROASTED-social-media-charmed-new-besties-amid-singers-romance-Travis-Kelce.html",
    "json_format": "http://localhost:1208/timemap/json/https://www.dailymail.co.uk/tvshowbiz/article-12660441/Taylor-Swifts-special-handshake-Brittany-Mahomes-ROASTED-social-media-charmed-new-besties-amid-singers-romance-Travis-Kelce.html",
    "cdxj_format": "http://localhost:1208/timemap/cdxj/https://www.dailymail.co.uk/tvshowbiz/article-12660441/Taylor-Swifts-special-handshake-Brittany-Mahomes-ROASTED-social-media-charmed-new-besties-amid-singers-romance-Travis-Kelce.html"
  },
  "timegate_uri": "http://localhost:1208/timegate/https://www.dailymail.co.uk/tvshowbiz/article-12660441/Taylor-Swifts-special-handshake-Brittany-Mahomes-ROASTED-social-media-charmed-new-besties-amid-singers-romance-Travis-Kelce.html"
}
