{
  "original_uri": "https://indianexpress.com/article/cities/delhi/du-faculty-personal-details-election-duty-8997033/",
  "self": "http://localhost:1208/timemap/json/https://indianexpress.com/article/cities/delhi/du-faculty-personal-details-election-duty-8997033/",
  "mementos": {
    "list": [
      {
        "datetime": "2023-10-24T07:04:29Z",
        "uri": "https://web.archive.org/web/20231024070429/https://indianexpress.com/article/cities/delhi/du-faculty-personal-details-election-duty-8997033/"
      },
      {
        "datetime": "2023-10-25T01:14:21Z",
        "uri": "https://web.archive.org/web/20231025011421/https://indianexpress.com/article/cities/delhi/du-faculty-personal-details-election-duty-8997033/"
      },
      {
        "datetime": "2023-10-25T03:30:57Z",
        "uri": "https://web.archive.org/web/20231025033057/https://indianexpress.com/article/cities/delhi/du-faculty-personal-details-election-duty-8997033/"
      },
      {
        "datetime": "2023-10-25T06:02:28Z",
        "uri": "https://web.archive.org/web/20231025060228/https://indianexpress.com/article/cities/delhi/du-faculty-personal-details-election-duty-8997033/"
      },
      {
        "datetime": "2023-10-25T07:24:01Z",
        "uri": "https://web.archive.org/web/20231025072401/https://indianexpress.com/article/cities/delhi/du-faculty-personal-details-election-duty-8997033/"
      },
      {
        "datetime": "2023-10-25T08:24:15Z",
        "uri": "https://web.archive.org/web/20231025082415/https://indianexpress.com/article/cities/delhi/du-faculty-personal-details-election-duty-8997033/"
      },
      {
        "datetime": "2023-10-25T08:24:17Z",
        "uri": "https://web.archive.org/web/20231025082417/https://indianexpress.com/article/cities/delhi/du-faculty-personal-details-election-duty-8997033/"
      },
      {
        "datetime": "2023-10-25T10:14:58Z",
        "uri": "https://web.archive.org/web/20231025101458/https://indianexpress.com/article/cities/delhi/du-faculty-personal-details-election-duty-8997033/"
      },
      {
        "datetime": "2023-10-25T15:15:53Z",
        "uri": "https://web.archive.org/web/20231025151553/https://indianexpress.com/article/cities/delhi/du-faculty-personal-details-election-duty-8997033/"
      }
    ],
    "first": {
      "datetime": "2023-10-24T07:04:29Z",
      "uri": "https://web.archive.org/web/20231024070429/https://indianexpress.com/article/cities/delhi/du-faculty-personal-details-election-duty-8997033/"
    },
    "last": {
      "datetime": "2023-10-25T15:15:53Z",
      "uri": "https://web.archive.org/web/20231025151553/https://indianexpress.com/article/cities/delhi/du-faculty-personal-details-election-duty-8997033/"
    }
  },
  "timemap_uri": {
    "link_format": "http://localhost:1208/timemap/link/https://indianexpress.com/article/cities/delhi/du-faculty-personal-details-election-duty-8997033/",
    "json_format": "http://localhost:1208/timemap/json/https://indianexpress.com/article/cities/delhi/du-faculty-personal-details-election-duty-8997033/",
    "cdxj_format": "http://localhost:1208/timemap/cdxj/https://indianexpress.com/article/cities/delhi/du-faculty-personal-details-election-duty-8997033/"
  },
  "timegate_uri": "http://localhost:1208/timegate/https://indianexpress.com/article/cities/delhi/du-faculty-personal-details-election-duty-8997033/"
}
