{
  "original_uri": "https://act.uscpr.org/a/callforgaza",
  "self": "http://localhost:1208/timemap/json/https://act.uscpr.org/a/callforgaza",
  "mementos": {
    "list": [
      {
        "datetime": "2023-10-13T19:00:18Z",
        "uri": "https://web.archive.org/web/20231013190018/https://act.uscpr.org/a/callforgaza"
      },
      {
        "datetime": "2023-10-17T06:15:14Z",
        "uri": "https://web.archive.org/web/20231017061514/https://act.uscpr.org/a/callforgaza"
      },
      {
        "datetime": "2023-10-17T21:55:52Z",
        "uri": "https://web.archive.org/web/20231017215552/https://act.uscpr.org/a/callforgaza"
      },
      {
        "datetime": "2023-10-18T10:22:27Z",
        "uri": "https://wayback.archive-it.org/all/20231018102227/https://act.uscpr.org/a/callforgaza"
      },
      {
        "datetime": "2023-10-18T20:28:40Z",
        "uri": "https://web.archive.org/web/20231018202840/https://act.uscpr.org/a/callforgaza"
      },
      {
        "datetime": "2023-10-18T22:02:15Z",
        "uri": "https://web.archive.org/web/20231018220215/https://act.uscpr.org/a/callforgaza"
      },
      {
        "datetime": "2023-10-20T04:45:42Z",
        "uri": "https://web.archive.org/web/20231020044542/https://act.uscpr.org/a/callforgaza"
      },
      {
        "datetime": "2023-10-25T04:36:52Z",
        "uri": "https://web.archive.org/web/20231025043652/https://act.uscpr.org/a/callforgaza"
      },
      {
        "datetime": "2023-10-25T04:36:52Z",
        "uri": "https://web.archive.org/web/20231025043652/https://act.uscpr.org/a/callforgaza"
      },
      {
        "datetime": "2023-10-25T04:37:28Z",
        "uri": "https://web.archive.org/web/20231025043728/https://act.uscpr.org/a/callforgaza"
      }
    ],
    "first": {
      "datetime": "2023-10-13T19:00:18Z",
      "uri": "https://web.archive.org/web/20231013190018/https://act.uscpr.org/a/callforgaza"
    },
    "last": {
      "datetime": "2023-10-25T04:37:28Z",
      "uri": "https://web.archive.org/web/20231025043728/https://act.uscpr.org/a/callforgaza"
    }
  },
  "timemap_uri": {
    "link_format": "http://localhost:1208/timemap/link/https://act.uscpr.org/a/callforgaza",
    "json_format": "http://localhost:1208/timemap/json/https://act.uscpr.org/a/callforgaza",
    "cdxj_format": "http://localhost:1208/timemap/cdxj/https://act.uscpr.org/a/callforgaza"
  },
  "timegate_uri": "http://localhost:1208/timegate/https://act.uscpr.org/a/callforgaza"
}
