{
  "original_uri": "https://www.nbcnews.com/politics/2020-election/trump-tells-supporters-vote-georgia-runoffs-refuses-accept-reality-his-n1250128",
  "self": "http://localhost:1208/timemap/json/https://www.nbcnews.com/politics/2020-election/trump-tells-supporters-vote-georgia-runoffs-refuses-accept-reality-his-n1250128",
  "mementos": {
    "list": [
      {
        "datetime": "2020-12-06T03:07:31Z",
        "uri": "https://web.archive.org/web/20201206030731/https://www.nbcnews.com/politics/2020-election/trump-tells-supporters-vote-georgia-runoffs-refuses-accept-reality-his-n1250128"
      },
      {
        "datetime": "2020-12-06T03:15:16Z",
        "uri": "https://arquivo.pt/wayback/20201206031516mp_/https://www.nbcnews.com/politics/2020-election/trump-tells-supporters-vote-georgia-runoffs-refuses-accept-reality-his-n1250128"
      },
      {
        "datetime": "2020-12-06T03:37:45Z",
        "uri": "https://web.archive.org/web/20201206033745/https://www.nbcnews.com/politics/2020-election/trump-tells-supporters-vote-georgia-runoffs-refuses-accept-reality-his-n1250128"
      },
      {
        "datetime": "2020-12-06T03:47:44Z",
        "uri": "https://web.archive.org/web/20201206034744/https://www.nbcnews.com/politics/2020-election/trump-tells-supporters-vote-georgia-runoffs-refuses-accept-reality-his-n1250128"
      },
      {
        "datetime": "2020-12-06T04:18:31Z",
        "uri": "https://web.archive.org/web/20201206041831/https://www.nbcnews.com/politics/2020-election/trump-tells-supporters-vote-georgia-runoffs-refuses-accept-reality-his-n1250128"
      },
      {
        "datetime": "2020-12-06T04:26:51Z",
        "uri": "https://arquivo.pt/wayback/20201206042651mp_/https://www.nbcnews.com/politics/2020-election/trump-tells-supporters-vote-georgia-runoffs-refuses-accept-reality-his-n1250128"
      },
      {
        "datetime": "2020-12-06T04:32:27Z",
        "uri": "https://web.archive.org/web/20201206043227/https://www.nbcnews.com/politics/2020-election/trump-tells-supporters-vote-georgia-runoffs-refuses-accept-reality-his-n1250128"
      },
      {
        "datetime": "2020-12-06T06:31:51Z",
        "uri": "https://web.archive.org/web/20201206063151/https://www.nbcnews.com/politics/2020-election/trump-tells-supporters-vote-georgia-runoffs-refuses-accept-reality-his-n1250128"
      },
      {
        "datetime": "2020-12-06T10:44:31Z",
        "uri": "https://web.archive.org/web/20201206104431/https://www.nbcnews.com/politics/2020-election/trump-tells-supporters-vote-georgia-runoffs-refuses-accept-reality-his-n1250128"
      },
      {
        "datetime": "2020-12-06T11:39:58Z",
        "uri": "https://wayback.archive-it.org/all/20201206113958/https://www.nbcnews.com/politics/2020-election/trump-tells-supporters-vote-georgia-runoffs-refuses-accept-reality-his-n1250128"
      },
      {
        "datetime": "2020-12-06T11:39:58Z",
        "uri": "https://web.archive.org/web/20201206113958/https://www.nbcnews.com/politics/2020-election/trump-tells-supporters-vote-georgia-runoffs-refuses-accept-reality-his-n1250128"
      },
      {
        "datetime": "2020-12-06T14:46:53Z",
        "uri": "https://web.archive.org/web/20201206144653/https://www.nbcnews.com/politics/2020-election/trump-tells-supporters-vote-georgia-runoffs-refuses-accept-reality-his-n1250128"
      },
      {
        "datetime": "2020-12-06T15:50:05Z",
        "uri": "https://web.archive.org/web/20201206155005/https://www.nbcnews.com/politics/2020-election/trump-tells-supporters-vote-georgia-runoffs-refuses-accept-reality-his-n1250128"
      },
      {
        "datetime": "2020-12-06T17:26:44Z",
        "uri": "https://web.archive.org/web/20201206172644/https://www.nbcnews.com/politics/2020-election/trump-tells-supporters-vote-georgia-runoffs-refuses-accept-reality-his-n1250128"
      },
      {
        "datetime": "2020-12-06T17:43:13Z",
        "uri": "https://wayback.archive-it.org/all/20201206174313/https://www.nbcnews.com/politics/2020-election/trump-tells-supporters-vote-georgia-runoffs-refuses-accept-reality-his-n1250128"
      },
      {
        "datetime": "2020-12-06T17:43:13Z",
        "uri": "https://web.archive.org/web/20201206174313/https://www.nbcnews.com/politics/2020-election/trump-tells-supporters-vote-georgia-runoffs-refuses-accept-reality-his-n1250128"
      },
      {
        "datetime": "2020-12-06T18:20:39Z",
        "uri": "https://arquivo.pt/wayback/20201206182039mp_/https://www.nbcnews.com/politics/2020-election/trump-tells-supporters-vote-georgia-runoffs-refuses-accept-reality-his-n1250128"
      },
      {
        "datetime": "2020-12-06T22:22:41Z",
        "uri": "https://wayback.archive-it.org/all/20201206222241/https://www.nbcnews.com/politics/2020-election/trump-tells-supporters-vote-georgia-runoffs-refuses-accept-reality-his-n1250128"
      },
      {
        "datetime": "2020-12-06T22:22:41Z",
        "uri": "https://web.archive.org/web/20201206222241/https://www.nbcnews.com/politics/2020-election/trump-tells-supporters-vote-georgia-runoffs-refuses-accept-reality-his-n1250128"
      },
      {
        "datetime": "2020-12-07T08:31:39Z",
        "uri": "https://wayback.archive-it.org/all/20201207083139/https://www.nbcnews.com/politics/2020-election/trump-tells-supporters-vote-georgia-runoffs-refuses-accept-reality-his-n1250128"
      },
      {
        "datetime": "2020-12-07T08:31:39Z",
        "uri": "https://web.archive.org/web/20201207083139/https://www.nbcnews.com/politics/2020-election/trump-tells-supporters-vote-georgia-runoffs-refuses-accept-reality-his-n1250128"
      },
      {
        "datetime": "2020-12-07T13:10:05Z",
        "uri": "https://web.archive.org/web/20201207131005/https://www.nbcnews.com/politics/2020-election/trump-tells-supporters-vote-georgia-runoffs-refuses-accept-reality-his-n1250128"
      },
      {
        "datetime": "2020-12-07T18:08:00Z",
        "uri": "https://web.archive.org/web/20201207180800/https://www.nbcnews.com/politics/2020-election/trump-tells-supporters-vote-georgia-runoffs-refuses-accept-reality-his-n1250128"
      },
      {
        "datetime": "2020-12-07T18:37:08Z",
        "uri": "https://arquivo.pt/wayback/20201207183708mp_/https://www.nbcnews.com/politics/2020-election/trump-tells-supporters-vote-georgia-runoffs-refuses-accept-reality-his-n1250128"
      },
      {
        "datetime": "2020-12-07T20:23:29Z",
        "uri": "https://web.archive.org/web/20201207202329/https://www.nbcnews.com/politics/2020-election/trump-tells-supporters-vote-georgia-runoffs-refuses-accept-reality-his-n1250128"
      },
      {
        "datetime": "2020-12-07T22:45:16Z",
        "uri": "https://web.archive.org/web/20201207224516/https://www.nbcnews.com/politics/2020-election/trump-tells-supporters-vote-georgia-runoffs-refuses-accept-reality-his-n1250128"
      },
      {
        "datetime": "2020-12-08T04:09:17Z",
        "uri": "https://web.archive.org/web/20201208040917/https://www.nbcnews.com/politics/2020-election/trump-tells-supporters-vote-georgia-runoffs-refuses-accept-reality-his-n1250128"
      },
      {
        "datetime": "2020-12-08T18:28:44Z",
        "uri": "https://arquivo.pt/wayback/20201208182844mp_/https://www.nbcnews.com/politics/2020-election/trump-tells-supporters-vote-georgia-runoffs-refuses-accept-reality-his-n1250128"
      },
      {
        "datetime": "2020-12-08T21:31:16Z",
        "uri": "https://web.archive.org/web/20201208213116/https://www.nbcnews.com/politics/2020-election/trump-tells-supporters-vote-georgia-runoffs-refuses-accept-reality-his-n1250128"
      },
      {
        "datetime": "2020-12-09T03:34:27Z",
        "uri": "https://web.archive.org/web/20201209033427/https://www.nbcnews.com/politics/2020-election/trump-tells-supporters-vote-georgia-runoffs-refuses-accept-reality-his-n1250128"
      },
      {
        "datetime": "2020-12-09T13:16:48Z",
        "uri": "https://wayback.archive-it.org/all/20201209131648/https://www.nbcnews.com/politics/2020-election/trump-tells-supporters-vote-georgia-runoffs-refuses-accept-reality-his-n1250128"
      },
      {
        "datetime": "2020-12-09T13:16:48Z",
        "uri": "https://web.archive.org/web/20201209131648/https://www.nbcnews.com/politics/2020-election/trump-tells-supporters-vote-georgia-runoffs-refuses-accept-reality-his-n1250128"
      },
      {
        "datetime": "2020-12-09T18:34:17Z",
        "uri": "https://arquivo.pt/wayback/20201209183417mp_/https://www.nbcnews.com/politics/2020-election/trump-tells-supporters-vote-georgia-runoffs-refuses-accept-reality-his-n1250128"
      },
      {
        "datetime": "2020-12-09T23:43:16Z",
        "uri": "https://web.archive.org/web/20201209234316/https://www.nbcnews.com/politics/2020-election/trump-tells-supporters-vote-georgia-runoffs-refuses-accept-reality-his-n1250128"
      },
      {
        "datetime": "2020-12-10T04:11:35Z",
        "uri": "https://wayback.archive-it.org/all/20201210041135/https://www.nbcnews.com/politics/2020-election/trump-tells-supporters-vote-georgia-runoffs-refuses-accept-reality-his-n1250128"
      },
      {
        "datetime": "2020-12-10T04:11:35Z",
        "uri": "https://web.archive.org/web/20201210041135/https://www.nbcnews.com/politics/2020-election/trump-tells-supporters-vote-georgia-runoffs-refuses-accept-reality-his-n1250128"
      },
      {
        "datetime": "2020-12-10T18:34:25Z",
        "uri": "https://arquivo.pt/wayback/20201210183425mp_/https://www.nbcnews.com/politics/2020-election/trump-tells-supporters-vote-georgia-runoffs-refuses-accept-reality-his-n1250128"
      },
      {
        "datetime": "2020-12-11T01:32:29Z",
        "uri": "https://web.archive.org/web/20201211013229/https://www.nbcnews.com/politics/2020-election/trump-tells-supporters-vote-georgia-runoffs-refuses-accept-reality-his-n1250128"
      },
      {
        "datetime": "2020-12-11T02:03:57Z",
        "uri": "https://wayback.archive-it.org/all/20201211020357/https://www.nbcnews.com/politics/2020-election/trump-tells-supporters-vote-georgia-runoffs-refuses-accept-reality-his-n1250128"
      },
      {
        "datetime": "2020-12-11T02:03:57Z",
        "uri": "https://web.archive.org/web/20201211020357/https://www.nbcnews.com/politics/2020-election/trump-tells-supporters-vote-georgia-runoffs-refuses-accept-reality-his-n1250128"
      },
      {
        "datetime": "2020-12-11T03:09:26Z",
        "uri": "https://web.archive.org/web/20201211030926/https://www.nbcnews.com/politics/2020-election/trump-tells-supporters-vote-georgia-runoffs-refuses-accept-reality-his-n1250128"
      },
      {
        "datetime": "2020-12-11T18:39:45Z",
        "uri": "https://arquivo.pt/wayback/20201211183945mp_/https://www.nbcnews.com/politics/2020-election/trump-tells-supporters-vote-georgia-runoffs-refuses-accept-reality-his-n1250128"
      },
      {
        "datetime": "2020-12-12T02:38:15Z",
        "uri": "https://web.archive.org/web/20201212023815/https://www.nbcnews.com/politics/2020-election/trump-tells-supporters-vote-georgia-runoffs-refuses-accept-reality-his-n1250128"
      },
      {
        "datetime": "2020-12-12T11:43:08Z",
        "uri": "https://wayback.archive-it.org/all/20201212114308/https://www.nbcnews.com/politics/2020-election/trump-tells-supporters-vote-georgia-runoffs-refuses-accept-reality-his-n1250128"
      },
      {
        "datetime": "2020-12-12T11:43:08Z",
        "uri": "https://web.archive.org/web/20201212114308/https://www.nbcnews.com/politics/2020-election/trump-tells-supporters-vote-georgia-runoffs-refuses-accept-reality-his-n1250128"
      },
      {
        "datetime": "2020-12-12T18:32:10Z",
        "uri": "https://arquivo.pt/wayback/20201212183210mp_/https://www.nbcnews.com/politics/2020-election/trump-tells-supporters-vote-georgia-runoffs-refuses-accept-reality-his-n1250128"
      },
      {
        "datetime": "2020-12-13T18:39:35Z",
        "uri": "https://arquivo.pt/wayback/20201213183935mp_/https://www.nbcnews.com/politics/2020-election/trump-tells-supporters-vote-georgia-runoffs-refuses-accept-reality-his-n1250128"
      },
      {
        "datetime": "2020-12-14T12:13:53Z",
        "uri": "https://wayback.archive-it.org/all/20201214121353/https://www.nbcnews.com/politics/2020-election/trump-tells-supporters-vote-georgia-runoffs-refuses-accept-reality-his-n1250128"
      },
      {
        "datetime": "2020-12-14T12:13:53Z",
        "uri": "https://web.archive.org/web/20201214121353/https://www.nbcnews.com/politics/2020-election/trump-tells-supporters-vote-georgia-runoffs-refuses-accept-reality-his-n1250128"
      },
      {
        "datetime": "2020-12-14T18:34:50Z",
        "uri": "https://web.archive.org/web/20201214183450/https://www.nbcnews.com/politics/2020-election/trump-tells-supporters-vote-georgia-runoffs-refuses-accept-reality-his-n1250128"
      },
      {
        "datetime": "2020-12-14T18:44:56Z",
        "uri": "https://arquivo.pt/wayback/20201214184456mp_/https://www.nbcnews.com/politics/2020-election/trump-tells-supporters-vote-georgia-runoffs-refuses-accept-reality-his-n1250128"
      },
      {
        "datetime": "2020-12-14T20:06:41Z",
        "uri": "https://wayback.archive-it.org/all/20201214200641/https://www.nbcnews.com/politics/2020-election/trump-tells-supporters-vote-georgia-runoffs-refuses-accept-reality-his-n1250128"
      },
      {
        "datetime": "2020-12-14T20:06:41Z",
        "uri": "https://web.archive.org/web/20201214200641/https://www.nbcnews.com/politics/2020-election/trump-tells-supporters-vote-georgia-runoffs-refuses-accept-reality-his-n1250128"
      },
      {
        "datetime": "2020-12-15T05:14:42Z",
        "uri": "https://wayback.archive-it.org/all/20201215051442/https://www.nbcnews.com/politics/2020-election/trump-tells-supporters-vote-georgia-runoffs-refuses-accept-reality-his-n1250128"
      },
      {
        "datetime": "2020-12-15T05:14:42Z",
        "uri": "https://web.archive.org/web/20201215051442/https://www.nbcnews.com/politics/2020-election/trump-tells-supporters-vote-georgia-runoffs-refuses-accept-reality-his-n1250128"
      },
      {
        "datetime": "2020-12-15T18:29:52Z",
        "uri": "https://arquivo.pt/wayback/20201215182952mp_/https://www.nbcnews.com/politics/2020-election/trump-tells-supporters-vote-georgia-runoffs-refuses-accept-reality-his-n1250128"
      },
      {
        "datetime": "2020-12-15T19:59:10Z",
        "uri": "https://web.archive.org/web/20201215195910/https://www.nbcnews.com/politics/2020-election/trump-tells-supporters-vote-georgia-runoffs-refuses-accept-reality-his-n1250128"
      },
      {
        "datetime": "2020-12-16T01:13:59Z",
        "uri": "https://web.archive.org/web/20201216011359/https://www.nbcnews.com/politics/2020-election/trump-tells-supporters-vote-georgia-runoffs-refuses-accept-reality-his-n1250128"
      },
      {
        "datetime": "2020-12-16T14:30:48Z",
        "uri": "https://web.archive.org/web/20201216143048/https://www.nbcnews.com/politics/2020-election/trump-tells-supporters-vote-georgia-runoffs-refuses-accept-reality-his-n1250128"
      },
      {
        "datetime": "2020-12-16T18:33:58Z",
        "uri": "https://arquivo.pt/wayback/20201216183358mp_/https://www.nbcnews.com/politics/2020-election/trump-tells-supporters-vote-georgia-runoffs-refuses-accept-reality-his-n1250128"
      },
      {
        "datetime": "2020-12-16T21:01:21Z",
        "uri": "https://web.archive.org/web/20201216210121/https://www.nbcnews.com/politics/2020-election/trump-tells-supporters-vote-georgia-runoffs-refuses-accept-reality-his-n1250128"
      },
      {
        "datetime": "2020-12-17T06:30:04Z",
        "uri": "https://web.archive.org/web/20201217063004/https://www.nbcnews.com/politics/2020-election/trump-tells-supporters-vote-georgia-runoffs-refuses-accept-reality-his-n1250128"
      },
      {
        "datetime": "2020-12-18T00:04:47Z",
        "uri": "https://arquivo.pt/wayback/20201218000447mp_/https://www.nbcnews.com/politics/2020-election/trump-tells-supporters-vote-georgia-runoffs-refuses-accept-reality-his-n1250128"
      },
      {
        "datetime": "2020-12-18T11:42:46Z",
        "uri": "https://web.archive.org/web/20201218114246/https://www.nbcnews.com/politics/2020-election/trump-tells-supporters-vote-georgia-runoffs-refuses-accept-reality-his-n1250128"
      },
      {
        "datetime": "2020-12-18T17:50:53Z",
        "uri": "https://web.archive.org/web/20201218175053/https://www.nbcnews.com/politics/2020-election/trump-tells-supporters-vote-georgia-runoffs-refuses-accept-reality-his-n1250128"
      },
      {
        "datetime": "2020-12-18T23:38:27Z",
        "uri": "https://arquivo.pt/wayback/20201218233827mp_/https://www.nbcnews.com/politics/2020-election/trump-tells-supporters-vote-georgia-runoffs-refuses-accept-reality-his-n1250128"
      },
      {
        "datetime": "2020-12-19T16:20:01Z",
        "uri": "https://web.archive.org/web/20201219162001/https://www.nbcnews.com/politics/2020-election/trump-tells-supporters-vote-georgia-runoffs-refuses-accept-reality-his-n1250128"
      },
      {
        "datetime": "2020-12-19T23:33:19Z",
        "uri": "https://arquivo.pt/wayback/20201219233319mp_/https://www.nbcnews.com/politics/2020-election/trump-tells-supporters-vote-georgia-runoffs-refuses-accept-reality-his-n1250128"
      },
      {
        "datetime": "2020-12-20T04:37:25Z",
        "uri": "https://web.archive.org/web/20201220043725/https://www.nbcnews.com/politics/2020-election/trump-tells-supporters-vote-georgia-runoffs-refuses-accept-reality-his-n1250128"
      },
      {
        "datetime": "2020-12-20T18:40:06Z",
        "uri": "https://web.archive.org/web/20201220184006/https://www.nbcnews.com/politics/2020-election/trump-tells-supporters-vote-georgia-runoffs-refuses-accept-reality-his-n1250128"
      },
      {
        "datetime": "2020-12-20T23:39:34Z",
        "uri": "https://arquivo.pt/wayback/20201220233934mp_/https://www.nbcnews.com/politics/2020-election/trump-tells-supporters-vote-georgia-runoffs-refuses-accept-reality-his-n1250128"
      },
      {
        "datetime": "2020-12-21T04:18:36Z",
        "uri": "https://wayback.archive-it.org/all/20201221041836/https://www.nbcnews.com/politics/2020-election/trump-tells-supporters-vote-georgia-runoffs-refuses-accept-reality-his-n1250128"
      },
      {
        "datetime": "2020-12-21T04:18:36Z",
        "uri": "https://web.archive.org/web/20201221041836/https://www.nbcnews.com/politics/2020-election/trump-tells-supporters-vote-georgia-runoffs-refuses-accept-reality-his-n1250128"
      },
      {
        "datetime": "2020-12-21T10:34:17Z",
        "uri": "https://web.archive.org/web/20201221103417/https://www.nbcnews.com/politics/2020-election/trump-tells-supporters-vote-georgia-runoffs-refuses-accept-reality-his-n1250128"
      },
      {
        "datetime": "2020-12-21T23:29:29Z",
        "uri": "https://arquivo.pt/wayback/20201221232929mp_/https://www.nbcnews.com/politics/2020-election/trump-tells-supporters-vote-georgia-runoffs-refuses-accept-reality-his-n1250128"
      },
      {
        "datetime": "2020-12-22T20:43:18Z",
        "uri": "https://web.archive.org/web/20201222204318/https://www.nbcnews.com/politics/2020-election/trump-tells-supporters-vote-georgia-runoffs-refuses-accept-reality-his-n1250128"
      },
      {
        "datetime": "2020-12-22T23:40:49Z",
        "uri": "https://arquivo.pt/wayback/20201222234049mp_/https://www.nbcnews.com/politics/2020-election/trump-tells-supporters-vote-georgia-runoffs-refuses-accept-reality-his-n1250128"
      },
      {
        "datetime": "2020-12-23T11:41:52Z",
        "uri": "https://web.archive.org/web/20201223114152/https://www.nbcnews.com/politics/2020-election/trump-tells-supporters-vote-georgia-runoffs-refuses-accept-reality-his-n1250128"
      },
      {
        "datetime": "2020-12-23T15:13:33Z",
        "uri": "https://web.archive.org/web/20201223151333/https://www.nbcnews.com/politics/2020-election/trump-tells-supporters-vote-georgia-runoffs-refuses-accept-reality-his-n1250128"
      },
      {
        "datetime": "2020-12-23T22:06:56Z",
        "uri": "https://wayback.archive-it.org/all/20201223220656/https://www.nbcnews.com/politics/2020-election/trump-tells-supporters-vote-georgia-runoffs-refuses-accept-reality-his-n1250128"
      },
      {
        "datetime": "2020-12-23T22:06:56Z",
        "uri": "https://web.archive.org/web/20201223220656/https://www.nbcnews.com/politics/2020-election/trump-tells-supporters-vote-georgia-runoffs-refuses-accept-reality-his-n1250128"
      },
      {
        "datetime": "2020-12-23T23:39:16Z",
        "uri": "https://arquivo.pt/wayback/20201223233916mp_/https://www.nbcnews.com/politics/2020-election/trump-tells-supporters-vote-georgia-runoffs-refuses-accept-reality-his-n1250128"
      },
      {
        "datetime": "2020-12-24T12:58:23Z",
        "uri": "https://web.archive.org/web/20201224125823/https://www.nbcnews.com/politics/2020-election/trump-tells-supporters-vote-georgia-runoffs-refuses-accept-reality-his-n1250128"
      },
      {
        "datetime": "2020-12-24T23:39:23Z",
        "uri": "https://arquivo.pt/wayback/20201224233923mp_/https://www.nbcnews.com/politics/2020-election/trump-tells-supporters-vote-georgia-runoffs-refuses-accept-reality-his-n1250128"
      },
      {
        "datetime": "2020-12-25T14:23:40Z",
        "uri": "https://web.archive.org/web/20201225142340/https://www.nbcnews.com/politics/2020-election/trump-tells-supporters-vote-georgia-runoffs-refuses-accept-reality-his-n1250128"
      },
      {
        "datetime": "2020-12-27T11:23:40Z",
        "uri": "https://web.archive.org/web/20201227112340/https://www.nbcnews.com/politics/2020-election/trump-tells-supporters-vote-georgia-runoffs-refuses-accept-reality-his-n1250128"
      },
      {
        "datetime": "2020-12-29T03:51:21Z",
        "uri": "https://web.archive.org/web/20201229035121/https://www.nbcnews.com/politics/2020-election/trump-tells-supporters-vote-georgia-runoffs-refuses-accept-reality-his-n1250128"
      },
      {
        "datetime": "2021-01-03T09:16:06Z",
        "uri": "https://web.archive.org/web/20210103091606/https://www.nbcnews.com/politics/2020-election/trump-tells-supporters-vote-georgia-runoffs-refuses-accept-reality-his-n1250128"
      },
      {
        "datetime": "2021-01-04T09:08:44Z",
        "uri": "https://web.archive.org/web/20210104090844/https://www.nbcnews.com/politics/2020-election/trump-tells-supporters-vote-georgia-runoffs-refuses-accept-reality-his-n1250128"
      },
      {
        "datetime": "2021-01-04T12:18:59Z",
        "uri": "https://web.archive.org/web/20210104121859/https://www.nbcnews.com/politics/2020-election/trump-tells-supporters-vote-georgia-runoffs-refuses-accept-reality-his-n1250128"
      },
      {
        "datetime": "2021-01-04T15:42:10Z",
        "uri": "https://wayback.archive-it.org/all/20210104154210/https://www.nbcnews.com/politics/2020-election/trump-tells-supporters-vote-georgia-runoffs-refuses-accept-reality-his-n1250128"
      },
      {
        "datetime": "2021-01-04T15:42:10Z",
        "uri": "https://web.archive.org/web/20210104154210/https://www.nbcnews.com/politics/2020-election/trump-tells-supporters-vote-georgia-runoffs-refuses-accept-reality-his-n1250128"
      },
      {
        "datetime": "2021-01-10T00:52:31Z",
        "uri": "https://web.archive.org/web/20210110005231/https://www.nbcnews.com/politics/2020-election/trump-tells-supporters-vote-georgia-runoffs-refuses-accept-reality-his-n1250128"
      },
      {
        "datetime": "2021-01-21T22:23:21Z",
        "uri": "https://web.archive.org/web/20210121222321/https://www.nbcnews.com/politics/2020-election/trump-tells-supporters-vote-georgia-runoffs-refuses-accept-reality-his-n1250128"
      },
      {
        "datetime": "2021-01-25T00:23:35Z",
        "uri": "https://web.archive.org/web/20210125002335/https://www.nbcnews.com/politics/2020-election/trump-tells-supporters-vote-georgia-runoffs-refuses-accept-reality-his-n1250128"
      },
      {
        "datetime": "2021-02-17T21:23:06Z",
        "uri": "https://web.archive.org/web/20210217212306/https://www.nbcnews.com/politics/2020-election/trump-tells-supporters-vote-georgia-runoffs-refuses-accept-reality-his-n1250128"
      },
      {
        "datetime": "2021-04-01T12:45:38Z",
        "uri": "https://arquivo.pt/wayback/20210401124538mp_/https://www.nbcnews.com/politics/2020-election/trump-tells-supporters-vote-georgia-runoffs-refuses-accept-reality-his-n1250128"
      },
      {
        "datetime": "2021-04-13T20:37:23Z",
        "uri": "https://wayback.archive-it.org/all/20210413203723/https://www.nbcnews.com/politics/2020-election/trump-tells-supporters-vote-georgia-runoffs-refuses-accept-reality-his-n1250128"
      },
      {
        "datetime": "2021-04-13T20:37:23Z",
        "uri": "https://web.archive.org/web/20210413203723/https://www.nbcnews.com/politics/2020-election/trump-tells-supporters-vote-georgia-runoffs-refuses-accept-reality-his-n1250128"
      },
      {
        "datetime": "2021-10-03T19:17:18Z",
        "uri": "https://wayback.archive-it.org/all/20211003191718/https://www.nbcnews.com/politics/2020-election/trump-tells-supporters-vote-georgia-runoffs-refuses-accept-reality-his-n1250128"
      },
      {
        "datetime": "2021-10-03T19:17:18Z",
        "uri": "https://web.archive.org/web/20211003191718/https://www.nbcnews.com/politics/2020-election/trump-tells-supporters-vote-georgia-runoffs-refuses-accept-reality-his-n1250128"
      },
      {
        "datetime": "2021-10-20T22:59:23Z",
        "uri": "https://web.archive.org/web/20211020225923/https://www.nbcnews.com/politics/2020-election/trump-tells-supporters-vote-georgia-runoffs-refuses-accept-reality-his-n1250128"
      },
      {
        "datetime": "2021-10-22T14:07:17Z",
        "uri": "https://web.archive.org/web/20211022140717/https://www.nbcnews.com/politics/2020-election/trump-tells-supporters-vote-georgia-runoffs-refuses-accept-reality-his-n1250128"
      },
      {
        "datetime": "2022-01-22T21:08:53Z",
        "uri": "https://web.archive.org/web/20220122210853/https://www.nbcnews.com/politics/2020-election/trump-tells-supporters-vote-georgia-runoffs-refuses-accept-reality-his-n1250128"
      },
      {
        "datetime": "2022-03-10T04:50:32Z",
        "uri": "https://web.archive.org/web/20220310045032/https://www.nbcnews.com/politics/2020-election/trump-tells-supporters-vote-georgia-runoffs-refuses-accept-reality-his-n1250128"
      },
      {
        "datetime": "2022-10-28T20:01:12Z",
        "uri": "https://web.archive.org/web/20221028200112/https://www.nbcnews.com/politics/2020-election/trump-tells-supporters-vote-georgia-runoffs-refuses-accept-reality-his-n1250128"
      },
      {
        "datetime": "2022-11-08T06:07:39Z",
        "uri": "https://web.archive.org/web/20221108060739/https://www.nbcnews.com/politics/2020-election/trump-tells-supporters-vote-georgia-runoffs-refuses-accept-reality-his-n1250128"
      },
      {
        "datetime": "2022-11-11T19:33:59Z",
        "uri": "https://wayback.archive-it.org/all/20221111193359/https://www.nbcnews.com/politics/2020-election/trump-tells-supporters-vote-georgia-runoffs-refuses-accept-reality-his-n1250128"
      },
      {
        "datetime": "2022-11-11T19:33:59Z",
        "uri": "https://web.archive.org/web/20221111193359/https://www.nbcnews.com/politics/2020-election/trump-tells-supporters-vote-georgia-runoffs-refuses-accept-reality-his-n1250128"
      },
      {
        "datetime": "2022-11-19T03:25:58Z",
        "uri": "https://web.archive.org/web/20221119032558/https://www.nbcnews.com/politics/2020-election/trump-tells-supporters-vote-georgia-runoffs-refuses-accept-reality-his-n1250128"
      },
      {
        "datetime": "2022-11-24T00:33:23Z",
        "uri": "https://web.archive.org/web/20221124003323/https://www.nbcnews.com/politics/2020-election/trump-tells-supporters-vote-georgia-runoffs-refuses-accept-reality-his-n1250128"
      },
      {
        "datetime": "2023-01-29T06:20:34Z",
        "uri": "https://web.archive.org/web/20230129062034/https://www.nbcnews.com/politics/2020-election/trump-tells-supporters-vote-georgia-runoffs-refuses-accept-reality-his-n1250128"
      },
      {
        "datetime": "2023-02-20T13:54:40Z",
        "uri": "https://web.archive.org/web/20230220135440/https://www.nbcnews.com/politics/2020-election/trump-tells-supporters-vote-georgia-runoffs-refuses-accept-reality-his-n1250128"
      },
      {
        "datetime": "2023-03-31T16:22:33Z",
        "uri": "https://web.archive.org/web/20230331162233/https://www.nbcnews.com/politics/2020-election/trump-tells-supporters-vote-georgia-runoffs-refuses-accept-reality-his-n1250128"
      },
      {
        "datetime": "2023-04-09T04:02:15Z",
        "uri": "https://web.archive.org/web/20230409040215/https://www.nbcnews.com/politics/2020-election/trump-tells-supporters-vote-georgia-runoffs-refuses-accept-reality-his-n1250128"
      }
    ],
    "first": {
      "datetime": "2020-12-06T03:07:31Z",
      "uri": "https://web.archive.org/web/20201206030731/https://www.nbcnews.com/politics/2020-election/trump-tells-supporters-vote-georgia-runoffs-refuses-accept-reality-his-n1250128"
    },
    "last": {
      "datetime": "2023-04-09T04:02:15Z",
      "uri": "https://web.archive.org/web/20230409040215/https://www.nbcnews.com/politics/2020-election/trump-tells-supporters-vote-georgia-runoffs-refuses-accept-reality-his-n1250128"
    }
  },
  "timemap_uri": {
    "link_format": "http://localhost:1208/timemap/link/https://www.nbcnews.com/politics/2020-election/trump-tells-supporters-vote-georgia-runoffs-refuses-accept-reality-his-n1250128",
    "json_format": "http://localhost:1208/timemap/json/https://www.nbcnews.com/politics/2020-election/trump-tells-supporters-vote-georgia-runoffs-refuses-accept-reality-his-n1250128",
    "cdxj_format": "http://localhost:1208/timemap/cdxj/https://www.nbcnews.com/politics/2020-election/trump-tells-supporters-vote-georgia-runoffs-refuses-accept-reality-his-n1250128"
  },
  "timegate_uri": "http://localhost:1208/timegate/https://www.nbcnews.com/politics/2020-election/trump-tells-supporters-vote-georgia-runoffs-refuses-accept-reality-his-n1250128"
}
