{
  "original_uri": "https://www.mediaite.com/politics/trump-tells-supporters-dont-worry-about-voting-on-election-night/",
  "self": "http://localhost:1208/timemap/json/https://www.mediaite.com/politics/trump-tells-supporters-dont-worry-about-voting-on-election-night/",
  "mementos": {
    "list": [
      {
        "datetime": "2023-10-23T20:55:27Z",
        "uri": "https://web.archive.org/web/20231023205527/https://www.mediaite.com/politics/trump-tells-supporters-dont-worry-about-voting-on-election-night/"
      },
      {
        "datetime": "2023-10-23T21:00:08Z",
        "uri": "https://web.archive.org/web/20231023210008/https://www.mediaite.com/politics/trump-tells-supporters-dont-worry-about-voting-on-election-night/"
      },
      {
        "datetime": "2023-10-23T21:02:22Z",
        "uri": "https://web.archive.org/web/20231023210222/https://www.mediaite.com/politics/trump-tells-supporters-dont-worry-about-voting-on-election-night/"
      },
      {
        "datetime": "2023-10-23T22:26:15Z",
        "uri": "http://archive.md/20231023222615/https://www.mediaite.com/politics/trump-tells-supporters-dont-worry-about-voting-on-election-night/"
      },
      {
        "datetime": "2023-10-24T02:04:25Z",
        "uri": "https://web.archive.org/web/20231024020425/https://www.mediaite.com/politics/trump-tells-supporters-dont-worry-about-voting-on-election-night/"
      },
      {
        "datetime": "2023-10-24T03:06:55Z",
        "uri": "https://web.archive.org/web/20231024030655/https://www.mediaite.com/politics/trump-tells-supporters-dont-worry-about-voting-on-election-night/"
      },
      {
        "datetime": "2023-10-24T04:11:48Z",
        "uri": "https://web.archive.org/web/20231024041148/https://www.mediaite.com/politics/trump-tells-supporters-dont-worry-about-voting-on-election-night/"
      },
      {
        "datetime": "2023-10-24T06:52:55Z",
        "uri": "https://web.archive.org/web/20231024065255/https://www.mediaite.com/politics/trump-tells-supporters-dont-worry-about-voting-on-election-night/"
      },
      {
        "datetime": "2023-10-24T10:56:47Z",
        "uri": "https://web.archive.org/web/20231024105647/https://www.mediaite.com/politics/trump-tells-supporters-dont-worry-about-voting-on-election-night/"
      },
      {
        "datetime": "2023-10-24T13:08:33Z",
        "uri": "https://web.archive.org/web/20231024130833/https://www.mediaite.com/politics/trump-tells-supporters-dont-worry-about-voting-on-election-night/"
      },
      {
        "datetime": "2023-10-25T16:28:52Z",
        "uri": "https://web.archive.org/web/20231025162852/https://www.mediaite.com/politics/trump-tells-supporters-dont-worry-about-voting-on-election-night/"
      }
    ],
    "first": {
      "datetime": "2023-10-23T20:55:27Z",
      "uri": "https://web.archive.org/web/20231023205527/https://www.mediaite.com/politics/trump-tells-supporters-dont-worry-about-voting-on-election-night/"
    },
    "last": {
      "datetime": "2023-10-25T16:28:52Z",
      "uri": "https://web.archive.org/web/20231025162852/https://www.mediaite.com/politics/trump-tells-supporters-dont-worry-about-voting-on-election-night/"
    }
  },
  "timemap_uri": {
    "link_format": "http://localhost:1208/timemap/link/https://www.mediaite.com/politics/trump-tells-supporters-dont-worry-about-voting-on-election-night/",
    "json_format": "http://localhost:1208/timemap/json/https://www.mediaite.com/politics/trump-tells-supporters-dont-worry-about-voting-on-election-night/",
    "cdxj_format": "http://localhost:1208/timemap/cdxj/https://www.mediaite.com/politics/trump-tells-supporters-dont-worry-about-voting-on-election-night/"
  },
  "timegate_uri": "http://localhost:1208/timegate/https://www.mediaite.com/politics/trump-tells-supporters-dont-worry-about-voting-on-election-night/"
}
