{
  "original_uri": "https://www.twitch.tv/nowtechTeam",
  "self": "http://localhost:1208/timemap/json/https://www.twitch.tv/nowtechTeam",
  "mementos": {
    "list": [
      {
        "datetime": "2022-02-01T10:49:32Z",
        "uri": "https://web.archive.org/web/20220201104932/https://www.twitch.tv/NowtechTeam"
      },
      {
        "datetime": "2022-02-01T10:49:32Z",
        "uri": "https://web.archive.org/web/20220201104932/http://twitch.tv/NowtechTeam"
      },
      {
        "datetime": "2022-02-02T06:48:19Z",
        "uri": "https://web.archive.org/web/20220202064819/https://www.twitch.tv/nowtechTeam"
      },
      {
        "datetime": "2022-02-02T06:48:19Z",
        "uri": "https://web.archive.org/web/20220202064819/https://twitch.tv/nowtechTeam"
      },
      {
        "datetime": "2022-02-09T20:09:04Z",
        "uri": "https://web.archive.org/web/20220209200904/http://twitch.tv/NowtechTeam"
      },
      {
        "datetime": "2022-02-09T20:10:14Z",
        "uri": "https://web.archive.org/web/20220209201014/http://twitch.tv/NowtechTeam"
      },
      {
        "datetime": "2022-02-09T20:12:30Z",
        "uri": "https://web.archive.org/web/20220209201230/http://twitch.tv/NowtechTeam"
      },
      {
        "datetime": "2022-02-21T17:55:16Z",
        "uri": "https://web.archive.org/web/20220221175516/https://www.twitch.tv/nowtechteam"
      },
      {
        "datetime": "2022-03-08T13:42:05Z",
        "uri": "https://web.archive.org/web/20220308134205/https://www.twitch.tv/nowtechteam"
      },
      {
        "datetime": "2022-03-08T13:42:05Z",
        "uri": "https://web.archive.org/web/20220308134205/http://twitch.tv/nowtechteam"
      },
      {
        "datetime": "2022-03-08T16:00:53Z",
        "uri": "https://web.archive.org/web/20220308160053/https://www.twitch.tv/NowtechTeam"
      },
      {
        "datetime": "2022-04-22T08:34:16Z",
        "uri": "https://web.archive.org/web/20220422083416/https://www.twitch.tv/NowTechTeam"
      },
      {
        "datetime": "2022-04-27T03:48:54Z",
        "uri": "https://web.archive.org/web/20220427034854/https://twitch.tv/nowtechTeam"
      },
      {
        "datetime": "2022-04-27T03:48:55Z",
        "uri": "https://web.archive.org/web/20220427034855/https://www.twitch.tv/nowtechTeam"
      },
      {
        "datetime": "2022-05-11T13:34:52Z",
        "uri": "https://web.archive.org/web/20220511133452/https://twitch.tv/NowtechTeam"
      },
      {
        "datetime": "2022-05-19T07:52:56Z",
        "uri": "https://web.archive.org/web/20220519075256/https://twitch.tv/nowtechTeam"
      },
      {
        "datetime": "2022-05-19T07:52:57Z",
        "uri": "https://web.archive.org/web/20220519075257/https://www.twitch.tv/nowtechTeam"
      },
      {
        "datetime": "2022-05-21T17:05:13Z",
        "uri": "https://web.archive.org/web/20220521170513/https://twitch.tv/nowtechteam"
      },
      {
        "datetime": "2022-05-29T02:32:01Z",
        "uri": "https://web.archive.org/web/20220529023201/https://www.twitch.tv/nowtechteam"
      },
      {
        "datetime": "2022-05-29T03:03:45Z",
        "uri": "https://web.archive.org/web/20220529030345/https://www.twitch.tv/nowtechteam"
      },
      {
        "datetime": "2022-08-28T15:27:59Z",
        "uri": "https://web.archive.org/web/20220828152759/https://www.twitch.tv/nowtechteam"
      },
      {
        "datetime": "2022-08-28T15:27:59Z",
        "uri": "https://web.archive.org/web/20220828152759/https://twitch.tv/nowtechteam"
      },
      {
        "datetime": "2022-09-03T03:31:36Z",
        "uri": "https://web.archive.org/web/20220903033136/https://www.twitch.tv/nowtechteam"
      },
      {
        "datetime": "2022-09-16T15:14:43Z",
        "uri": "https://web.archive.org/web/20220916151443/https://www.twitch.tv/nowtechTeam"
      },
      {
        "datetime": "2022-09-27T05:43:19Z",
        "uri": "https://web.archive.org/web/20220927054319/https://www.twitch.tv/nowtechTeam"
      },
      {
        "datetime": "2022-09-27T05:43:19Z",
        "uri": "https://web.archive.org/web/20220927054319/https://twitch.tv/nowtechTeam"
      },
      {
        "datetime": "2022-09-28T23:30:38Z",
        "uri": "https://web.archive.org/web/20220928233038/https://www.twitch.tv/nowtechteam/"
      },
      {
        "datetime": "2022-10-04T04:38:51Z",
        "uri": "https://web.archive.org/web/20221004043851/https://www.twitch.tv/nowtechTeam/"
      },
      {
        "datetime": "2022-12-28T14:10:29Z",
        "uri": "https://web.archive.org/web/20221228141029/https://twitch.tv/nowtechteam"
      },
      {
        "datetime": "2023-01-01T14:13:55Z",
        "uri": "https://web.archive.org/web/20230101141355/http://twitch.tv/nowtechTeam"
      },
      {
        "datetime": "2023-03-23T18:21:04Z",
        "uri": "https://web.archive.org/web/20230323182104/https://www.twitch.tv/nowtechteam"
      },
      {
        "datetime": "2023-04-08T22:28:01Z",
        "uri": "https://www.webarchive.org.uk/wayback/archive/20230408222801mp_/https://www.twitch.tv/nowtechteam/"
      },
      {
        "datetime": "2023-04-12T15:57:44Z",
        "uri": "https://web.archive.org/web/20230412155744/https://www.twitch.tv/nowtechteam"
      },
      {
        "datetime": "2023-04-12T15:57:44Z",
        "uri": "https://web.archive.org/web/20230412155744/https://www.twitch.tv/nowtechTeam"
      },
      {
        "datetime": "2023-04-12T15:57:49Z",
        "uri": "https://web.archive.org/web/20230412155749/https://www.twitch.tv/nowtechteam"
      },
      {
        "datetime": "2023-04-20T13:08:34Z",
        "uri": "https://web.archive.org/web/20230420130834/http://twitch.tv/nowtechteam"
      },
      {
        "datetime": "2023-06-28T12:39:50Z",
        "uri": "https://web.archive.org/web/20230628123950/https://www.twitch.tv/nowtechteam"
      },
      {
        "datetime": "2023-06-29T16:39:36Z",
        "uri": "https://web.archive.org/web/20230629163936/https://www.twitch.tv/nowtechteam"
      },
      {
        "datetime": "2023-10-22T13:02:01Z",
        "uri": "https://web.archive.org/web/20231022130201/https://www.twitch.tv/nowtechteam"
      }
    ],
    "first": {
      "datetime": "2022-02-01T10:49:32Z",
      "uri": "https://web.archive.org/web/20220201104932/https://www.twitch.tv/NowtechTeam"
    },
    "last": {
      "datetime": "2023-10-22T13:02:01Z",
      "uri": "https://web.archive.org/web/20231022130201/https://www.twitch.tv/nowtechteam"
    }
  },
  "timemap_uri": {
    "link_format": "http://localhost:1208/timemap/link/https://www.twitch.tv/nowtechTeam",
    "json_format": "http://localhost:1208/timemap/json/https://www.twitch.tv/nowtechTeam",
    "cdxj_format": "http://localhost:1208/timemap/cdxj/https://www.twitch.tv/nowtechTeam"
  },
  "timegate_uri": "http://localhost:1208/timegate/https://www.twitch.tv/nowtechTeam"
}
