{
  "original_uri": "https://www.indiatvnews.com/tamil-nadu/chennai-tamil-nadu-several-feared-dead-fatal-collision-between-car-bus-tiruvannamalai-casualties-traffic-regulations-2023-10-24-899328",
  "self": "http://localhost:1208/timemap/json/https://www.indiatvnews.com/tamil-nadu/chennai-tamil-nadu-several-feared-dead-fatal-collision-between-car-bus-tiruvannamalai-casualties-traffic-regulations-2023-10-24-899328",
  "mementos": {
    "list": [
      {
        "datetime": "2023-10-24T03:02:38Z",
        "uri": "https://web.archive.org/web/20231024030238/https://www.indiatvnews.com/tamil-nadu/chennai-tamil-nadu-several-feared-dead-fatal-collision-between-car-bus-tiruvannamalai-casualties-traffic-regulations-2023-10-24-899328"
      },
      {
        "datetime": "2023-10-24T11:48:29Z",
        "uri": "https://web.archive.org/web/20231024114829/https://www.indiatvnews.com/tamil-nadu/chennai-tamil-nadu-several-feared-dead-fatal-collision-between-car-bus-tiruvannamalai-casualties-traffic-regulations-2023-10-24-899328"
      },
      {
        "datetime": "2023-10-25T04:39:49Z",
        "uri": "https://web.archive.org/web/20231025043949/https://www.indiatvnews.com/tamil-nadu/chennai-tamil-nadu-several-feared-dead-fatal-collision-between-car-bus-tiruvannamalai-casualties-traffic-regulations-2023-10-24-899328"
      },
      {
        "datetime": "2023-10-25T05:52:24Z",
        "uri": "https://web.archive.org/web/20231025055224/https://www.indiatvnews.com/tamil-nadu/chennai-tamil-nadu-several-feared-dead-fatal-collision-between-car-bus-tiruvannamalai-casualties-traffic-regulations-2023-10-24-899328"
      },
      {
        "datetime": "2023-10-25T09:29:14Z",
        "uri": "https://web.archive.org/web/20231025092914/https://www.indiatvnews.com/tamil-nadu/chennai-tamil-nadu-several-feared-dead-fatal-collision-between-car-bus-tiruvannamalai-casualties-traffic-regulations-2023-10-24-899328"
      }
    ],
    "first": {
      "datetime": "2023-10-24T03:02:38Z",
      "uri": "https://web.archive.org/web/20231024030238/https://www.indiatvnews.com/tamil-nadu/chennai-tamil-nadu-several-feared-dead-fatal-collision-between-car-bus-tiruvannamalai-casualties-traffic-regulations-2023-10-24-899328"
    },
    "last": {
      "datetime": "2023-10-25T09:29:14Z",
      "uri": "https://web.archive.org/web/20231025092914/https://www.indiatvnews.com/tamil-nadu/chennai-tamil-nadu-several-feared-dead-fatal-collision-between-car-bus-tiruvannamalai-casualties-traffic-regulations-2023-10-24-899328"
    }
  },
  "timemap_uri": {
    "link_format": "http://localhost:1208/timemap/link/https://www.indiatvnews.com/tamil-nadu/chennai-tamil-nadu-several-feared-dead-fatal-collision-between-car-bus-tiruvannamalai-casualties-traffic-regulations-2023-10-24-899328",
    "json_format": "http://localhost:1208/timemap/json/https://www.indiatvnews.com/tamil-nadu/chennai-tamil-nadu-several-feared-dead-fatal-collision-between-car-bus-tiruvannamalai-casualties-traffic-regulations-2023-10-24-899328",
    "cdxj_format": "http://localhost:1208/timemap/cdxj/https://www.indiatvnews.com/tamil-nadu/chennai-tamil-nadu-several-feared-dead-fatal-collision-between-car-bus-tiruvannamalai-casualties-traffic-regulations-2023-10-24-899328"
  },
  "timegate_uri": "http://localhost:1208/timegate/https://www.indiatvnews.com/tamil-nadu/chennai-tamil-nadu-several-feared-dead-fatal-collision-between-car-bus-tiruvannamalai-casualties-traffic-regulations-2023-10-24-899328"
}
