{
  "original_uri": "https://news.un.org/en/interview/2023/10/1142707",
  "self": "http://localhost:1208/timemap/json/https://news.un.org/en/interview/2023/10/1142707",
  "mementos": {
    "list": [
      {
        "datetime": "2023-10-23T18:31:36Z",
        "uri": "https://web.archive.org/web/20231023183136/https://news.un.org/en/interview/2023/10/1142707"
      }
    ],
    "first": {
      "datetime": "2023-10-23T18:31:36Z",
      "uri": "https://web.archive.org/web/20231023183136/https://news.un.org/en/interview/2023/10/1142707"
    },
    "last": {
      "datetime": "2023-10-23T18:31:36Z",
      "uri": "https://web.archive.org/web/20231023183136/https://news.un.org/en/interview/2023/10/1142707"
    }
  },
  "timemap_uri": {
    "link_format": "http://localhost:1208/timemap/link/https://news.un.org/en/interview/2023/10/1142707",
    "json_format": "http://localhost:1208/timemap/json/https://news.un.org/en/interview/2023/10/1142707",
    "cdxj_format": "http://localhost:1208/timemap/cdxj/https://news.un.org/en/interview/2023/10/1142707"
  },
  "timegate_uri": "http://localhost:1208/timegate/https://news.un.org/en/interview/2023/10/1142707"
}
