{
  "original_uri": "https://www.foxnews.com/entertainment/taylor-swift-parties-jackson-mahomes-fans-plead-safety-get-out-box",
  "self": "http://localhost:1208/timemap/json/https://www.foxnews.com/entertainment/taylor-swift-parties-jackson-mahomes-fans-plead-safety-get-out-box",
  "mementos": {
    "list": [
      {
        "datetime": "2023-10-23T04:34:10Z",
        "uri": "https://web.archive.org/web/20231023043410/https://www.foxnews.com/entertainment/taylor-swift-parties-jackson-mahomes-fans-plead-safety-get-out-box"
      },
      {
        "datetime": "2023-10-23T13:09:25Z",
        "uri": "https://web.archive.org/web/20231023130925/https://www.foxnews.com/entertainment/taylor-swift-parties-jackson-mahomes-fans-plead-safety-get-out-box"
      },
      {
        "datetime": "2023-10-23T15:49:03Z",
        "uri": "https://web.archive.org/web/20231023154903/https://www.foxnews.com/entertainment/taylor-swift-parties-jackson-mahomes-fans-plead-safety-get-out-box"
      },
      {
        "datetime": "2023-10-23T15:49:03Z",
        "uri": "https://web.archive.org/web/20231023154903/http://foxnews.com/entertainment/taylor-swift-parties-jackson-mahomes-fans-plead-safety-get-out-box"
      },
      {
        "datetime": "2023-10-23T16:02:40Z",
        "uri": "http://archive.md/20231023160240/https://www.foxnews.com/entertainment/taylor-swift-parties-jackson-mahomes-fans-plead-safety-get-out-box"
      },
      {
        "datetime": "2023-10-23T19:40:39Z",
        "uri": "https://web.archive.org/web/20231023194039/https://www.foxnews.com/entertainment/taylor-swift-parties-jackson-mahomes-fans-plead-safety-get-out-box"
      },
      {
        "datetime": "2023-10-23T23:18:14Z",
        "uri": "https://web.archive.org/web/20231023231814/https://www.foxnews.com/entertainment/taylor-swift-parties-jackson-mahomes-fans-plead-safety-get-out-box"
      },
      {
        "datetime": "2023-10-24T02:36:08Z",
        "uri": "https://web.archive.org/web/20231024023608/https://www.foxnews.com/entertainment/taylor-swift-parties-jackson-mahomes-fans-plead-safety-get-out-box"
      },
      {
        "datetime": "2023-10-24T03:42:34Z",
        "uri": "https://web.archive.org/web/20231024034234/https://www.foxnews.com/entertainment/taylor-swift-parties-jackson-mahomes-fans-plead-safety-get-out-box"
      },
      {
        "datetime": "2023-10-24T05:58:55Z",
        "uri": "https://web.archive.org/web/20231024055855/https://www.foxnews.com/entertainment/taylor-swift-parties-jackson-mahomes-fans-plead-safety-get-out-box"
      },
      {
        "datetime": "2023-10-24T07:56:58Z",
        "uri": "https://web.archive.org/web/20231024075658/https://www.foxnews.com/entertainment/taylor-swift-parties-jackson-mahomes-fans-plead-safety-get-out-box"
      },
      {
        "datetime": "2023-10-24T07:57:02Z",
        "uri": "https://web.archive.org/web/20231024075702/https://www.foxnews.com/entertainment/taylor-swift-parties-jackson-mahomes-fans-plead-safety-get-out-box"
      },
      {
        "datetime": "2023-10-24T07:57:03Z",
        "uri": "https://web.archive.org/web/20231024075703/https://www.foxnews.com/entertainment/taylor-swift-parties-jackson-mahomes-fans-plead-safety-get-out-box"
      },
      {
        "datetime": "2023-10-24T07:58:00Z",
        "uri": "https://web.archive.org/web/20231024075800/https://www.foxnews.com/entertainment/taylor-swift-parties-jackson-mahomes-fans-plead-safety-get-out-box"
      },
      {
        "datetime": "2023-10-24T07:58:08Z",
        "uri": "https://web.archive.org/web/20231024075808/https://www.foxnews.com/entertainment/taylor-swift-parties-jackson-mahomes-fans-plead-safety-get-out-box"
      },
      {
        "datetime": "2023-10-24T07:58:10Z",
        "uri": "https://web.archive.org/web/20231024075810/https://www.foxnews.com/entertainment/taylor-swift-parties-jackson-mahomes-fans-plead-safety-get-out-box"
      },
      {
        "datetime": "2023-10-24T08:00:15Z",
        "uri": "https://web.archive.org/web/20231024080015/https://www.foxnews.com/entertainment/taylor-swift-parties-jackson-mahomes-fans-plead-safety-get-out-box"
      },
      {
        "datetime": "2023-10-24T08:01:34Z",
        "uri": "https://web.archive.org/web/20231024080134/https://www.foxnews.com/entertainment/taylor-swift-parties-jackson-mahomes-fans-plead-safety-get-out-box"
      },
      {
        "datetime": "2023-10-24T08:02:48Z",
        "uri": "https://web.archive.org/web/20231024080248/https://www.foxnews.com/entertainment/taylor-swift-parties-jackson-mahomes-fans-plead-safety-get-out-box"
      },
      {
        "datetime": "2023-10-24T17:05:42Z",
        "uri": "https://web.archive.org/web/20231024170542/https://www.foxnews.com/entertainment/taylor-swift-parties-jackson-mahomes-fans-plead-safety-get-out-box"
      },
      {
        "datetime": "2023-10-24T23:24:49Z",
        "uri": "https://web.archive.org/web/20231024232449/https://www.foxnews.com/entertainment/taylor-swift-parties-jackson-mahomes-fans-plead-safety-get-out-box"
      },
      {
        "datetime": "2023-10-25T03:04:06Z",
        "uri": "https://web.archive.org/web/20231025030406/https://www.foxnews.com/entertainment/taylor-swift-parties-jackson-mahomes-fans-plead-safety-get-out-box"
      },
      {
        "datetime": "2023-10-25T03:04:06Z",
        "uri": "https://web.archive.org/web/20231025030406/http://foxnews.com/entertainment/taylor-swift-parties-jackson-mahomes-fans-plead-safety-get-out-box"
      },
      {
        "datetime": "2023-10-25T05:32:23Z",
        "uri": "https://web.archive.org/web/20231025053223/https://www.foxnews.com/entertainment/taylor-swift-parties-jackson-mahomes-fans-plead-safety-get-out-box"
      },
      {
        "datetime": "2023-10-25T19:36:40Z",
        "uri": "https://web.archive.org/web/20231025193640/https://www.foxnews.com/entertainment/taylor-swift-parties-jackson-mahomes-fans-plead-safety-get-out-box"
      },
      {
        "datetime": "2023-10-25T19:36:43Z",
        "uri": "https://web.archive.org/web/20231025193643/https://www.foxnews.com/entertainment/taylor-swift-parties-jackson-mahomes-fans-plead-safety-get-out-box"
      },
      {
        "datetime": "2023-10-26T03:06:49Z",
        "uri": "https://web.archive.org/web/20231026030649/https://www.foxnews.com/entertainment/taylor-swift-parties-jackson-mahomes-fans-plead-safety-get-out-box"
      },
      {
        "datetime": "2023-10-26T03:06:49Z",
        "uri": "https://web.archive.org/web/20231026030649/http://foxnews.com/entertainment/taylor-swift-parties-jackson-mahomes-fans-plead-safety-get-out-box"
      }
    ],
    "first": {
      "datetime": "2023-10-23T04:34:10Z",
      "uri": "https://web.archive.org/web/20231023043410/https://www.foxnews.com/entertainment/taylor-swift-parties-jackson-mahomes-fans-plead-safety-get-out-box"
    },
    "last": {
      "datetime": "2023-10-26T03:06:49Z",
      "uri": "https://web.archive.org/web/20231026030649/http://foxnews.com/entertainment/taylor-swift-parties-jackson-mahomes-fans-plead-safety-get-out-box"
    }
  },
  "timemap_uri": {
    "link_format": "http://localhost:1208/timemap/link/https://www.foxnews.com/entertainment/taylor-swift-parties-jackson-mahomes-fans-plead-safety-get-out-box",
    "json_format": "http://localhost:1208/timemap/json/https://www.foxnews.com/entertainment/taylor-swift-parties-jackson-mahomes-fans-plead-safety-get-out-box",
    "cdxj_format": "http://localhost:1208/timemap/cdxj/https://www.foxnews.com/entertainment/taylor-swift-parties-jackson-mahomes-fans-plead-safety-get-out-box"
  },
  "timegate_uri": "http://localhost:1208/timegate/https://www.foxnews.com/entertainment/taylor-swift-parties-jackson-mahomes-fans-plead-safety-get-out-box"
}
