{
  "original_uri": "https://www.bbc.co.uk/news/av/world-us-canada-67202251",
  "self": "http://localhost:1208/timemap/json/https://www.bbc.co.uk/news/av/world-us-canada-67202251",
  "mementos": {
    "list": [
      {
        "datetime": "2023-10-24T00:01:11Z",
        "uri": "https://web.archive.org/web/20231024000111/https://www.bbc.co.uk/news/av/world-us-canada-67202251"
      },
      {
        "datetime": "2023-10-24T00:12:33Z",
        "uri": "https://web.archive.org/web/20231024001233/https://www.bbc.co.uk/news/av/world-us-canada-67202251"
      },
      {
        "datetime": "2023-10-24T07:20:39Z",
        "uri": "https://web.archive.org/web/20231024072039/https://www.bbc.co.uk/news/av/world-us-canada-67202251"
      }
    ],
    "first": {
      "datetime": "2023-10-24T00:01:11Z",
      "uri": "https://web.archive.org/web/20231024000111/https://www.bbc.co.uk/news/av/world-us-canada-67202251"
    },
    "last": {
      "datetime": "2023-10-24T07:20:39Z",
      "uri": "https://web.archive.org/web/20231024072039/https://www.bbc.co.uk/news/av/world-us-canada-67202251"
    }
  },
  "timemap_uri": {
    "link_format": "http://localhost:1208/timemap/link/https://www.bbc.co.uk/news/av/world-us-canada-67202251",
    "json_format": "http://localhost:1208/timemap/json/https://www.bbc.co.uk/news/av/world-us-canada-67202251",
    "cdxj_format": "http://localhost:1208/timemap/cdxj/https://www.bbc.co.uk/news/av/world-us-canada-67202251"
  },
  "timegate_uri": "http://localhost:1208/timegate/https://www.bbc.co.uk/news/av/world-us-canada-67202251"
}
