{
  "original_uri": "https://hochi.news/articles/20231024-OHT1T51065.html",
  "self": "http://localhost:1208/timemap/json/https://hochi.news/articles/20231024-OHT1T51065.html",
  "mementos": {
    "list": [
      {
        "datetime": "2023-10-24T05:26:38Z",
        "uri": "https://web.archive.org/web/20231024052638/https://hochi.news/articles/20231024-OHT1T51065.html"
      },
      {
        "datetime": "2023-10-24T07:43:53Z",
        "uri": "https://web.archive.org/web/20231024074353/https://hochi.news/articles/20231024-OHT1T51065.html"
      },
      {
        "datetime": "2023-10-24T12:32:49Z",
        "uri": "https://web.archive.org/web/20231024123249/https://hochi.news/articles/20231024-OHT1T51065.html"
      },
      {
        "datetime": "2023-10-24T19:57:56Z",
        "uri": "https://wayback.archive-it.org/all/20231024195756/https://hochi.news/articles/20231024-OHT1T51065.html"
      },
      {
        "datetime": "2023-10-25T01:19:34Z",
        "uri": "https://web.archive.org/web/20231025011934/https://hochi.news/articles/20231024-OHT1T51065.html"
      },
      {
        "datetime": "2023-10-25T02:32:55Z",
        "uri": "http://archive.md/20231025023255/https://hochi.news/articles/20231024-OHT1T51065.html"
      },
      {
        "datetime": "2023-10-25T04:46:21Z",
        "uri": "https://web.archive.org/web/20231025044621/https://hochi.news/articles/20231024-OHT1T51065.html"
      },
      {
        "datetime": "2023-10-25T09:05:21Z",
        "uri": "https://web.archive.org/web/20231025090521/https://hochi.news/articles/20231024-OHT1T51065.html"
      },
      {
        "datetime": "2023-10-25T12:03:05Z",
        "uri": "https://web.archive.org/web/20231025120305/https://hochi.news/articles/20231024-OHT1T51065.html"
      },
      {
        "datetime": "2023-10-25T12:14:47Z",
        "uri": "https://web.archive.org/web/20231025121447/https://hochi.news/articles/20231024-OHT1T51065.html"
      }
    ],
    "first": {
      "datetime": "2023-10-24T05:26:38Z",
      "uri": "https://web.archive.org/web/20231024052638/https://hochi.news/articles/20231024-OHT1T51065.html"
    },
    "last": {
      "datetime": "2023-10-25T12:14:47Z",
      "uri": "https://web.archive.org/web/20231025121447/https://hochi.news/articles/20231024-OHT1T51065.html"
    }
  },
  "timemap_uri": {
    "link_format": "http://localhost:1208/timemap/link/https://hochi.news/articles/20231024-OHT1T51065.html",
    "json_format": "http://localhost:1208/timemap/json/https://hochi.news/articles/20231024-OHT1T51065.html",
    "cdxj_format": "http://localhost:1208/timemap/cdxj/https://hochi.news/articles/20231024-OHT1T51065.html"
  },
  "timegate_uri": "http://localhost:1208/timegate/https://hochi.news/articles/20231024-OHT1T51065.html"
}
