{
  "original_uri": "https://www.breitbart.com/middle-east/2023/10/23/obama-criticizes-israel-over-gaza-dont-harden-palestinian-attitudes-for-generations/",
  "self": "http://localhost:1208/timemap/json/https://www.breitbart.com/middle-east/2023/10/23/obama-criticizes-israel-over-gaza-dont-harden-palestinian-attitudes-for-generations/",
  "mementos": {
    "list": [
      {
        "datetime": "2023-10-23T22:35:06Z",
        "uri": "https://web.archive.org/web/20231023223506/https://www.breitbart.com/middle-east/2023/10/23/obama-criticizes-israel-over-gaza-dont-harden-palestinian-attitudes-for-generations/"
      },
      {
        "datetime": "2023-10-23T23:03:50Z",
        "uri": "https://web.archive.org/web/20231023230350/https://www.breitbart.com/middle-east/2023/10/23/obama-criticizes-israel-over-gaza-dont-harden-palestinian-attitudes-for-generations/"
      },
      {
        "datetime": "2023-10-23T23:06:15Z",
        "uri": "https://web.archive.org/web/20231023230615/http://www.breitbart.com/middle-east/2023/10/23/obama-criticizes-israel-over-gaza-dont-harden-palestinian-attitudes-for-generations/"
      },
      {
        "datetime": "2023-10-23T23:06:24Z",
        "uri": "https://web.archive.org/web/20231023230624/https://www.breitbart.com/middle-east/2023/10/23/obama-criticizes-israel-over-gaza-dont-harden-palestinian-attitudes-for-generations/"
      },
      {
        "datetime": "2023-10-24T01:49:06Z",
        "uri": "https://web.archive.org/web/20231024014906/https://www.breitbart.com/middle-east/2023/10/23/obama-criticizes-israel-over-gaza-dont-harden-palestinian-attitudes-for-generations/"
      },
      {
        "datetime": "2023-10-24T04:24:20Z",
        "uri": "https://web.archive.org/web/20231024042420/https://www.breitbart.com/middle-east/2023/10/23/obama-criticizes-israel-over-gaza-dont-harden-palestinian-attitudes-for-generations/"
      },
      {
        "datetime": "2023-10-24T05:37:27Z",
        "uri": "https://web.archive.org/web/20231024053727/https://www.breitbart.com/middle-east/2023/10/23/obama-criticizes-israel-over-gaza-dont-harden-palestinian-attitudes-for-generations/"
      },
      {
        "datetime": "2023-10-24T06:41:47Z",
        "uri": "https://web.archive.org/web/20231024064147/https://www.breitbart.com/middle-east/2023/10/23/obama-criticizes-israel-over-gaza-dont-harden-palestinian-attitudes-for-generations/"
      },
      {
        "datetime": "2023-10-24T07:05:38Z",
        "uri": "https://web.archive.org/web/20231024070538/https://www.breitbart.com/middle-east/2023/10/23/obama-criticizes-israel-over-gaza-dont-harden-palestinian-attitudes-for-generations/"
      },
      {
        "datetime": "2023-10-24T16:25:59Z",
        "uri": "http://archive.md/20231024162559/https://www.breitbart.com/middle-east/2023/10/23/obama-criticizes-israel-over-gaza-dont-harden-palestinian-attitudes-for-generations/"
      },
      {
        "datetime": "2023-10-24T23:07:44Z",
        "uri": "https://web.archive.org/web/20231024230744/https://www.breitbart.com/middle-east/2023/10/23/obama-criticizes-israel-over-gaza-dont-harden-palestinian-attitudes-for-generations/"
      },
      {
        "datetime": "2023-10-25T04:12:31Z",
        "uri": "https://web.archive.org/web/20231025041231/https://www.breitbart.com/middle-east/2023/10/23/obama-criticizes-israel-over-gaza-dont-harden-palestinian-attitudes-for-generations/"
      },
      {
        "datetime": "2023-10-25T05:22:53Z",
        "uri": "https://web.archive.org/web/20231025052253/https://www.breitbart.com/middle-east/2023/10/23/obama-criticizes-israel-over-gaza-dont-harden-palestinian-attitudes-for-generations/"
      },
      {
        "datetime": "2023-10-25T07:59:06Z",
        "uri": "https://web.archive.org/web/20231025075906/https://www.breitbart.com/middle-east/2023/10/23/obama-criticizes-israel-over-gaza-dont-harden-palestinian-attitudes-for-generations/"
      },
      {
        "datetime": "2023-10-25T08:00:01Z",
        "uri": "https://web.archive.org/web/20231025080001/https://www.breitbart.com/middle-east/2023/10/23/obama-criticizes-israel-over-gaza-dont-harden-palestinian-attitudes-for-generations/"
      },
      {
        "datetime": "2023-10-25T08:05:49Z",
        "uri": "https://web.archive.org/web/20231025080549/https://www.breitbart.com/middle-east/2023/10/23/obama-criticizes-israel-over-gaza-dont-harden-palestinian-attitudes-for-generations/"
      },
      {
        "datetime": "2023-10-25T08:29:30Z",
        "uri": "https://web.archive.org/web/20231025082930/https://www.breitbart.com/middle-east/2023/10/23/obama-criticizes-israel-over-gaza-dont-harden-palestinian-attitudes-for-generations/"
      },
      {
        "datetime": "2023-10-25T16:57:43Z",
        "uri": "https://web.archive.org/web/20231025165743/https://www.breitbart.com/middle-east/2023/10/23/obama-criticizes-israel-over-gaza-dont-harden-palestinian-attitudes-for-generations/"
      },
      {
        "datetime": "2023-10-25T18:46:06Z",
        "uri": "https://web.archive.org/web/20231025184606/https://www.breitbart.com/middle-east/2023/10/23/obama-criticizes-israel-over-gaza-dont-harden-palestinian-attitudes-for-generations/"
      },
      {
        "datetime": "2023-10-25T21:20:09Z",
        "uri": "https://web.archive.org/web/20231025212009/https://www.breitbart.com/middle-east/2023/10/23/obama-criticizes-israel-over-gaza-dont-harden-palestinian-attitudes-for-generations/"
      }
    ],
    "first": {
      "datetime": "2023-10-23T22:35:06Z",
      "uri": "https://web.archive.org/web/20231023223506/https://www.breitbart.com/middle-east/2023/10/23/obama-criticizes-israel-over-gaza-dont-harden-palestinian-attitudes-for-generations/"
    },
    "last": {
      "datetime": "2023-10-25T21:20:09Z",
      "uri": "https://web.archive.org/web/20231025212009/https://www.breitbart.com/middle-east/2023/10/23/obama-criticizes-israel-over-gaza-dont-harden-palestinian-attitudes-for-generations/"
    }
  },
  "timemap_uri": {
    "link_format": "http://localhost:1208/timemap/link/https://www.breitbart.com/middle-east/2023/10/23/obama-criticizes-israel-over-gaza-dont-harden-palestinian-attitudes-for-generations/",
    "json_format": "http://localhost:1208/timemap/json/https://www.breitbart.com/middle-east/2023/10/23/obama-criticizes-israel-over-gaza-dont-harden-palestinian-attitudes-for-generations/",
    "cdxj_format": "http://localhost:1208/timemap/cdxj/https://www.breitbart.com/middle-east/2023/10/23/obama-criticizes-israel-over-gaza-dont-harden-palestinian-attitudes-for-generations/"
  },
  "timegate_uri": "http://localhost:1208/timegate/https://www.breitbart.com/middle-east/2023/10/23/obama-criticizes-israel-over-gaza-dont-harden-palestinian-attitudes-for-generations/"
}
