{
  "original_uri": "https://www.malaysiakini.com/news/683979",
  "self": "http://localhost:1208/timemap/json/https://www.malaysiakini.com/news/683979",
  "mementos": {
    "list": [
      {
        "datetime": "2023-10-24T13:38:47Z",
        "uri": "https://web.archive.org/web/20231024133847/https://www.malaysiakini.com/news/683979"
      },
      {
        "datetime": "2023-10-25T02:32:02Z",
        "uri": "https://web.archive.org/web/20231025023202/https://www.malaysiakini.com/news/683979"
      },
      {
        "datetime": "2023-10-25T02:54:08Z",
        "uri": "https://web.archive.org/web/20231025025408/https://www.malaysiakini.com/news/683979"
      },
      {
        "datetime": "2023-10-25T03:40:47Z",
        "uri": "https://web.archive.org/web/20231025034047/https://www.malaysiakini.com/news/683979"
      },
      {
        "datetime": "2023-10-25T04:45:50Z",
        "uri": "https://web.archive.org/web/20231025044550/https://www.malaysiakini.com/news/683979"
      },
      {
        "datetime": "2023-10-25T05:13:56Z",
        "uri": "https://web.archive.org/web/20231025051356/https://www.malaysiakini.com/news/683979"
      },
      {
        "datetime": "2023-10-25T05:29:33Z",
        "uri": "https://web.archive.org/web/20231025052933/https://www.malaysiakini.com/news/683979"
      },
      {
        "datetime": "2023-10-25T05:56:08Z",
        "uri": "https://web.archive.org/web/20231025055608/https://www.malaysiakini.com/news/683979"
      },
      {
        "datetime": "2023-10-25T08:14:12Z",
        "uri": "https://web.archive.org/web/20231025081412/https://www.malaysiakini.com/news/683979"
      },
      {
        "datetime": "2023-10-25T08:16:42Z",
        "uri": "https://web.archive.org/web/20231025081642/https://www.malaysiakini.com/news/683979"
      },
      {
        "datetime": "2023-10-25T08:16:43Z",
        "uri": "https://web.archive.org/web/20231025081643/https://www.malaysiakini.com/news/683979"
      },
      {
        "datetime": "2023-10-25T16:09:59Z",
        "uri": "https://web.archive.org/web/20231025160959/https://www.malaysiakini.com/news/683979"
      }
    ],
    "first": {
      "datetime": "2023-10-24T13:38:47Z",
      "uri": "https://web.archive.org/web/20231024133847/https://www.malaysiakini.com/news/683979"
    },
    "last": {
      "datetime": "2023-10-25T16:09:59Z",
      "uri": "https://web.archive.org/web/20231025160959/https://www.malaysiakini.com/news/683979"
    }
  },
  "timemap_uri": {
    "link_format": "http://localhost:1208/timemap/link/https://www.malaysiakini.com/news/683979",
    "json_format": "http://localhost:1208/timemap/json/https://www.malaysiakini.com/news/683979",
    "cdxj_format": "http://localhost:1208/timemap/cdxj/https://www.malaysiakini.com/news/683979"
  },
  "timegate_uri": "http://localhost:1208/timegate/https://www.malaysiakini.com/news/683979"
}
