{
  "original_uri": "https://spectrumnews1.com/ca/la-west/politics/2023/03/29/jonathan-hatami-announces-campaign-for-2024-la-district-attorney-race",
  "self": "http://localhost:1208/timemap/json/https://spectrumnews1.com/ca/la-west/politics/2023/03/29/jonathan-hatami-announces-campaign-for-2024-la-district-attorney-race",
  "mementos": {
    "list": [
      {
        "datetime": "2023-04-03T17:42:49Z",
        "uri": "https://web.archive.org/web/20230403174249/https://spectrumnews1.com/ca/la-west/politics/2023/03/29/jonathan-hatami-announces-campaign-for-2024-la-district-attorney-race"
      },
      {
        "datetime": "2023-04-03T17:57:55Z",
        "uri": "https://web.archive.org/web/20230403175755/https://spectrumnews1.com/ca/la-west/politics/2023/03/29/jonathan-hatami-announces-campaign-for-2024-la-district-attorney-race"
      }
    ],
    "first": {
      "datetime": "2023-04-03T17:42:49Z",
      "uri": "https://web.archive.org/web/20230403174249/https://spectrumnews1.com/ca/la-west/politics/2023/03/29/jonathan-hatami-announces-campaign-for-2024-la-district-attorney-race"
    },
    "last": {
      "datetime": "2023-04-03T17:57:55Z",
      "uri": "https://web.archive.org/web/20230403175755/https://spectrumnews1.com/ca/la-west/politics/2023/03/29/jonathan-hatami-announces-campaign-for-2024-la-district-attorney-race"
    }
  },
  "timemap_uri": {
    "link_format": "http://localhost:1208/timemap/link/https://spectrumnews1.com/ca/la-west/politics/2023/03/29/jonathan-hatami-announces-campaign-for-2024-la-district-attorney-race",
    "json_format": "http://localhost:1208/timemap/json/https://spectrumnews1.com/ca/la-west/politics/2023/03/29/jonathan-hatami-announces-campaign-for-2024-la-district-attorney-race",
    "cdxj_format": "http://localhost:1208/timemap/cdxj/https://spectrumnews1.com/ca/la-west/politics/2023/03/29/jonathan-hatami-announces-campaign-for-2024-la-district-attorney-race"
  },
  "timegate_uri": "http://localhost:1208/timegate/https://spectrumnews1.com/ca/la-west/politics/2023/03/29/jonathan-hatami-announces-campaign-for-2024-la-district-attorney-race"
}
