{
  "original_uri": "https://people.com/taylor-swift-kisses-travis-kelce-cheek-after-chiefs-chargers-game-8369203",
  "self": "http://localhost:1208/timemap/json/https://people.com/taylor-swift-kisses-travis-kelce-cheek-after-chiefs-chargers-game-8369203",
  "mementos": {
    "list": [
      {
        "datetime": "2023-10-23T19:40:02Z",
        "uri": "https://web.archive.org/web/20231023194002/https://people.com/taylor-swift-kisses-travis-kelce-cheek-after-chiefs-chargers-game-8369203"
      },
      {
        "datetime": "2023-10-23T23:19:11Z",
        "uri": "https://web.archive.org/web/20231023231911/https://people.com/taylor-swift-kisses-travis-kelce-cheek-after-chiefs-chargers-game-8369203"
      },
      {
        "datetime": "2023-10-23T23:25:28Z",
        "uri": "https://web.archive.org/web/20231023232528/https://people.com/taylor-swift-kisses-travis-kelce-cheek-after-chiefs-chargers-game-8369203"
      },
      {
        "datetime": "2023-10-24T06:39:03Z",
        "uri": "https://web.archive.org/web/20231024063903/https://people.com/taylor-swift-kisses-travis-kelce-cheek-after-chiefs-chargers-game-8369203"
      },
      {
        "datetime": "2023-10-24T14:10:21Z",
        "uri": "https://web.archive.org/web/20231024141021/https://people.com/taylor-swift-kisses-travis-kelce-cheek-after-chiefs-chargers-game-8369203"
      },
      {
        "datetime": "2023-10-25T14:55:57Z",
        "uri": "https://web.archive.org/web/20231025145557/https://people.com/taylor-swift-kisses-travis-kelce-cheek-after-chiefs-chargers-game-8369203"
      },
      {
        "datetime": "2023-10-25T19:22:50Z",
        "uri": "https://web.archive.org/web/20231025192250/https://people.com/taylor-swift-kisses-travis-kelce-cheek-after-chiefs-chargers-game-8369203"
      }
    ],
    "first": {
      "datetime": "2023-10-23T19:40:02Z",
      "uri": "https://web.archive.org/web/20231023194002/https://people.com/taylor-swift-kisses-travis-kelce-cheek-after-chiefs-chargers-game-8369203"
    },
    "last": {
      "datetime": "2023-10-25T19:22:50Z",
      "uri": "https://web.archive.org/web/20231025192250/https://people.com/taylor-swift-kisses-travis-kelce-cheek-after-chiefs-chargers-game-8369203"
    }
  },
  "timemap_uri": {
    "link_format": "http://localhost:1208/timemap/link/https://people.com/taylor-swift-kisses-travis-kelce-cheek-after-chiefs-chargers-game-8369203",
    "json_format": "http://localhost:1208/timemap/json/https://people.com/taylor-swift-kisses-travis-kelce-cheek-after-chiefs-chargers-game-8369203",
    "cdxj_format": "http://localhost:1208/timemap/cdxj/https://people.com/taylor-swift-kisses-travis-kelce-cheek-after-chiefs-chargers-game-8369203"
  },
  "timegate_uri": "http://localhost:1208/timegate/https://people.com/taylor-swift-kisses-travis-kelce-cheek-after-chiefs-chargers-game-8369203"
}
