{
  "original_uri": "https://www.abc.net.au/news/2023-10-24/leeanne-enoch-queensland-treaty-challenge-after-voice/103012316",
  "self": "http://localhost:1208/timemap/json/https://www.abc.net.au/news/2023-10-24/leeanne-enoch-queensland-treaty-challenge-after-voice/103012316",
  "mementos": {
    "list": [
      {
        "datetime": "2023-10-23T22:58:51Z",
        "uri": "https://web.archive.org/web/20231023225851/https://www.abc.net.au/news/2023-10-24/leeanne-enoch-queensland-treaty-challenge-after-voice/103012316"
      },
      {
        "datetime": "2023-10-23T23:05:27Z",
        "uri": "https://web.archive.org/web/20231023230527/https://www.abc.net.au/news/2023-10-24/leeanne-enoch-queensland-treaty-challenge-after-voice/103012316"
      },
      {
        "datetime": "2023-10-23T23:45:24Z",
        "uri": "https://web.archive.org/web/20231023234524/https://www.abc.net.au/news/2023-10-24/leeanne-enoch-queensland-treaty-challenge-after-voice/103012316"
      },
      {
        "datetime": "2023-10-24T01:11:02Z",
        "uri": "https://web.archive.org/web/20231024011102/https://www.abc.net.au/news/2023-10-24/leeanne-enoch-queensland-treaty-challenge-after-voice/103012316"
      },
      {
        "datetime": "2023-10-24T02:15:36Z",
        "uri": "https://web.archive.org/web/20231024021536/https://www.abc.net.au/news/2023-10-24/leeanne-enoch-queensland-treaty-challenge-after-voice/103012316"
      },
      {
        "datetime": "2023-10-24T03:05:54Z",
        "uri": "https://web.archive.org/web/20231024030554/https://www.abc.net.au/news/2023-10-24/leeanne-enoch-queensland-treaty-challenge-after-voice/103012316"
      },
      {
        "datetime": "2023-10-24T05:02:54Z",
        "uri": "https://web.archive.org.au/awa/20231024050254mp_/https://www.abc.net.au/news/2023-10-24/leeanne-enoch-queensland-treaty-challenge-after-voice/103012316"
      },
      {
        "datetime": "2023-10-24T05:43:31Z",
        "uri": "https://web.archive.org.au/awa/20231024054331mp_/https://www.abc.net.au/news/2023-10-24/leeanne-enoch-queensland-treaty-challenge-after-voice/103012316"
      },
      {
        "datetime": "2023-10-24T06:41:12Z",
        "uri": "https://web.archive.org/web/20231024064112/https://www.abc.net.au/news/2023-10-24/leeanne-enoch-queensland-treaty-challenge-after-voice/103012316"
      },
      {
        "datetime": "2023-10-24T06:41:15Z",
        "uri": "https://web.archive.org/web/20231024064115/https://www.abc.net.au/news/2023-10-24/leeanne-enoch-queensland-treaty-challenge-after-voice/103012316"
      },
      {
        "datetime": "2023-10-24T06:41:28Z",
        "uri": "https://web.archive.org/web/20231024064128/https://www.abc.net.au/news/2023-10-24/leeanne-enoch-queensland-treaty-challenge-after-voice/103012316"
      },
      {
        "datetime": "2023-10-24T06:44:54Z",
        "uri": "https://web.archive.org/web/20231024064454/https://www.abc.net.au/news/2023-10-24/leeanne-enoch-queensland-treaty-challenge-after-voice/103012316"
      },
      {
        "datetime": "2023-10-24T06:44:59Z",
        "uri": "https://web.archive.org/web/20231024064459/https://www.abc.net.au/news/2023-10-24/leeanne-enoch-queensland-treaty-challenge-after-voice/103012316"
      },
      {
        "datetime": "2023-10-24T06:45:04Z",
        "uri": "https://web.archive.org/web/20231024064504/https://www.abc.net.au/news/2023-10-24/leeanne-enoch-queensland-treaty-challenge-after-voice/103012316"
      },
      {
        "datetime": "2023-10-24T06:46:29Z",
        "uri": "https://web.archive.org/web/20231024064629/https://www.abc.net.au/news/2023-10-24/leeanne-enoch-queensland-treaty-challenge-after-voice/103012316"
      },
      {
        "datetime": "2023-10-24T06:46:34Z",
        "uri": "https://web.archive.org/web/20231024064634/https://www.abc.net.au/news/2023-10-24/leeanne-enoch-queensland-treaty-challenge-after-voice/103012316"
      },
      {
        "datetime": "2023-10-24T06:47:36Z",
        "uri": "https://web.archive.org/web/20231024064736/https://www.abc.net.au/news/2023-10-24/leeanne-enoch-queensland-treaty-challenge-after-voice/103012316"
      },
      {
        "datetime": "2023-10-24T08:04:58Z",
        "uri": "https://web.archive.org/web/20231024080458/https://www.abc.net.au/news/2023-10-24/leeanne-enoch-queensland-treaty-challenge-after-voice/103012316"
      },
      {
        "datetime": "2023-10-24T11:50:57Z",
        "uri": "https://web.archive.org/web/20231024115057/https://www.abc.net.au/news/2023-10-24/leeanne-enoch-queensland-treaty-challenge-after-voice/103012316"
      },
      {
        "datetime": "2023-10-24T11:51:03Z",
        "uri": "https://web.archive.org/web/20231024115103/https://www.abc.net.au/news/2023-10-24/leeanne-enoch-queensland-treaty-challenge-after-voice/103012316"
      },
      {
        "datetime": "2023-10-24T11:51:05Z",
        "uri": "https://web.archive.org/web/20231024115105/https://www.abc.net.au/news/2023-10-24/leeanne-enoch-queensland-treaty-challenge-after-voice/103012316"
      },
      {
        "datetime": "2023-10-24T12:11:06Z",
        "uri": "https://web.archive.org/web/20231024121106/https://www.abc.net.au/news/2023-10-24/leeanne-enoch-queensland-treaty-challenge-after-voice/103012316"
      },
      {
        "datetime": "2023-10-24T15:22:06Z",
        "uri": "https://web.archive.org/web/20231024152206/https://www.abc.net.au/news/2023-10-24/leeanne-enoch-queensland-treaty-challenge-after-voice/103012316"
      },
      {
        "datetime": "2023-10-24T15:22:11Z",
        "uri": "https://web.archive.org/web/20231024152211/https://www.abc.net.au/news/2023-10-24/leeanne-enoch-queensland-treaty-challenge-after-voice/103012316"
      },
      {
        "datetime": "2023-10-24T17:13:06Z",
        "uri": "https://web.archive.org/web/20231024171306/https://www.abc.net.au/news/2023-10-24/leeanne-enoch-queensland-treaty-challenge-after-voice/103012316"
      },
      {
        "datetime": "2023-10-24T21:54:34Z",
        "uri": "https://web.archive.org/web/20231024215434/https://www.abc.net.au/news/2023-10-24/leeanne-enoch-queensland-treaty-challenge-after-voice/103012316"
      },
      {
        "datetime": "2023-10-25T04:04:11Z",
        "uri": "https://web.archive.org/web/20231025040411/https://www.abc.net.au/news/2023-10-24/leeanne-enoch-queensland-treaty-challenge-after-voice/103012316"
      },
      {
        "datetime": "2023-10-25T05:03:00Z",
        "uri": "https://web.archive.org.au/awa/20231025050300mp_/https://www.abc.net.au/news/2023-10-24/leeanne-enoch-queensland-treaty-challenge-after-voice/103012316"
      },
      {
        "datetime": "2023-10-25T07:58:53Z",
        "uri": "https://web.archive.org/web/20231025075853/https://www.abc.net.au/news/2023-10-24/leeanne-enoch-queensland-treaty-challenge-after-voice/103012316"
      },
      {
        "datetime": "2023-10-25T14:51:14Z",
        "uri": "https://web.archive.org/web/20231025145114/https://www.abc.net.au/news/2023-10-24/leeanne-enoch-queensland-treaty-challenge-after-voice/103012316"
      },
      {
        "datetime": "2023-10-25T17:35:03Z",
        "uri": "https://web.archive.org/web/20231025173503/https://www.abc.net.au/news/2023-10-24/leeanne-enoch-queensland-treaty-challenge-after-voice/103012316"
      },
      {
        "datetime": "2023-10-25T17:35:07Z",
        "uri": "https://web.archive.org/web/20231025173507/https://www.abc.net.au/news/2023-10-24/leeanne-enoch-queensland-treaty-challenge-after-voice/103012316"
      },
      {
        "datetime": "2023-10-25T17:40:17Z",
        "uri": "https://web.archive.org/web/20231025174017/https://www.abc.net.au/news/2023-10-24/leeanne-enoch-queensland-treaty-challenge-after-voice/103012316"
      },
      {
        "datetime": "2023-10-26T04:46:08Z",
        "uri": "https://web.archive.org/web/20231026044608/https://www.abc.net.au/news/2023-10-24/leeanne-enoch-queensland-treaty-challenge-after-voice/103012316"
      },
      {
        "datetime": "2023-10-26T05:02:53Z",
        "uri": "https://web.archive.org.au/awa/20231026050253mp_/https://www.abc.net.au/news/2023-10-24/leeanne-enoch-queensland-treaty-challenge-after-voice/103012316"
      }
    ],
    "first": {
      "datetime": "2023-10-23T22:58:51Z",
      "uri": "https://web.archive.org/web/20231023225851/https://www.abc.net.au/news/2023-10-24/leeanne-enoch-queensland-treaty-challenge-after-voice/103012316"
    },
    "last": {
      "datetime": "2023-10-26T05:02:53Z",
      "uri": "https://web.archive.org.au/awa/20231026050253mp_/https://www.abc.net.au/news/2023-10-24/leeanne-enoch-queensland-treaty-challenge-after-voice/103012316"
    }
  },
  "timemap_uri": {
    "link_format": "http://localhost:1208/timemap/link/https://www.abc.net.au/news/2023-10-24/leeanne-enoch-queensland-treaty-challenge-after-voice/103012316",
    "json_format": "http://localhost:1208/timemap/json/https://www.abc.net.au/news/2023-10-24/leeanne-enoch-queensland-treaty-challenge-after-voice/103012316",
    "cdxj_format": "http://localhost:1208/timemap/cdxj/https://www.abc.net.au/news/2023-10-24/leeanne-enoch-queensland-treaty-challenge-after-voice/103012316"
  },
  "timegate_uri": "http://localhost:1208/timegate/https://www.abc.net.au/news/2023-10-24/leeanne-enoch-queensland-treaty-challenge-after-voice/103012316"
}
