{
  "original_uri": "https://speedinews.com/2023/10/24/rihanna-planning-a-lot-for-2024-global-tour-and-more/",
  "self": "http://localhost:1208/timemap/json/https://speedinews.com/2023/10/24/rihanna-planning-a-lot-for-2024-global-tour-and-more/",
  "mementos": {
    "list": [
      {
        "datetime": "2023-10-24T16:31:03Z",
        "uri": "https://web.archive.org/web/20231024163103/https://speedinews.com/2023/10/24/rihanna-planning-a-lot-for-2024-global-tour-and-more/"
      }
    ],
    "first": {
      "datetime": "2023-10-24T16:31:03Z",
      "uri": "https://web.archive.org/web/20231024163103/https://speedinews.com/2023/10/24/rihanna-planning-a-lot-for-2024-global-tour-and-more/"
    },
    "last": {
      "datetime": "2023-10-24T16:31:03Z",
      "uri": "https://web.archive.org/web/20231024163103/https://speedinews.com/2023/10/24/rihanna-planning-a-lot-for-2024-global-tour-and-more/"
    }
  },
  "timemap_uri": {
    "link_format": "http://localhost:1208/timemap/link/https://speedinews.com/2023/10/24/rihanna-planning-a-lot-for-2024-global-tour-and-more/",
    "json_format": "http://localhost:1208/timemap/json/https://speedinews.com/2023/10/24/rihanna-planning-a-lot-for-2024-global-tour-and-more/",
    "cdxj_format": "http://localhost:1208/timemap/cdxj/https://speedinews.com/2023/10/24/rihanna-planning-a-lot-for-2024-global-tour-and-more/"
  },
  "timegate_uri": "http://localhost:1208/timegate/https://speedinews.com/2023/10/24/rihanna-planning-a-lot-for-2024-global-tour-and-more/"
}
