{
  "original_uri": "https://www.today.it/mondo/gas-tesoro-nascosto-gaza.html",
  "self": "http://localhost:1208/timemap/json/https://www.today.it/mondo/gas-tesoro-nascosto-gaza.html",
  "mementos": {
    "list": [
      {
        "datetime": "2023-10-22T04:38:26Z",
        "uri": "https://web.archive.org/web/20231022043826/https://www.today.it/mondo/gas-tesoro-nascosto-gaza.html"
      },
      {
        "datetime": "2023-10-22T06:11:02Z",
        "uri": "https://web.archive.org/web/20231022061102/http://www.today.it/mondo/gas-tesoro-nascosto-gaza.html"
      },
      {
        "datetime": "2023-10-25T03:11:50Z",
        "uri": "https://web.archive.org/web/20231025031150/https://www.today.it/mondo/gas-tesoro-nascosto-gaza.html"
      },
      {
        "datetime": "2023-10-25T08:29:06Z",
        "uri": "http://archive.md/20231025082906/https://www.today.it/mondo/gas-tesoro-nascosto-gaza.html"
      }
    ],
    "first": {
      "datetime": "2023-10-22T04:38:26Z",
      "uri": "https://web.archive.org/web/20231022043826/https://www.today.it/mondo/gas-tesoro-nascosto-gaza.html"
    },
    "last": {
      "datetime": "2023-10-25T08:29:06Z",
      "uri": "http://archive.md/20231025082906/https://www.today.it/mondo/gas-tesoro-nascosto-gaza.html"
    }
  },
  "timemap_uri": {
    "link_format": "http://localhost:1208/timemap/link/https://www.today.it/mondo/gas-tesoro-nascosto-gaza.html",
    "json_format": "http://localhost:1208/timemap/json/https://www.today.it/mondo/gas-tesoro-nascosto-gaza.html",
    "cdxj_format": "http://localhost:1208/timemap/cdxj/https://www.today.it/mondo/gas-tesoro-nascosto-gaza.html"
  },
  "timegate_uri": "http://localhost:1208/timegate/https://www.today.it/mondo/gas-tesoro-nascosto-gaza.html"
}
