{
  "original_uri": "https://musingsoniraq.blogspot.com/p/pm-kazemi-2020-present.html",
  "self": "http://localhost:1208/timemap/json/https://musingsoniraq.blogspot.com/p/pm-kazemi-2020-present.html",
  "mementos": {
    "list": [
      {
        "datetime": "2020-10-29T20:50:16Z",
        "uri": "https://web.archive.org/web/20201029205016/https://musingsoniraq.blogspot.com/p/pm-kazemi-2020-present.html"
      },
      {
        "datetime": "2021-01-18T07:45:40Z",
        "uri": "https://web.archive.org/web/20210118074540/https://musingsoniraq.blogspot.com/p/pm-kazemi-2020-present.html"
      },
      {
        "datetime": "2021-04-09T18:10:16Z",
        "uri": "https://web.archive.org/web/20210409181016/https://musingsoniraq.blogspot.com/p/pm-kazemi-2020-present.html"
      },
      {
        "datetime": "2021-06-25T04:07:46Z",
        "uri": "https://web.archive.org/web/20210625040746/https://musingsoniraq.blogspot.com/p/pm-kazemi-2020-present.html"
      },
      {
        "datetime": "2021-07-09T02:13:18Z",
        "uri": "https://web.archive.org/web/20210709021318/http://musingsoniraq.blogspot.com/p/pm-kazemi-2020-present.html"
      },
      {
        "datetime": "2022-03-22T01:24:39Z",
        "uri": "https://web.archive.org/web/20220322012439/https://musingsoniraq.blogspot.com/p/pm-kazemi-2020-present.html"
      },
      {
        "datetime": "2022-03-22T01:24:40Z",
        "uri": "https://web.archive.org/web/20220322012440/https://musingsoniraq.blogspot.com/p/pm-kazemi-2020-present.html"
      },
      {
        "datetime": "2022-03-22T01:24:53Z",
        "uri": "https://web.archive.org/web/20220322012453/http://musingsoniraq.blogspot.com/p/pm-kazemi-2020-present.html"
      },
      {
        "datetime": "2023-03-08T02:19:41Z",
        "uri": "https://web.archive.org/web/20230308021941/https://musingsoniraq.blogspot.com/p/pm-kazemi-2020-present.html"
      }
    ],
    "first": {
      "datetime": "2020-10-29T20:50:16Z",
      "uri": "https://web.archive.org/web/20201029205016/https://musingsoniraq.blogspot.com/p/pm-kazemi-2020-present.html"
    },
    "last": {
      "datetime": "2023-03-08T02:19:41Z",
      "uri": "https://web.archive.org/web/20230308021941/https://musingsoniraq.blogspot.com/p/pm-kazemi-2020-present.html"
    }
  },
  "timemap_uri": {
    "link_format": "http://localhost:1208/timemap/link/https://musingsoniraq.blogspot.com/p/pm-kazemi-2020-present.html",
    "json_format": "http://localhost:1208/timemap/json/https://musingsoniraq.blogspot.com/p/pm-kazemi-2020-present.html",
    "cdxj_format": "http://localhost:1208/timemap/cdxj/https://musingsoniraq.blogspot.com/p/pm-kazemi-2020-present.html"
  },
  "timegate_uri": "http://localhost:1208/timegate/https://musingsoniraq.blogspot.com/p/pm-kazemi-2020-present.html"
}
