{
  "original_uri": "https://www.sciencenatures.com/2022/08/trophy-hunter-who-targeted-elephants.html",
  "self": "http://localhost:1208/timemap/json/https://www.sciencenatures.com/2022/08/trophy-hunter-who-targeted-elephants.html",
  "mementos": {
    "list": [
      {
        "datetime": "2022-12-19T22:21:44Z",
        "uri": "https://web.archive.org/web/20221219222144/https://www.sciencenatures.com/2022/08/trophy-hunter-who-targeted-elephants.html"
      },
      {
        "datetime": "2023-04-18T07:30:58Z",
        "uri": "https://web.archive.org/web/20230418073058/http://www.sciencenatures.com/2022/08/trophy-hunter-who-targeted-elephants.html"
      },
      {
        "datetime": "2023-04-18T07:32:14Z",
        "uri": "https://web.archive.org/web/20230418073214/https://www.sciencenatures.com/2022/08/trophy-hunter-who-targeted-elephants.html"
      },
      {
        "datetime": "2023-05-16T00:31:56Z",
        "uri": "https://web.archive.org/web/20230516003156/https://www.sciencenatures.com/2022/08/trophy-hunter-who-targeted-elephants.html"
      }
    ],
    "first": {
      "datetime": "2022-12-19T22:21:44Z",
      "uri": "https://web.archive.org/web/20221219222144/https://www.sciencenatures.com/2022/08/trophy-hunter-who-targeted-elephants.html"
    },
    "last": {
      "datetime": "2023-05-16T00:31:56Z",
      "uri": "https://web.archive.org/web/20230516003156/https://www.sciencenatures.com/2022/08/trophy-hunter-who-targeted-elephants.html"
    }
  },
  "timemap_uri": {
    "link_format": "http://localhost:1208/timemap/link/https://www.sciencenatures.com/2022/08/trophy-hunter-who-targeted-elephants.html",
    "json_format": "http://localhost:1208/timemap/json/https://www.sciencenatures.com/2022/08/trophy-hunter-who-targeted-elephants.html",
    "cdxj_format": "http://localhost:1208/timemap/cdxj/https://www.sciencenatures.com/2022/08/trophy-hunter-who-targeted-elephants.html"
  },
  "timegate_uri": "http://localhost:1208/timegate/https://www.sciencenatures.com/2022/08/trophy-hunter-who-targeted-elephants.html"
}
