{
  "original_uri": "https://news.un.org/en/story/2023/10/1142687",
  "self": "http://localhost:1208/timemap/json/https://news.un.org/en/story/2023/10/1142687",
  "mementos": {
    "list": [
      {
        "datetime": "2023-10-23T11:50:57Z",
        "uri": "https://web.archive.org/web/20231023115057/https://news.un.org/en/story/2023/10/1142687"
      },
      {
        "datetime": "2023-10-23T13:39:08Z",
        "uri": "https://web.archive.org/web/20231023133908/https://news.un.org/en/story/2023/10/1142687"
      },
      {
        "datetime": "2023-10-23T15:22:51Z",
        "uri": "https://web.archive.org/web/20231023152251/https://news.un.org/en/story/2023/10/1142687"
      },
      {
        "datetime": "2023-10-23T15:37:46Z",
        "uri": "https://web.archive.org/web/20231023153746/https://news.un.org/en/story/2023/10/1142687"
      },
      {
        "datetime": "2023-10-23T16:48:36Z",
        "uri": "http://archive.md/20231023164836/https://news.un.org/en/story/2023/10/1142687"
      },
      {
        "datetime": "2023-10-23T19:49:04Z",
        "uri": "https://web.archive.org/web/20231023194904/https://news.un.org/en/story/2023/10/1142687"
      },
      {
        "datetime": "2023-10-23T19:54:36Z",
        "uri": "https://web.archive.org/web/20231023195436/https://news.un.org/en/story/2023/10/1142687"
      },
      {
        "datetime": "2023-10-23T20:21:39Z",
        "uri": "https://web.archive.org/web/20231023202139/https://news.un.org/en/story/2023/10/1142687"
      },
      {
        "datetime": "2023-10-23T20:52:07Z",
        "uri": "https://web.archive.org/web/20231023205207/https://news.un.org/en/story/2023/10/1142687"
      },
      {
        "datetime": "2023-10-23T21:07:43Z",
        "uri": "https://web.archive.org/web/20231023210743/https://news.un.org/en/story/2023/10/1142687"
      },
      {
        "datetime": "2023-10-23T21:51:10Z",
        "uri": "https://web.archive.org/web/20231023215110/https://news.un.org/en/story/2023/10/1142687"
      },
      {
        "datetime": "2023-10-23T22:06:43Z",
        "uri": "https://web.archive.org/web/20231023220643/https://news.un.org/en/story/2023/10/1142687"
      },
      {
        "datetime": "2023-10-23T22:09:49Z",
        "uri": "https://web.archive.org/web/20231023220949/https://news.un.org/en/story/2023/10/1142687"
      },
      {
        "datetime": "2023-10-23T22:22:37Z",
        "uri": "https://web.archive.org/web/20231023222237/https://news.un.org/en/story/2023/10/1142687"
      },
      {
        "datetime": "2023-10-23T22:37:17Z",
        "uri": "https://web.archive.org/web/20231023223717/https://news.un.org/en/story/2023/10/1142687"
      },
      {
        "datetime": "2023-10-24T00:21:41Z",
        "uri": "https://web.archive.org/web/20231024002141/https://news.un.org/en/story/2023/10/1142687"
      },
      {
        "datetime": "2023-10-24T01:38:50Z",
        "uri": "https://web.archive.org/web/20231024013850/https://news.un.org/en/story/2023/10/1142687"
      },
      {
        "datetime": "2023-10-24T02:04:07Z",
        "uri": "https://web.archive.org/web/20231024020407/https://news.un.org/en/story/2023/10/1142687"
      },
      {
        "datetime": "2023-10-24T02:09:22Z",
        "uri": "https://web.archive.org/web/20231024020922/https://news.un.org/en/story/2023/10/1142687"
      },
      {
        "datetime": "2023-10-24T02:51:18Z",
        "uri": "https://web.archive.org/web/20231024025118/https://news.un.org/en/story/2023/10/1142687"
      },
      {
        "datetime": "2023-10-24T06:07:53Z",
        "uri": "https://web.archive.org/web/20231024060753/https://news.un.org/en/story/2023/10/1142687"
      },
      {
        "datetime": "2023-10-24T08:07:16Z",
        "uri": "https://web.archive.org/web/20231024080716/https://news.un.org/en/story/2023/10/1142687"
      },
      {
        "datetime": "2023-10-24T09:21:51Z",
        "uri": "https://wayback.archive-it.org/all/20231024092151/https://news.un.org/en/story/2023/10/1142687"
      },
      {
        "datetime": "2023-10-24T11:22:14Z",
        "uri": "https://web.archive.org/web/20231024112214/https://news.un.org/en/story/2023/10/1142687"
      },
      {
        "datetime": "2023-10-24T12:26:19Z",
        "uri": "https://web.archive.org/web/20231024122619/https://news.un.org/en/story/2023/10/1142687"
      },
      {
        "datetime": "2023-10-24T12:35:00Z",
        "uri": "https://web.archive.org/web/20231024123500/https://news.un.org/en/story/2023/10/1142687"
      },
      {
        "datetime": "2023-10-24T12:36:25Z",
        "uri": "https://web.archive.org/web/20231024123625/https://news.un.org/en/story/2023/10/1142687"
      },
      {
        "datetime": "2023-10-24T15:10:57Z",
        "uri": "https://web.archive.org/web/20231024151057/https://news.un.org/en/story/2023/10/1142687"
      },
      {
        "datetime": "2023-10-24T15:19:28Z",
        "uri": "https://web.archive.org/web/20231024151928/https://news.un.org/en/story/2023/10/1142687"
      },
      {
        "datetime": "2023-10-24T15:24:43Z",
        "uri": "https://web.archive.org/web/20231024152443/https://news.un.org/en/story/2023/10/1142687"
      },
      {
        "datetime": "2023-10-24T16:42:32Z",
        "uri": "https://web.archive.org/web/20231024164232/https://news.un.org/en/story/2023/10/1142687"
      },
      {
        "datetime": "2023-10-24T17:10:13Z",
        "uri": "https://web.archive.org/web/20231024171013/https://news.un.org/en/story/2023/10/1142687"
      },
      {
        "datetime": "2023-10-24T17:54:11Z",
        "uri": "https://web.archive.org/web/20231024175411/https://news.un.org/en/story/2023/10/1142687"
      },
      {
        "datetime": "2023-10-24T18:10:13Z",
        "uri": "https://web.archive.org/web/20231024181013/https://news.un.org/en/story/2023/10/1142687"
      },
      {
        "datetime": "2023-10-24T19:07:20Z",
        "uri": "https://web.archive.org/web/20231024190720/https://news.un.org/en/story/2023/10/1142687"
      },
      {
        "datetime": "2023-10-24T19:53:07Z",
        "uri": "https://web.archive.org/web/20231024195307/https://news.un.org/en/story/2023/10/1142687"
      },
      {
        "datetime": "2023-10-24T19:53:41Z",
        "uri": "https://web.archive.org/web/20231024195341/https://news.un.org/en/story/2023/10/1142687"
      },
      {
        "datetime": "2023-10-24T20:41:31Z",
        "uri": "https://web.archive.org/web/20231024204131/https://news.un.org/en/story/2023/10/1142687"
      },
      {
        "datetime": "2023-10-24T20:52:05Z",
        "uri": "https://web.archive.org/web/20231024205205/https://news.un.org/en/story/2023/10/1142687"
      },
      {
        "datetime": "2023-10-24T21:07:27Z",
        "uri": "https://web.archive.org/web/20231024210727/https://news.un.org/en/story/2023/10/1142687"
      },
      {
        "datetime": "2023-10-24T21:37:53Z",
        "uri": "https://web.archive.org/web/20231024213753/https://news.un.org/en/story/2023/10/1142687"
      },
      {
        "datetime": "2023-10-24T21:53:42Z",
        "uri": "https://web.archive.org/web/20231024215342/https://news.un.org/en/story/2023/10/1142687"
      },
      {
        "datetime": "2023-10-24T22:09:35Z",
        "uri": "https://web.archive.org/web/20231024220935/https://news.un.org/en/story/2023/10/1142687"
      },
      {
        "datetime": "2023-10-24T23:07:13Z",
        "uri": "https://web.archive.org/web/20231024230713/https://news.un.org/en/story/2023/10/1142687"
      },
      {
        "datetime": "2023-10-24T23:22:50Z",
        "uri": "https://web.archive.org/web/20231024232250/https://news.un.org/en/story/2023/10/1142687"
      },
      {
        "datetime": "2023-10-24T23:37:37Z",
        "uri": "https://web.archive.org/web/20231024233737/https://news.un.org/en/story/2023/10/1142687"
      },
      {
        "datetime": "2023-10-25T00:23:35Z",
        "uri": "https://web.archive.org/web/20231025002335/https://news.un.org/en/story/2023/10/1142687"
      },
      {
        "datetime": "2023-10-25T00:49:32Z",
        "uri": "https://web.archive.org/web/20231025004932/https://news.un.org/en/story/2023/10/1142687"
      },
      {
        "datetime": "2023-10-25T03:28:14Z",
        "uri": "https://web.archive.org/web/20231025032814/https://news.un.org/en/story/2023/10/1142687"
      },
      {
        "datetime": "2023-10-25T04:21:52Z",
        "uri": "https://web.archive.org/web/20231025042152/https://news.un.org/en/story/2023/10/1142687"
      },
      {
        "datetime": "2023-10-25T04:37:23Z",
        "uri": "https://web.archive.org/web/20231025043723/https://news.un.org/en/story/2023/10/1142687"
      },
      {
        "datetime": "2023-10-25T07:24:11Z",
        "uri": "https://web.archive.org/web/20231025072411/https://news.un.org/en/story/2023/10/1142687"
      },
      {
        "datetime": "2023-10-25T08:22:24Z",
        "uri": "https://web.archive.org/web/20231025082224/https://news.un.org/en/story/2023/10/1142687"
      },
      {
        "datetime": "2023-10-25T08:22:51Z",
        "uri": "https://web.archive.org/web/20231025082251/https://news.un.org/en/story/2023/10/1142687"
      },
      {
        "datetime": "2023-10-25T09:10:14Z",
        "uri": "https://web.archive.org/web/20231025091014/https://news.un.org/en/story/2023/10/1142687"
      },
      {
        "datetime": "2023-10-25T09:25:23Z",
        "uri": "https://web.archive.org/web/20231025092523/https://news.un.org/en/story/2023/10/1142687"
      },
      {
        "datetime": "2023-10-25T11:37:16Z",
        "uri": "https://web.archive.org/web/20231025113716/https://news.un.org/en/story/2023/10/1142687"
      },
      {
        "datetime": "2023-10-25T12:08:56Z",
        "uri": "https://web.archive.org/web/20231025120856/https://news.un.org/en/story/2023/10/1142687"
      },
      {
        "datetime": "2023-10-25T12:25:13Z",
        "uri": "https://web.archive.org/web/20231025122513/https://news.un.org/en/story/2023/10/1142687"
      },
      {
        "datetime": "2023-10-25T12:36:42Z",
        "uri": "https://wayback.archive-it.org/all/20231025123642/https://news.un.org/en/story/2023/10/1142687"
      },
      {
        "datetime": "2023-10-25T13:09:37Z",
        "uri": "https://web.archive.org/web/20231025130937/https://news.un.org/en/story/2023/10/1142687"
      },
      {
        "datetime": "2023-10-25T14:12:41Z",
        "uri": "https://web.archive.org/web/20231025141241/https://news.un.org/en/story/2023/10/1142687"
      },
      {
        "datetime": "2023-10-25T14:20:47Z",
        "uri": "https://web.archive.org/web/20231025142047/https://news.un.org/en/story/2023/10/1142687"
      },
      {
        "datetime": "2023-10-25T16:25:04Z",
        "uri": "https://web.archive.org/web/20231025162504/https://news.un.org/en/story/2023/10/1142687"
      },
      {
        "datetime": "2023-10-25T17:53:32Z",
        "uri": "https://web.archive.org/web/20231025175332/https://news.un.org/en/story/2023/10/1142687"
      },
      {
        "datetime": "2023-10-25T18:24:49Z",
        "uri": "https://web.archive.org/web/20231025182449/https://news.un.org/en/story/2023/10/1142687"
      },
      {
        "datetime": "2023-10-25T19:38:29Z",
        "uri": "https://web.archive.org/web/20231025193829/https://news.un.org/en/story/2023/10/1142687"
      },
      {
        "datetime": "2023-10-25T19:40:36Z",
        "uri": "https://web.archive.org/web/20231025194036/https://news.un.org/en/story/2023/10/1142687"
      },
      {
        "datetime": "2023-10-25T19:49:27Z",
        "uri": "https://web.archive.org/web/20231025194927/https://news.un.org/en/story/2023/10/1142687"
      },
      {
        "datetime": "2023-10-25T19:55:23Z",
        "uri": "https://web.archive.org/web/20231025195523/https://news.un.org/en/story/2023/10/1142687"
      },
      {
        "datetime": "2023-10-25T20:21:28Z",
        "uri": "https://web.archive.org/web/20231025202128/https://news.un.org/en/story/2023/10/1142687"
      },
      {
        "datetime": "2023-10-26T09:17:04Z",
        "uri": "https://wayback.archive-it.org/all/20231026091704/https://news.un.org/en/story/2023/10/1142687"
      }
    ],
    "first": {
      "datetime": "2023-10-23T11:50:57Z",
      "uri": "https://web.archive.org/web/20231023115057/https://news.un.org/en/story/2023/10/1142687"
    },
    "last": {
      "datetime": "2023-10-26T09:17:04Z",
      "uri": "https://wayback.archive-it.org/all/20231026091704/https://news.un.org/en/story/2023/10/1142687"
    }
  },
  "timemap_uri": {
    "link_format": "http://localhost:1208/timemap/link/https://news.un.org/en/story/2023/10/1142687",
    "json_format": "http://localhost:1208/timemap/json/https://news.un.org/en/story/2023/10/1142687",
    "cdxj_format": "http://localhost:1208/timemap/cdxj/https://news.un.org/en/story/2023/10/1142687"
  },
  "timegate_uri": "http://localhost:1208/timegate/https://news.un.org/en/story/2023/10/1142687"
}
