{
  "original_uri": "https://www.dailymaverick.co.za/article/2023-10-23-anc-removes-errant-mps-nkosazana-dlamini-zuma-expected-to-face-disciplinary-charges/",
  "self": "http://localhost:1208/timemap/json/https://www.dailymaverick.co.za/article/2023-10-23-anc-removes-errant-mps-nkosazana-dlamini-zuma-expected-to-face-disciplinary-charges/",
  "mementos": {
    "list": [
      {
        "datetime": "2023-10-23T21:34:25Z",
        "uri": "https://web.archive.org/web/20231023213425/https://www.dailymaverick.co.za/article/2023-10-23-anc-removes-errant-mps-nkosazana-dlamini-zuma-expected-to-face-disciplinary-charges/"
      },
      {
        "datetime": "2023-10-24T00:10:20Z",
        "uri": "https://web.archive.org/web/20231024001020/https://www.dailymaverick.co.za/article/2023-10-23-anc-removes-errant-mps-nkosazana-dlamini-zuma-expected-to-face-disciplinary-charges/"
      }
    ],
    "first": {
      "datetime": "2023-10-23T21:34:25Z",
      "uri": "https://web.archive.org/web/20231023213425/https://www.dailymaverick.co.za/article/2023-10-23-anc-removes-errant-mps-nkosazana-dlamini-zuma-expected-to-face-disciplinary-charges/"
    },
    "last": {
      "datetime": "2023-10-24T00:10:20Z",
      "uri": "https://web.archive.org/web/20231024001020/https://www.dailymaverick.co.za/article/2023-10-23-anc-removes-errant-mps-nkosazana-dlamini-zuma-expected-to-face-disciplinary-charges/"
    }
  },
  "timemap_uri": {
    "link_format": "http://localhost:1208/timemap/link/https://www.dailymaverick.co.za/article/2023-10-23-anc-removes-errant-mps-nkosazana-dlamini-zuma-expected-to-face-disciplinary-charges/",
    "json_format": "http://localhost:1208/timemap/json/https://www.dailymaverick.co.za/article/2023-10-23-anc-removes-errant-mps-nkosazana-dlamini-zuma-expected-to-face-disciplinary-charges/",
    "cdxj_format": "http://localhost:1208/timemap/cdxj/https://www.dailymaverick.co.za/article/2023-10-23-anc-removes-errant-mps-nkosazana-dlamini-zuma-expected-to-face-disciplinary-charges/"
  },
  "timegate_uri": "http://localhost:1208/timegate/https://www.dailymaverick.co.za/article/2023-10-23-anc-removes-errant-mps-nkosazana-dlamini-zuma-expected-to-face-disciplinary-charges/"
}
