{
  "original_uri": "https://www.ne.jp/asahi/tsmc/net/work.html",
  "self": "http://localhost:1208/timemap/json/https://www.ne.jp/asahi/tsmc/net/work.html",
  "mementos": {
    "list": [
      {
        "datetime": "2011-04-29T19:14:45Z",
        "uri": "https://web.archive.org/web/20110429191445/http://www.ne.jp/asahi/tsmc/net/work.html"
      },
      {
        "datetime": "2012-01-02T11:45:32Z",
        "uri": "https://web.archive.org/web/20120102114532/http://www.ne.jp/asahi/tsmc/net/work.html"
      },
      {
        "datetime": "2012-04-12T06:11:05Z",
        "uri": "https://web.archive.org/web/20120412061105/http://www.ne.jp/asahi/tsmc/net/work.html"
      },
      {
        "datetime": "2013-06-27T01:34:30Z",
        "uri": "https://web.archive.org/web/20130627013430/http://www.ne.jp:80/asahi/tsmc/net/work.html"
      },
      {
        "datetime": "2015-04-28T18:38:14Z",
        "uri": "https://web.archive.org/web/20150428183814/http://www.ne.jp:80/asahi/tsmc/net/work.html"
      },
      {
        "datetime": "2015-07-31T00:01:48Z",
        "uri": "https://web.archive.org/web/20150731000148/http://www.ne.jp:80/asahi/tsmc/net/work.html"
      },
      {
        "datetime": "2016-03-15T02:39:36Z",
        "uri": "https://web.archive.org/web/20160315023936/http://www.ne.jp:80/asahi/tsmc/net/work.html"
      },
      {
        "datetime": "2016-04-15T03:45:58Z",
        "uri": "https://web.archive.org/web/20160415034558/http://www.ne.jp:80/asahi/tsmc/net/work.html"
      },
      {
        "datetime": "2016-04-16T13:31:26Z",
        "uri": "https://web.archive.org/web/20160416133126/http://www.ne.jp:80/asahi/tsmc/net/work.html"
      },
      {
        "datetime": "2016-05-17T08:31:20Z",
        "uri": "https://web.archive.org/web/20160517083120/http://www.ne.jp:80/asahi/tsmc/net/work.html"
      },
      {
        "datetime": "2016-07-14T14:51:25Z",
        "uri": "https://web.archive.org/web/20160714145125/http://www.ne.jp:80/asahi/tsmc/net/work.html"
      },
      {
        "datetime": "2016-08-23T11:39:26Z",
        "uri": "https://web.archive.org/web/20160823113926/http://www.ne.jp:80/asahi/tsmc/net/work.html"
      },
      {
        "datetime": "2020-01-09T10:12:01Z",
        "uri": "https://web.archive.org/web/20200109101201/http://www.ne.jp/asahi/tsmc/net/work.html"
      },
      {
        "datetime": "2020-03-09T09:04:41Z",
        "uri": "https://web.archive.org/web/20200309090441/http://www.ne.jp/asahi/tsmc/net/work.html"
      },
      {
        "datetime": "2020-06-15T18:44:12Z",
        "uri": "https://web.archive.org/web/20200615184412/http://www.ne.jp/asahi/tsmc/net/work.html"
      },
      {
        "datetime": "2020-06-23T13:48:24Z",
        "uri": "https://web.archive.org/web/20200623134824/http://www.ne.jp/asahi/tsmc/net/work.html"
      },
      {
        "datetime": "2020-12-02T15:11:48Z",
        "uri": "https://web.archive.org/web/20201202151148/http://www.ne.jp/asahi/tsmc/net/work.html"
      },
      {
        "datetime": "2021-01-07T09:26:32Z",
        "uri": "https://web.archive.org/web/20210107092632/http://www.ne.jp/asahi/tsmc/net/work.html"
      },
      {
        "datetime": "2021-01-07T11:57:30Z",
        "uri": "https://web.archive.org/web/20210107115730/http://www.ne.jp/asahi/tsmc/net/work.html"
      },
      {
        "datetime": "2022-02-09T08:45:18Z",
        "uri": "https://web.archive.org/web/20220209084518/http://www.ne.jp/asahi/tsmc/net/work.html"
      },
      {
        "datetime": "2022-12-20T02:05:47Z",
        "uri": "https://web.archive.org/web/20221220020547/https://www.ne.jp/asahi/tsmc/net/work.html"
      },
      {
        "datetime": "2022-12-20T02:06:43Z",
        "uri": "https://web.archive.org/web/20221220020643/https://www.ne.jp/asahi/tsmc/net/work.html"
      },
      {
        "datetime": "2023-01-13T14:31:26Z",
        "uri": "https://web.archive.org/web/20230113143126/https://www.ne.jp/asahi/tsmc/net/work.html"
      },
      {
        "datetime": "2023-01-14T03:20:31Z",
        "uri": "https://web.archive.org/web/20230114032031/https://www.ne.jp/asahi/tsmc/net/work.html"
      },
      {
        "datetime": "2023-03-03T22:12:01Z",
        "uri": "https://web.archive.org/web/20230303221201/https://www.ne.jp/asahi/tsmc/net/work.html"
      }
    ],
    "first": {
      "datetime": "2011-04-29T19:14:45Z",
      "uri": "https://web.archive.org/web/20110429191445/http://www.ne.jp/asahi/tsmc/net/work.html"
    },
    "last": {
      "datetime": "2023-03-03T22:12:01Z",
      "uri": "https://web.archive.org/web/20230303221201/https://www.ne.jp/asahi/tsmc/net/work.html"
    }
  },
  "timemap_uri": {
    "link_format": "http://localhost:1208/timemap/link/https://www.ne.jp/asahi/tsmc/net/work.html",
    "json_format": "http://localhost:1208/timemap/json/https://www.ne.jp/asahi/tsmc/net/work.html",
    "cdxj_format": "http://localhost:1208/timemap/cdxj/https://www.ne.jp/asahi/tsmc/net/work.html"
  },
  "timegate_uri": "http://localhost:1208/timegate/https://www.ne.jp/asahi/tsmc/net/work.html"
}
