{
  "original_uri": "https://www.bworldonline.com/arts-and-leisure/2023/10/23/552921/wearing-pina-on-your-feet/",
  "self": "http://localhost:1208/timemap/json/https://www.bworldonline.com/arts-and-leisure/2023/10/23/552921/wearing-pina-on-your-feet/",
  "mementos": {
    "list": [
      {
        "datetime": "2023-10-23T03:27:59Z",
        "uri": "https://web.archive.org/web/20231023032759/https://www.bworldonline.com/arts-and-leisure/2023/10/23/552921/wearing-pina-on-your-feet/"
      },
      {
        "datetime": "2023-10-23T04:32:22Z",
        "uri": "https://web.archive.org/web/20231023043222/https://www.bworldonline.com/arts-and-leisure/2023/10/23/552921/wearing-pina-on-your-feet/"
      },
      {
        "datetime": "2023-10-23T07:56:50Z",
        "uri": "https://web.archive.org/web/20231023075650/https://www.bworldonline.com/arts-and-leisure/2023/10/23/552921/wearing-pina-on-your-feet/"
      },
      {
        "datetime": "2023-10-23T08:58:54Z",
        "uri": "https://web.archive.org/web/20231023085854/https://www.bworldonline.com/arts-and-leisure/2023/10/23/552921/wearing-pina-on-your-feet/"
      },
      {
        "datetime": "2023-10-24T07:56:53Z",
        "uri": "https://web.archive.org/web/20231024075653/https://www.bworldonline.com/arts-and-leisure/2023/10/23/552921/wearing-pina-on-your-feet/"
      },
      {
        "datetime": "2023-10-26T01:03:19Z",
        "uri": "https://web.archive.org/web/20231026010319/https://www.bworldonline.com/arts-and-leisure/2023/10/23/552921/wearing-pina-on-your-feet/"
      }
    ],
    "first": {
      "datetime": "2023-10-23T03:27:59Z",
      "uri": "https://web.archive.org/web/20231023032759/https://www.bworldonline.com/arts-and-leisure/2023/10/23/552921/wearing-pina-on-your-feet/"
    },
    "last": {
      "datetime": "2023-10-26T01:03:19Z",
      "uri": "https://web.archive.org/web/20231026010319/https://www.bworldonline.com/arts-and-leisure/2023/10/23/552921/wearing-pina-on-your-feet/"
    }
  },
  "timemap_uri": {
    "link_format": "http://localhost:1208/timemap/link/https://www.bworldonline.com/arts-and-leisure/2023/10/23/552921/wearing-pina-on-your-feet/",
    "json_format": "http://localhost:1208/timemap/json/https://www.bworldonline.com/arts-and-leisure/2023/10/23/552921/wearing-pina-on-your-feet/",
    "cdxj_format": "http://localhost:1208/timemap/cdxj/https://www.bworldonline.com/arts-and-leisure/2023/10/23/552921/wearing-pina-on-your-feet/"
  },
  "timegate_uri": "http://localhost:1208/timegate/https://www.bworldonline.com/arts-and-leisure/2023/10/23/552921/wearing-pina-on-your-feet/"
}
