{
  "original_uri": "https://markjosephjochim.com/2023/10/24/first-chapter-first-paragraph-tuesday-intros-20/",
  "self": "http://localhost:1208/timemap/json/https://markjosephjochim.com/2023/10/24/first-chapter-first-paragraph-tuesday-intros-20/",
  "mementos": {
    "list": [
      {
        "datetime": "2023-10-24T16:45:29Z",
        "uri": "https://web.archive.org/web/20231024164529/http://markjosephjochim.com/2023/10/24/first-chapter-first-paragraph-tuesday-intros-20/"
      }
    ],
    "first": {
      "datetime": "2023-10-24T16:45:29Z",
      "uri": "https://web.archive.org/web/20231024164529/http://markjosephjochim.com/2023/10/24/first-chapter-first-paragraph-tuesday-intros-20/"
    },
    "last": {
      "datetime": "2023-10-24T16:45:29Z",
      "uri": "https://web.archive.org/web/20231024164529/http://markjosephjochim.com/2023/10/24/first-chapter-first-paragraph-tuesday-intros-20/"
    }
  },
  "timemap_uri": {
    "link_format": "http://localhost:1208/timemap/link/https://markjosephjochim.com/2023/10/24/first-chapter-first-paragraph-tuesday-intros-20/",
    "json_format": "http://localhost:1208/timemap/json/https://markjosephjochim.com/2023/10/24/first-chapter-first-paragraph-tuesday-intros-20/",
    "cdxj_format": "http://localhost:1208/timemap/cdxj/https://markjosephjochim.com/2023/10/24/first-chapter-first-paragraph-tuesday-intros-20/"
  },
  "timegate_uri": "http://localhost:1208/timegate/https://markjosephjochim.com/2023/10/24/first-chapter-first-paragraph-tuesday-intros-20/"
}
