{
  "original_uri": "https://timesofindia.indiatimes.com/city/patna/three-killed-in-stampede-at-pandal-in-bihars-gopalganj/articleshow/104659644.cms",
  "self": "http://localhost:1208/timemap/json/https://timesofindia.indiatimes.com/city/patna/three-killed-in-stampede-at-pandal-in-bihars-gopalganj/articleshow/104659644.cms",
  "mementos": {
    "list": [
      {
        "datetime": "2023-10-23T18:20:51Z",
        "uri": "https://web.archive.org/web/20231023182051/https://timesofindia.indiatimes.com/city/patna/three-killed-in-stampede-at-pandal-in-bihars-gopalganj/articleshow/104659644.cms"
      },
      {
        "datetime": "2023-10-23T18:24:17Z",
        "uri": "https://web.archive.org/web/20231023182417/https://timesofindia.indiatimes.com/city/patna/three-killed-in-stampede-at-pandal-in-bihars-gopalganj/articleshow/104659644.cms"
      },
      {
        "datetime": "2023-10-23T19:59:26Z",
        "uri": "https://web.archive.org/web/20231023195926/https://timesofindia.indiatimes.com/city/patna/three-killed-in-stampede-at-pandal-in-bihars-gopalganj/articleshow/104659644.cms"
      },
      {
        "datetime": "2023-10-24T02:05:17Z",
        "uri": "https://web.archive.org/web/20231024020517/https://timesofindia.indiatimes.com/city/patna/three-killed-in-stampede-at-pandal-in-bihars-gopalganj/articleshow/104659644.cms"
      },
      {
        "datetime": "2023-10-24T02:35:39Z",
        "uri": "https://web.archive.org/web/20231024023539/https://timesofindia.indiatimes.com/city/patna/three-killed-in-stampede-at-pandal-in-bihars-gopalganj/articleshow/104659644.cms"
      },
      {
        "datetime": "2023-10-24T04:17:16Z",
        "uri": "https://web.archive.org/web/20231024041716/https://timesofindia.indiatimes.com/city/patna/three-killed-in-stampede-at-pandal-in-bihars-gopalganj/articleshow/104659644.cms"
      },
      {
        "datetime": "2023-10-24T05:25:48Z",
        "uri": "https://web.archive.org/web/20231024052548/https://timesofindia.indiatimes.com/city/patna/three-killed-in-stampede-at-pandal-in-bihars-gopalganj/articleshow/104659644.cms"
      },
      {
        "datetime": "2023-10-24T07:02:38Z",
        "uri": "https://web.archive.org/web/20231024070238/https://timesofindia.indiatimes.com/city/patna/three-killed-in-stampede-at-pandal-in-bihars-gopalganj/articleshow/104659644.cms"
      },
      {
        "datetime": "2023-10-24T07:04:03Z",
        "uri": "https://web.archive.org/web/20231024070403/https://timesofindia.indiatimes.com/city/patna/three-killed-in-stampede-at-pandal-in-bihars-gopalganj/articleshow/104659644.cms"
      },
      {
        "datetime": "2023-10-24T09:11:29Z",
        "uri": "https://web.archive.org/web/20231024091129/https://timesofindia.indiatimes.com/city/patna/three-killed-in-stampede-at-pandal-in-bihars-gopalganj/articleshow/104659644.cms"
      },
      {
        "datetime": "2023-10-24T10:34:44Z",
        "uri": "https://web.archive.org/web/20231024103444/https://timesofindia.indiatimes.com/city/patna/three-killed-in-stampede-at-pandal-in-bihars-gopalganj/articleshow/104659644.cms"
      },
      {
        "datetime": "2023-10-24T12:08:40Z",
        "uri": "https://web.archive.org/web/20231024120840/https://timesofindia.indiatimes.com/city/patna/three-killed-in-stampede-at-pandal-in-bihars-gopalganj/articleshow/104659644.cms"
      },
      {
        "datetime": "2023-10-24T15:02:31Z",
        "uri": "https://web.archive.org/web/20231024150231/https://timesofindia.indiatimes.com/city/patna/three-killed-in-stampede-at-pandal-in-bihars-gopalganj/articleshow/104659644.cms"
      },
      {
        "datetime": "2023-10-24T20:12:59Z",
        "uri": "https://web.archive.org/web/20231024201259/https://timesofindia.indiatimes.com/city/patna/three-killed-in-stampede-at-pandal-in-bihars-gopalganj/articleshow/104659644.cms"
      },
      {
        "datetime": "2023-10-25T00:39:44Z",
        "uri": "https://web.archive.org/web/20231025003944/https://timesofindia.indiatimes.com/city/patna/three-killed-in-stampede-at-pandal-in-bihars-gopalganj/articleshow/104659644.cms"
      },
      {
        "datetime": "2023-10-25T04:33:49Z",
        "uri": "https://web.archive.org/web/20231025043349/https://timesofindia.indiatimes.com/city/patna/three-killed-in-stampede-at-pandal-in-bihars-gopalganj/articleshow/104659644.cms"
      },
      {
        "datetime": "2023-10-25T10:41:13Z",
        "uri": "https://web.archive.org/web/20231025104113/https://timesofindia.indiatimes.com/city/patna/three-killed-in-stampede-at-pandal-in-bihars-gopalganj/articleshow/104659644.cms"
      },
      {
        "datetime": "2023-10-25T17:08:55Z",
        "uri": "https://web.archive.org/web/20231025170855/https://timesofindia.indiatimes.com/city/patna/three-killed-in-stampede-at-pandal-in-bihars-gopalganj/articleshow/104659644.cms"
      }
    ],
    "first": {
      "datetime": "2023-10-23T18:20:51Z",
      "uri": "https://web.archive.org/web/20231023182051/https://timesofindia.indiatimes.com/city/patna/three-killed-in-stampede-at-pandal-in-bihars-gopalganj/articleshow/104659644.cms"
    },
    "last": {
      "datetime": "2023-10-25T17:08:55Z",
      "uri": "https://web.archive.org/web/20231025170855/https://timesofindia.indiatimes.com/city/patna/three-killed-in-stampede-at-pandal-in-bihars-gopalganj/articleshow/104659644.cms"
    }
  },
  "timemap_uri": {
    "link_format": "http://localhost:1208/timemap/link/https://timesofindia.indiatimes.com/city/patna/three-killed-in-stampede-at-pandal-in-bihars-gopalganj/articleshow/104659644.cms",
    "json_format": "http://localhost:1208/timemap/json/https://timesofindia.indiatimes.com/city/patna/three-killed-in-stampede-at-pandal-in-bihars-gopalganj/articleshow/104659644.cms",
    "cdxj_format": "http://localhost:1208/timemap/cdxj/https://timesofindia.indiatimes.com/city/patna/three-killed-in-stampede-at-pandal-in-bihars-gopalganj/articleshow/104659644.cms"
  },
  "timegate_uri": "http://localhost:1208/timegate/https://timesofindia.indiatimes.com/city/patna/three-killed-in-stampede-at-pandal-in-bihars-gopalganj/articleshow/104659644.cms"
}
