{
  "original_uri": "https://www.dawn.com/news/1783242/pakistan-have-nowhere-to-hide-after-afghanistan-thrashing",
  "self": "http://localhost:1208/timemap/json/https://www.dawn.com/news/1783242/pakistan-have-nowhere-to-hide-after-afghanistan-thrashing",
  "mementos": {
    "list": [
      {
        "datetime": "2023-10-24T09:15:54Z",
        "uri": "https://web.archive.org/web/20231024091554/https://www.dawn.com/news/1783242/pakistan-have-nowhere-to-hide-after-afghanistan-thrashing"
      },
      {
        "datetime": "2023-10-24T17:51:13Z",
        "uri": "https://web.archive.org/web/20231024175113/https://www.dawn.com/news/1783242/pakistan-have-nowhere-to-hide-after-afghanistan-thrashing"
      },
      {
        "datetime": "2023-10-25T01:15:47Z",
        "uri": "https://web.archive.org/web/20231025011547/https://www.dawn.com/news/1783242/pakistan-have-nowhere-to-hide-after-afghanistan-thrashing"
      },
      {
        "datetime": "2023-10-25T02:26:27Z",
        "uri": "https://web.archive.org/web/20231025022627/https://www.dawn.com/news/1783242/pakistan-have-nowhere-to-hide-after-afghanistan-thrashing"
      },
      {
        "datetime": "2023-10-25T05:51:21Z",
        "uri": "https://web.archive.org/web/20231025055121/https://www.dawn.com/news/1783242/pakistan-have-nowhere-to-hide-after-afghanistan-thrashing"
      },
      {
        "datetime": "2023-10-25T08:16:00Z",
        "uri": "https://web.archive.org/web/20231025081600/https://www.dawn.com/news/1783242/pakistan-have-nowhere-to-hide-after-afghanistan-thrashing"
      },
      {
        "datetime": "2023-10-25T16:00:54Z",
        "uri": "https://web.archive.org/web/20231025160054/https://www.dawn.com/news/1783242/pakistan-have-nowhere-to-hide-after-afghanistan-thrashing"
      },
      {
        "datetime": "2023-10-25T18:39:40Z",
        "uri": "https://web.archive.org/web/20231025183940/https://www.dawn.com/news/1783242/pakistan-have-nowhere-to-hide-after-afghanistan-thrashing"
      },
      {
        "datetime": "2023-10-25T21:22:27Z",
        "uri": "https://web.archive.org/web/20231025212227/https://www.dawn.com/news/1783242/pakistan-have-nowhere-to-hide-after-afghanistan-thrashing"
      }
    ],
    "first": {
      "datetime": "2023-10-24T09:15:54Z",
      "uri": "https://web.archive.org/web/20231024091554/https://www.dawn.com/news/1783242/pakistan-have-nowhere-to-hide-after-afghanistan-thrashing"
    },
    "last": {
      "datetime": "2023-10-25T21:22:27Z",
      "uri": "https://web.archive.org/web/20231025212227/https://www.dawn.com/news/1783242/pakistan-have-nowhere-to-hide-after-afghanistan-thrashing"
    }
  },
  "timemap_uri": {
    "link_format": "http://localhost:1208/timemap/link/https://www.dawn.com/news/1783242/pakistan-have-nowhere-to-hide-after-afghanistan-thrashing",
    "json_format": "http://localhost:1208/timemap/json/https://www.dawn.com/news/1783242/pakistan-have-nowhere-to-hide-after-afghanistan-thrashing",
    "cdxj_format": "http://localhost:1208/timemap/cdxj/https://www.dawn.com/news/1783242/pakistan-have-nowhere-to-hide-after-afghanistan-thrashing"
  },
  "timegate_uri": "http://localhost:1208/timegate/https://www.dawn.com/news/1783242/pakistan-have-nowhere-to-hide-after-afghanistan-thrashing"
}
