{
  "original_uri": "https://www.bbc.com/mundo/articles/cle6pdne6dgo?at_medium=RSS&at_campaign=KARANGA",
  "self": "http://localhost:1208/timemap/json/https://www.bbc.com/mundo/articles/cle6pdne6dgo?at_medium=RSS&at_campaign=KARANGA",
  "mementos": {
    "list": [
      {
        "datetime": "2023-10-24T06:33:22Z",
        "uri": "https://web.archive.org/web/20231024063322/https://www.bbc.com/mundo/articles/cle6pdne6dgo?at_medium=RSS&at_campaign=KARANGA"
      },
      {
        "datetime": "2023-10-26T01:09:44Z",
        "uri": "https://web.archive.org/web/20231026010944/https://www.bbc.com/mundo/articles/cle6pdne6dgo?at_medium=RSS&at_campaign=KARANGA"
      },
      {
        "datetime": "2023-10-26T02:16:08Z",
        "uri": "https://web.archive.org/web/20231026021608/https://www.bbc.com/mundo/articles/cle6pdne6dgo?at_medium=RSS&at_campaign=KARANGA"
      }
    ],
    "first": {
      "datetime": "2023-10-24T06:33:22Z",
      "uri": "https://web.archive.org/web/20231024063322/https://www.bbc.com/mundo/articles/cle6pdne6dgo?at_medium=RSS&at_campaign=KARANGA"
    },
    "last": {
      "datetime": "2023-10-26T02:16:08Z",
      "uri": "https://web.archive.org/web/20231026021608/https://www.bbc.com/mundo/articles/cle6pdne6dgo?at_medium=RSS&at_campaign=KARANGA"
    }
  },
  "timemap_uri": {
    "link_format": "http://localhost:1208/timemap/link/https://www.bbc.com/mundo/articles/cle6pdne6dgo?at_medium=RSS&at_campaign=KARANGA",
    "json_format": "http://localhost:1208/timemap/json/https://www.bbc.com/mundo/articles/cle6pdne6dgo?at_medium=RSS&at_campaign=KARANGA",
    "cdxj_format": "http://localhost:1208/timemap/cdxj/https://www.bbc.com/mundo/articles/cle6pdne6dgo?at_medium=RSS&at_campaign=KARANGA"
  },
  "timegate_uri": "http://localhost:1208/timegate/https://www.bbc.com/mundo/articles/cle6pdne6dgo?at_medium=RSS&at_campaign=KARANGA"
}
