{
  "original_uri": "https://www.latestly.com/socially/entertainment/hollywood/taylor-swift-plants-sweet-kiss-on-travis-kelces-cheek-in-loved-up-snap-confirming-their-romance-view-pic-5510422.html",
  "self": "http://localhost:1208/timemap/json/https://www.latestly.com/socially/entertainment/hollywood/taylor-swift-plants-sweet-kiss-on-travis-kelces-cheek-in-loved-up-snap-confirming-their-romance-view-pic-5510422.html",
  "mementos": {
    "list": [
      {
        "datetime": "2023-10-25T19:23:22Z",
        "uri": "https://web.archive.org/web/20231025192322/https://www.latestly.com/socially/entertainment/hollywood/taylor-swift-plants-sweet-kiss-on-travis-kelces-cheek-in-loved-up-snap-confirming-their-romance-view-pic-5510422.html"
      }
    ],
    "first": {
      "datetime": "2023-10-25T19:23:22Z",
      "uri": "https://web.archive.org/web/20231025192322/https://www.latestly.com/socially/entertainment/hollywood/taylor-swift-plants-sweet-kiss-on-travis-kelces-cheek-in-loved-up-snap-confirming-their-romance-view-pic-5510422.html"
    },
    "last": {
      "datetime": "2023-10-25T19:23:22Z",
      "uri": "https://web.archive.org/web/20231025192322/https://www.latestly.com/socially/entertainment/hollywood/taylor-swift-plants-sweet-kiss-on-travis-kelces-cheek-in-loved-up-snap-confirming-their-romance-view-pic-5510422.html"
    }
  },
  "timemap_uri": {
    "link_format": "http://localhost:1208/timemap/link/https://www.latestly.com/socially/entertainment/hollywood/taylor-swift-plants-sweet-kiss-on-travis-kelces-cheek-in-loved-up-snap-confirming-their-romance-view-pic-5510422.html",
    "json_format": "http://localhost:1208/timemap/json/https://www.latestly.com/socially/entertainment/hollywood/taylor-swift-plants-sweet-kiss-on-travis-kelces-cheek-in-loved-up-snap-confirming-their-romance-view-pic-5510422.html",
    "cdxj_format": "http://localhost:1208/timemap/cdxj/https://www.latestly.com/socially/entertainment/hollywood/taylor-swift-plants-sweet-kiss-on-travis-kelces-cheek-in-loved-up-snap-confirming-their-romance-view-pic-5510422.html"
  },
  "timegate_uri": "http://localhost:1208/timegate/https://www.latestly.com/socially/entertainment/hollywood/taylor-swift-plants-sweet-kiss-on-travis-kelces-cheek-in-loved-up-snap-confirming-their-romance-view-pic-5510422.html"
}
