{
  "original_uri": "https://newscentric.com.ng/news/leadershipng/19999/",
  "self": "http://localhost:1208/timemap/json/https://newscentric.com.ng/news/leadershipng/19999/",
  "mementos": {
    "list": [
      {
        "datetime": "2023-10-24T15:31:44Z",
        "uri": "https://web.archive.org/web/20231024153144/https://newscentric.com.ng/news/leadershipng/19999/"
      }
    ],
    "first": {
      "datetime": "2023-10-24T15:31:44Z",
      "uri": "https://web.archive.org/web/20231024153144/https://newscentric.com.ng/news/leadershipng/19999/"
    },
    "last": {
      "datetime": "2023-10-24T15:31:44Z",
      "uri": "https://web.archive.org/web/20231024153144/https://newscentric.com.ng/news/leadershipng/19999/"
    }
  },
  "timemap_uri": {
    "link_format": "http://localhost:1208/timemap/link/https://newscentric.com.ng/news/leadershipng/19999/",
    "json_format": "http://localhost:1208/timemap/json/https://newscentric.com.ng/news/leadershipng/19999/",
    "cdxj_format": "http://localhost:1208/timemap/cdxj/https://newscentric.com.ng/news/leadershipng/19999/"
  },
  "timegate_uri": "http://localhost:1208/timegate/https://newscentric.com.ng/news/leadershipng/19999/"
}
