{
  "original_uri": "https://dipfear.wordpress.com/2023/10/24/man-in-the-dark-dont-breathe/",
  "self": "http://localhost:1208/timemap/json/https://dipfear.wordpress.com/2023/10/24/man-in-the-dark-dont-breathe/",
  "mementos": {
    "list": [
      {
        "datetime": "2023-10-24T03:00:04Z",
        "uri": "https://web.archive.org/web/20231024030004/http://dipfear.wordpress.com/2023/10/24/man-in-the-dark-dont-breathe/"
      }
    ],
    "first": {
      "datetime": "2023-10-24T03:00:04Z",
      "uri": "https://web.archive.org/web/20231024030004/http://dipfear.wordpress.com/2023/10/24/man-in-the-dark-dont-breathe/"
    },
    "last": {
      "datetime": "2023-10-24T03:00:04Z",
      "uri": "https://web.archive.org/web/20231024030004/http://dipfear.wordpress.com/2023/10/24/man-in-the-dark-dont-breathe/"
    }
  },
  "timemap_uri": {
    "link_format": "http://localhost:1208/timemap/link/https://dipfear.wordpress.com/2023/10/24/man-in-the-dark-dont-breathe/",
    "json_format": "http://localhost:1208/timemap/json/https://dipfear.wordpress.com/2023/10/24/man-in-the-dark-dont-breathe/",
    "cdxj_format": "http://localhost:1208/timemap/cdxj/https://dipfear.wordpress.com/2023/10/24/man-in-the-dark-dont-breathe/"
  },
  "timegate_uri": "http://localhost:1208/timegate/https://dipfear.wordpress.com/2023/10/24/man-in-the-dark-dont-breathe/"
}
