{
  "original_uri": "https://hoy.com.do/taylor-swift-the-eras-tour-domina-la-taquilla-en-estados-unidos/",
  "self": "http://localhost:1208/timemap/json/https://hoy.com.do/taylor-swift-the-eras-tour-domina-la-taquilla-en-estados-unidos/",
  "mementos": {
    "list": [
      {
        "datetime": "2023-10-23T13:07:57Z",
        "uri": "https://web.archive.org/web/20231023130757/https://hoy.com.do/taylor-swift-the-eras-tour-domina-la-taquilla-en-estados-unidos/"
      },
      {
        "datetime": "2023-10-24T01:42:47Z",
        "uri": "https://web.archive.org/web/20231024014247/https://hoy.com.do/taylor-swift-the-eras-tour-domina-la-taquilla-en-estados-unidos/"
      },
      {
        "datetime": "2023-10-24T06:09:58Z",
        "uri": "https://web.archive.org/web/20231024060958/https://hoy.com.do/taylor-swift-the-eras-tour-domina-la-taquilla-en-estados-unidos/"
      },
      {
        "datetime": "2023-10-24T12:18:34Z",
        "uri": "https://web.archive.org/web/20231024121834/https://hoy.com.do/taylor-swift-the-eras-tour-domina-la-taquilla-en-estados-unidos/"
      },
      {
        "datetime": "2023-10-24T12:25:15Z",
        "uri": "https://web.archive.org/web/20231024122515/https://hoy.com.do/taylor-swift-the-eras-tour-domina-la-taquilla-en-estados-unidos/"
      },
      {
        "datetime": "2023-10-25T00:11:58Z",
        "uri": "https://web.archive.org/web/20231025001158/https://hoy.com.do/taylor-swift-the-eras-tour-domina-la-taquilla-en-estados-unidos/"
      },
      {
        "datetime": "2023-10-25T00:39:37Z",
        "uri": "https://web.archive.org/web/20231025003937/https://hoy.com.do/taylor-swift-the-eras-tour-domina-la-taquilla-en-estados-unidos/"
      },
      {
        "datetime": "2023-10-25T00:58:55Z",
        "uri": "https://web.archive.org/web/20231025005855/https://hoy.com.do/taylor-swift-the-eras-tour-domina-la-taquilla-en-estados-unidos/"
      },
      {
        "datetime": "2023-10-25T19:01:36Z",
        "uri": "https://web.archive.org/web/20231025190136/https://hoy.com.do/taylor-swift-the-eras-tour-domina-la-taquilla-en-estados-unidos/"
      },
      {
        "datetime": "2023-10-25T20:35:58Z",
        "uri": "https://web.archive.org/web/20231025203558/https://hoy.com.do/taylor-swift-the-eras-tour-domina-la-taquilla-en-estados-unidos/"
      }
    ],
    "first": {
      "datetime": "2023-10-23T13:07:57Z",
      "uri": "https://web.archive.org/web/20231023130757/https://hoy.com.do/taylor-swift-the-eras-tour-domina-la-taquilla-en-estados-unidos/"
    },
    "last": {
      "datetime": "2023-10-25T20:35:58Z",
      "uri": "https://web.archive.org/web/20231025203558/https://hoy.com.do/taylor-swift-the-eras-tour-domina-la-taquilla-en-estados-unidos/"
    }
  },
  "timemap_uri": {
    "link_format": "http://localhost:1208/timemap/link/https://hoy.com.do/taylor-swift-the-eras-tour-domina-la-taquilla-en-estados-unidos/",
    "json_format": "http://localhost:1208/timemap/json/https://hoy.com.do/taylor-swift-the-eras-tour-domina-la-taquilla-en-estados-unidos/",
    "cdxj_format": "http://localhost:1208/timemap/cdxj/https://hoy.com.do/taylor-swift-the-eras-tour-domina-la-taquilla-en-estados-unidos/"
  },
  "timegate_uri": "http://localhost:1208/timegate/https://hoy.com.do/taylor-swift-the-eras-tour-domina-la-taquilla-en-estados-unidos/"
}
