{
  "original_uri": "https://athibantv.com/political/130877/",
  "self": "http://localhost:1208/timemap/json/https://athibantv.com/political/130877/",
  "mementos": {
    "list": [
      {
        "datetime": "2023-10-24T02:54:07Z",
        "uri": "https://web.archive.org/web/20231024025407/https://athibantv.com/political/130877/"
      },
      {
        "datetime": "2023-10-24T03:10:49Z",
        "uri": "https://web.archive.org/web/20231024031049/https://athibantv.com/political/130877/"
      }
    ],
    "first": {
      "datetime": "2023-10-24T02:54:07Z",
      "uri": "https://web.archive.org/web/20231024025407/https://athibantv.com/political/130877/"
    },
    "last": {
      "datetime": "2023-10-24T03:10:49Z",
      "uri": "https://web.archive.org/web/20231024031049/https://athibantv.com/political/130877/"
    }
  },
  "timemap_uri": {
    "link_format": "http://localhost:1208/timemap/link/https://athibantv.com/political/130877/",
    "json_format": "http://localhost:1208/timemap/json/https://athibantv.com/political/130877/",
    "cdxj_format": "http://localhost:1208/timemap/cdxj/https://athibantv.com/political/130877/"
  },
  "timegate_uri": "http://localhost:1208/timegate/https://athibantv.com/political/130877/"
}
