{
  "original_uri": "https://www.benzinga.com/news/23/10/35386565/elon-musk-agrees-netflix-disney-should-maybe-meet-the-same-fate-as-cable-tv-says-shows-created-with",
  "self": "http://localhost:1208/timemap/json/https://www.benzinga.com/news/23/10/35386565/elon-musk-agrees-netflix-disney-should-maybe-meet-the-same-fate-as-cable-tv-says-shows-created-with",
  "mementos": {
    "list": [
      {
        "datetime": "2023-10-24T03:05:35Z",
        "uri": "https://web.archive.org/web/20231024030535/http://www.benzinga.com/news/23/10/35386565/elon-musk-agrees-netflix-disney-should-maybe-meet-the-same-fate-as-cable-tv-says-shows-created-with"
      },
      {
        "datetime": "2023-10-24T03:06:26Z",
        "uri": "https://web.archive.org/web/20231024030626/http://www.benzinga.com/news/23/10/35386565/elon-musk-agrees-netflix-disney-should-maybe-meet-the-same-fate-as-cable-tv-says-shows-created-with"
      },
      {
        "datetime": "2023-10-24T03:07:03Z",
        "uri": "https://web.archive.org/web/20231024030703/https://www.benzinga.com/news/23/10/35386565/elon-musk-agrees-netflix-disney-should-maybe-meet-the-same-fate-as-cable-tv-says-shows-created-with"
      },
      {
        "datetime": "2023-10-24T06:32:34Z",
        "uri": "https://web.archive.org/web/20231024063234/https://www.benzinga.com/news/23/10/35386565/elon-musk-agrees-netflix-disney-should-maybe-meet-the-same-fate-as-cable-tv-says-shows-created-with"
      },
      {
        "datetime": "2023-10-25T04:37:47Z",
        "uri": "https://web.archive.org/web/20231025043747/https://www.benzinga.com/news/23/10/35386565/elon-musk-agrees-netflix-disney-should-maybe-meet-the-same-fate-as-cable-tv-says-shows-created-with"
      },
      {
        "datetime": "2023-10-25T08:19:14Z",
        "uri": "https://web.archive.org/web/20231025081914/https://www.benzinga.com/news/23/10/35386565/elon-musk-agrees-netflix-disney-should-maybe-meet-the-same-fate-as-cable-tv-says-shows-created-with"
      },
      {
        "datetime": "2023-10-25T14:29:07Z",
        "uri": "https://web.archive.org/web/20231025142907/https://www.benzinga.com/news/23/10/35386565/elon-musk-agrees-netflix-disney-should-maybe-meet-the-same-fate-as-cable-tv-says-shows-created-with"
      },
      {
        "datetime": "2023-10-25T20:41:48Z",
        "uri": "https://web.archive.org/web/20231025204148/https://www.benzinga.com/news/23/10/35386565/elon-musk-agrees-netflix-disney-should-maybe-meet-the-same-fate-as-cable-tv-says-shows-created-with"
      }
    ],
    "first": {
      "datetime": "2023-10-24T03:05:35Z",
      "uri": "https://web.archive.org/web/20231024030535/http://www.benzinga.com/news/23/10/35386565/elon-musk-agrees-netflix-disney-should-maybe-meet-the-same-fate-as-cable-tv-says-shows-created-with"
    },
    "last": {
      "datetime": "2023-10-25T20:41:48Z",
      "uri": "https://web.archive.org/web/20231025204148/https://www.benzinga.com/news/23/10/35386565/elon-musk-agrees-netflix-disney-should-maybe-meet-the-same-fate-as-cable-tv-says-shows-created-with"
    }
  },
  "timemap_uri": {
    "link_format": "http://localhost:1208/timemap/link/https://www.benzinga.com/news/23/10/35386565/elon-musk-agrees-netflix-disney-should-maybe-meet-the-same-fate-as-cable-tv-says-shows-created-with",
    "json_format": "http://localhost:1208/timemap/json/https://www.benzinga.com/news/23/10/35386565/elon-musk-agrees-netflix-disney-should-maybe-meet-the-same-fate-as-cable-tv-says-shows-created-with",
    "cdxj_format": "http://localhost:1208/timemap/cdxj/https://www.benzinga.com/news/23/10/35386565/elon-musk-agrees-netflix-disney-should-maybe-meet-the-same-fate-as-cable-tv-says-shows-created-with"
  },
  "timegate_uri": "http://localhost:1208/timegate/https://www.benzinga.com/news/23/10/35386565/elon-musk-agrees-netflix-disney-should-maybe-meet-the-same-fate-as-cable-tv-says-shows-created-with"
}
