{
  "original_uri": "https://www.fox2detroit.com/news/trump-lambastes-detroit-in-ballot-counting-criticism-calling-it-corrupt",
  "self": "http://localhost:1208/timemap/json/https://www.fox2detroit.com/news/trump-lambastes-detroit-in-ballot-counting-criticism-calling-it-corrupt",
  "mementos": {
    "list": [
      {
        "datetime": "2020-11-06T02:10:08Z",
        "uri": "https://web.archive.org/web/20201106021008/https://www.fox2detroit.com/news/trump-lambastes-detroit-in-ballot-counting-criticism-calling-it-corrupt"
      },
      {
        "datetime": "2020-11-06T04:24:26Z",
        "uri": "http://archive.md/20201106042426/https://www.fox2detroit.com/news/trump-lambastes-detroit-in-ballot-counting-criticism-calling-it-corrupt"
      },
      {
        "datetime": "2020-11-06T05:30:46Z",
        "uri": "https://web.archive.org/web/20201106053046/https://www.fox2detroit.com/news/trump-lambastes-detroit-in-ballot-counting-criticism-calling-it-corrupt"
      },
      {
        "datetime": "2020-11-06T05:30:46Z",
        "uri": "https://web.archive.org/web/20201106053046/https://fox2detroit.com/news/trump-lambastes-detroit-in-ballot-counting-criticism-calling-it-corrupt"
      },
      {
        "datetime": "2020-11-06T17:09:11Z",
        "uri": "https://web.archive.org/web/20201106170911/https://www.fox2detroit.com/news/trump-lambastes-detroit-in-ballot-counting-criticism-calling-it-corrupt"
      },
      {
        "datetime": "2020-11-13T08:49:22Z",
        "uri": "https://web.archive.org/web/20201113084922/https://www.fox2detroit.com/news/trump-lambastes-detroit-in-ballot-counting-criticism-calling-it-corrupt"
      },
      {
        "datetime": "2020-11-17T11:50:45Z",
        "uri": "https://web.archive.org/web/20201117115045/https://www.fox2detroit.com/news/trump-lambastes-detroit-in-ballot-counting-criticism-calling-it-corrupt"
      },
      {
        "datetime": "2020-11-17T19:39:26Z",
        "uri": "https://arquivo.pt/wayback/20201117193926mp_/https://www.fox2detroit.com/news/trump-lambastes-detroit-in-ballot-counting-criticism-calling-it-corrupt"
      },
      {
        "datetime": "2020-11-18T00:38:26Z",
        "uri": "https://web.archive.org/web/20201118003826/https://www.fox2detroit.com/news/trump-lambastes-detroit-in-ballot-counting-criticism-calling-it-corrupt"
      },
      {
        "datetime": "2020-11-18T04:58:55Z",
        "uri": "https://vefsafn.is/20201118045855mp_/https://www.fox2detroit.com/news/trump-lambastes-detroit-in-ballot-counting-criticism-calling-it-corrupt"
      },
      {
        "datetime": "2020-11-24T01:21:57Z",
        "uri": "https://web.archive.org/web/20201124012157/https://www.fox2detroit.com/news/trump-lambastes-detroit-in-ballot-counting-criticism-calling-it-corrupt"
      },
      {
        "datetime": "2020-11-26T14:45:33Z",
        "uri": "https://web.archive.org/web/20201126144533/https://www.fox2detroit.com/news/trump-lambastes-detroit-in-ballot-counting-criticism-calling-it-corrupt"
      },
      {
        "datetime": "2021-01-05T14:04:23Z",
        "uri": "https://webarchive.loc.gov/all/20210105140423/https://www.fox2detroit.com/news/trump-lambastes-detroit-in-ballot-counting-criticism-calling-it-corrupt"
      },
      {
        "datetime": "2021-01-06T21:28:12Z",
        "uri": "https://webarchive.loc.gov/all/20210106212812/https://www.fox2detroit.com/news/trump-lambastes-detroit-in-ballot-counting-criticism-calling-it-corrupt"
      },
      {
        "datetime": "2021-01-08T06:25:45Z",
        "uri": "https://web.archive.org/web/20210108062545/https://www.fox2detroit.com/news/trump-lambastes-detroit-in-ballot-counting-criticism-calling-it-corrupt"
      },
      {
        "datetime": "2021-01-14T13:58:13Z",
        "uri": "https://web.archive.org/web/20210114135813/https://www.fox2detroit.com/news/trump-lambastes-detroit-in-ballot-counting-criticism-calling-it-corrupt"
      },
      {
        "datetime": "2021-01-21T20:03:19Z",
        "uri": "https://arquivo.pt/wayback/20210121200319mp_/https://www.fox2detroit.com/news/trump-lambastes-detroit-in-ballot-counting-criticism-calling-it-corrupt"
      },
      {
        "datetime": "2021-01-25T13:09:17Z",
        "uri": "https://web.archive.org/web/20210125130917/https://www.fox2detroit.com/news/trump-lambastes-detroit-in-ballot-counting-criticism-calling-it-corrupt"
      },
      {
        "datetime": "2021-01-25T13:21:17Z",
        "uri": "https://web.archive.org/web/20210125132117/https://www.fox2detroit.com/news/trump-lambastes-detroit-in-ballot-counting-criticism-calling-it-corrupt"
      },
      {
        "datetime": "2021-01-25T14:38:15Z",
        "uri": "https://web.archive.org/web/20210125143815/https://www.fox2detroit.com/news/trump-lambastes-detroit-in-ballot-counting-criticism-calling-it-corrupt"
      },
      {
        "datetime": "2021-03-01T22:57:25Z",
        "uri": "https://web.archive.org/web/20210301225725/https://www.fox2detroit.com/news/trump-lambastes-detroit-in-ballot-counting-criticism-calling-it-corrupt"
      },
      {
        "datetime": "2021-05-10T07:39:42Z",
        "uri": "https://web.archive.org/web/20210510073942/https://www.fox2detroit.com/news/trump-lambastes-detroit-in-ballot-counting-criticism-calling-it-corrupt"
      },
      {
        "datetime": "2021-07-31T02:29:52Z",
        "uri": "https://web.archive.org/web/20210731022952/https://www.fox2detroit.com/news/trump-lambastes-detroit-in-ballot-counting-criticism-calling-it-corrupt"
      },
      {
        "datetime": "2021-12-01T21:34:08Z",
        "uri": "https://web.archive.org/web/20211201213408/https://www.fox2detroit.com/news/trump-lambastes-detroit-in-ballot-counting-criticism-calling-it-corrupt"
      },
      {
        "datetime": "2022-07-07T01:14:00Z",
        "uri": "https://web.archive.org/web/20220707011400/https://www.fox2detroit.com/news/trump-lambastes-detroit-in-ballot-counting-criticism-calling-it-corrupt"
      },
      {
        "datetime": "2022-11-08T06:28:22Z",
        "uri": "https://web.archive.org/web/20221108062822/https://www.fox2detroit.com/news/trump-lambastes-detroit-in-ballot-counting-criticism-calling-it-corrupt"
      },
      {
        "datetime": "2023-08-03T02:52:11Z",
        "uri": "https://web.archive.org/web/20230803025211/https://www.fox2detroit.com/news/trump-lambastes-detroit-in-ballot-counting-criticism-calling-it-corrupt"
      },
      {
        "datetime": "2023-08-04T23:19:32Z",
        "uri": "https://web.archive.org/web/20230804231932/https://www.fox2detroit.com/news/trump-lambastes-detroit-in-ballot-counting-criticism-calling-it-corrupt"
      },
      {
        "datetime": "2023-08-10T19:23:27Z",
        "uri": "https://web.archive.org/web/20230810192327/https://www.fox2detroit.com/news/trump-lambastes-detroit-in-ballot-counting-criticism-calling-it-corrupt"
      }
    ],
    "first": {
      "datetime": "2020-11-06T02:10:08Z",
      "uri": "https://web.archive.org/web/20201106021008/https://www.fox2detroit.com/news/trump-lambastes-detroit-in-ballot-counting-criticism-calling-it-corrupt"
    },
    "last": {
      "datetime": "2023-08-10T19:23:27Z",
      "uri": "https://web.archive.org/web/20230810192327/https://www.fox2detroit.com/news/trump-lambastes-detroit-in-ballot-counting-criticism-calling-it-corrupt"
    }
  },
  "timemap_uri": {
    "link_format": "http://localhost:1208/timemap/link/https://www.fox2detroit.com/news/trump-lambastes-detroit-in-ballot-counting-criticism-calling-it-corrupt",
    "json_format": "http://localhost:1208/timemap/json/https://www.fox2detroit.com/news/trump-lambastes-detroit-in-ballot-counting-criticism-calling-it-corrupt",
    "cdxj_format": "http://localhost:1208/timemap/cdxj/https://www.fox2detroit.com/news/trump-lambastes-detroit-in-ballot-counting-criticism-calling-it-corrupt"
  },
  "timegate_uri": "http://localhost:1208/timegate/https://www.fox2detroit.com/news/trump-lambastes-detroit-in-ballot-counting-criticism-calling-it-corrupt"
}
