{
  "original_uri": "https://lidea.today/articles/463",
  "self": "http://localhost:1208/timemap/json/https://lidea.today/articles/463",
  "mementos": {
    "list": [
      {
        "datetime": "2015-04-14T23:02:36Z",
        "uri": "https://web.archive.org/web/20150414230236/https://lidea.today/articles/463"
      },
      {
        "datetime": "2018-03-15T09:40:59Z",
        "uri": "https://web.archive.org/web/20180315094059/https://lidea.today/articles/463"
      },
      {
        "datetime": "2018-03-22T15:53:08Z",
        "uri": "https://web.archive.org/web/20180322155308/https://lidea.today/articles/463"
      },
      {
        "datetime": "2018-03-30T01:32:21Z",
        "uri": "https://web.archive.org/web/20180330013221/https://lidea.today/articles/463"
      },
      {
        "datetime": "2018-04-05T21:18:43Z",
        "uri": "https://web.archive.org/web/20180405211843/https://lidea.today/articles/463"
      },
      {
        "datetime": "2018-04-14T17:31:52Z",
        "uri": "https://web.archive.org/web/20180414173152/https://lidea.today/articles/463"
      },
      {
        "datetime": "2018-04-19T22:34:33Z",
        "uri": "https://web.archive.org/web/20180419223433/https://lidea.today/articles/463"
      },
      {
        "datetime": "2018-04-26T21:12:21Z",
        "uri": "https://web.archive.org/web/20180426211221/https://lidea.today/articles/463"
      },
      {
        "datetime": "2018-05-04T03:33:20Z",
        "uri": "https://web.archive.org/web/20180504033320/https://lidea.today/articles/463"
      },
      {
        "datetime": "2018-05-10T16:17:35Z",
        "uri": "https://web.archive.org/web/20180510161735/https://lidea.today/articles/463"
      },
      {
        "datetime": "2018-05-18T09:07:50Z",
        "uri": "https://web.archive.org/web/20180518090750/https://lidea.today/articles/463"
      },
      {
        "datetime": "2018-05-26T01:48:55Z",
        "uri": "https://web.archive.org/web/20180526014855/https://lidea.today/articles/463"
      },
      {
        "datetime": "2018-06-02T02:01:06Z",
        "uri": "https://web.archive.org/web/20180602020106/https://lidea.today/articles/463"
      },
      {
        "datetime": "2018-06-21T18:45:20Z",
        "uri": "https://web.archive.org/web/20180621184520/https://lidea.today/articles/463"
      },
      {
        "datetime": "2018-06-28T14:52:08Z",
        "uri": "https://web.archive.org/web/20180628145208/https://lidea.today/articles/463"
      },
      {
        "datetime": "2018-07-05T16:43:42Z",
        "uri": "https://web.archive.org/web/20180705164342/https://lidea.today/articles/463"
      },
      {
        "datetime": "2018-07-26T11:19:56Z",
        "uri": "https://web.archive.org/web/20180726111956/https://lidea.today/articles/463"
      },
      {
        "datetime": "2018-08-02T16:13:39Z",
        "uri": "https://web.archive.org/web/20180802161339/https://lidea.today/articles/463"
      },
      {
        "datetime": "2018-08-09T17:03:49Z",
        "uri": "https://web.archive.org/web/20180809170349/https://lidea.today/articles/463"
      },
      {
        "datetime": "2018-08-16T21:05:01Z",
        "uri": "https://web.archive.org/web/20180816210501/https://lidea.today/articles/463"
      },
      {
        "datetime": "2018-08-23T20:16:30Z",
        "uri": "https://web.archive.org/web/20180823201630/https://lidea.today/articles/463"
      },
      {
        "datetime": "2018-08-30T18:21:30Z",
        "uri": "https://web.archive.org/web/20180830182130/https://lidea.today/articles/463"
      },
      {
        "datetime": "2018-09-06T20:11:04Z",
        "uri": "https://web.archive.org/web/20180906201104/https://lidea.today/articles/463"
      },
      {
        "datetime": "2018-09-13T15:42:16Z",
        "uri": "https://web.archive.org/web/20180913154216/https://lidea.today/articles/463"
      },
      {
        "datetime": "2018-09-20T13:57:58Z",
        "uri": "https://web.archive.org/web/20180920135758/https://lidea.today/articles/463"
      },
      {
        "datetime": "2018-09-28T11:24:58Z",
        "uri": "https://web.archive.org/web/20180928112458/https://lidea.today/articles/463"
      },
      {
        "datetime": "2018-10-05T15:46:57Z",
        "uri": "https://web.archive.org/web/20181005154657/https://lidea.today/articles/463"
      },
      {
        "datetime": "2018-10-11T16:27:20Z",
        "uri": "https://web.archive.org/web/20181011162720/https://lidea.today/articles/463"
      },
      {
        "datetime": "2018-10-18T14:51:14Z",
        "uri": "https://web.archive.org/web/20181018145114/https://lidea.today/articles/463"
      },
      {
        "datetime": "2018-10-25T14:05:06Z",
        "uri": "https://web.archive.org/web/20181025140506/https://lidea.today/articles/463"
      },
      {
        "datetime": "2018-11-01T16:04:27Z",
        "uri": "https://web.archive.org/web/20181101160427/https://lidea.today/articles/463"
      },
      {
        "datetime": "2018-11-09T08:12:07Z",
        "uri": "https://web.archive.org/web/20181109081207/https://lidea.today/articles/463"
      },
      {
        "datetime": "2018-11-17T11:06:56Z",
        "uri": "https://web.archive.org/web/20181117110656/https://lidea.today/articles/463"
      },
      {
        "datetime": "2018-11-22T09:43:39Z",
        "uri": "https://web.archive.org/web/20181122094339/https://lidea.today/articles/463"
      },
      {
        "datetime": "2018-11-29T15:21:06Z",
        "uri": "https://web.archive.org/web/20181129152106/https://lidea.today/articles/463"
      },
      {
        "datetime": "2018-12-06T15:21:39Z",
        "uri": "https://web.archive.org/web/20181206152139/https://lidea.today/articles/463"
      },
      {
        "datetime": "2018-12-20T07:14:58Z",
        "uri": "https://web.archive.org/web/20181220071458/https://lidea.today/articles/463"
      },
      {
        "datetime": "2018-12-28T20:31:08Z",
        "uri": "https://web.archive.org/web/20181228203108/https://lidea.today/articles/463"
      },
      {
        "datetime": "2019-01-03T08:54:28Z",
        "uri": "https://web.archive.org/web/20190103085428/https://lidea.today/articles/463"
      },
      {
        "datetime": "2019-01-10T07:41:33Z",
        "uri": "https://web.archive.org/web/20190110074133/https://lidea.today/articles/463"
      },
      {
        "datetime": "2019-01-17T13:03:47Z",
        "uri": "https://web.archive.org/web/20190117130347/https://lidea.today/articles/463"
      },
      {
        "datetime": "2019-01-25T18:34:38Z",
        "uri": "https://web.archive.org/web/20190125183438/https://lidea.today/articles/463"
      },
      {
        "datetime": "2019-02-07T08:34:33Z",
        "uri": "https://web.archive.org/web/20190207083433/https://lidea.today/articles/463"
      },
      {
        "datetime": "2019-02-14T16:02:03Z",
        "uri": "https://web.archive.org/web/20190214160203/https://lidea.today/articles/463"
      },
      {
        "datetime": "2019-02-21T11:34:02Z",
        "uri": "https://web.archive.org/web/20190221113402/https://lidea.today/articles/463"
      },
      {
        "datetime": "2019-02-28T11:21:29Z",
        "uri": "https://web.archive.org/web/20190228112129/https://lidea.today/articles/463"
      },
      {
        "datetime": "2019-03-07T08:09:14Z",
        "uri": "https://web.archive.org/web/20190307080914/https://lidea.today/articles/463"
      },
      {
        "datetime": "2019-03-29T18:40:11Z",
        "uri": "https://web.archive.org/web/20190329184011/https://lidea.today/articles/463"
      },
      {
        "datetime": "2019-07-02T15:09:56Z",
        "uri": "https://web.archive.org/web/20190702150956/https://lidea.today/articles/463"
      },
      {
        "datetime": "2020-05-27T01:31:59Z",
        "uri": "https://web.archive.org/web/20200527013159/https://lidea.today/articles/463"
      },
      {
        "datetime": "2020-06-06T10:02:38Z",
        "uri": "https://web.archive.org/web/20200606100238/https://lidea.today/articles/463"
      },
      {
        "datetime": "2020-06-17T14:36:40Z",
        "uri": "https://web.archive.org/web/20200617143640/https://lidea.today/articles/463"
      },
      {
        "datetime": "2020-09-21T03:57:25Z",
        "uri": "https://web.archive.org/web/20200921035725/https://lidea.today/articles/463"
      },
      {
        "datetime": "2020-10-29T14:47:47Z",
        "uri": "https://web.archive.org/web/20201029144747/https://lidea.today/articles/463"
      },
      {
        "datetime": "2020-12-04T11:46:44Z",
        "uri": "https://web.archive.org/web/20201204114644/https://lidea.today/articles/463"
      },
      {
        "datetime": "2021-02-27T13:38:53Z",
        "uri": "https://web.archive.org/web/20210227133853/https://lidea.today/articles/463"
      },
      {
        "datetime": "2021-04-10T16:21:36Z",
        "uri": "https://web.archive.org/web/20210410162136/https://lidea.today/articles/463"
      },
      {
        "datetime": "2021-05-12T18:42:06Z",
        "uri": "https://web.archive.org/web/20210512184206/https://lidea.today/articles/463"
      },
      {
        "datetime": "2021-07-15T00:23:41Z",
        "uri": "https://web.archive.org/web/20210715002341/https://lidea.today/articles/463"
      },
      {
        "datetime": "2021-07-17T13:37:59Z",
        "uri": "https://web.archive.org/web/20210717133759/https://lidea.today/articles/463"
      },
      {
        "datetime": "2021-07-26T18:02:26Z",
        "uri": "https://web.archive.org/web/20210726180226/https://lidea.today/articles/463"
      },
      {
        "datetime": "2021-08-25T12:00:10Z",
        "uri": "https://web.archive.org/web/20210825120010/https://lidea.today/articles/463"
      },
      {
        "datetime": "2021-08-25T12:01:59Z",
        "uri": "https://web.archive.org/web/20210825120159/https://lidea.today/articles/463"
      },
      {
        "datetime": "2021-10-26T12:57:34Z",
        "uri": "https://web.archive.org/web/20211026125734/https://lidea.today/articles/463"
      },
      {
        "datetime": "2022-05-24T19:49:00Z",
        "uri": "https://web.archive.org/web/20220524194900/https://lidea.today/articles/463"
      },
      {
        "datetime": "2022-09-28T13:53:59Z",
        "uri": "https://web.archive.org/web/20220928135359/https://lidea.today/articles/463"
      },
      {
        "datetime": "2022-10-01T04:21:53Z",
        "uri": "https://web.archive.org/web/20221001042153/https://lidea.today/articles/463"
      },
      {
        "datetime": "2023-03-27T11:38:48Z",
        "uri": "https://web.archive.org/web/20230327113848/https://lidea.today/articles/463"
      }
    ],
    "first": {
      "datetime": "2015-04-14T23:02:36Z",
      "uri": "https://web.archive.org/web/20150414230236/https://lidea.today/articles/463"
    },
    "last": {
      "datetime": "2023-03-27T11:38:48Z",
      "uri": "https://web.archive.org/web/20230327113848/https://lidea.today/articles/463"
    }
  },
  "timemap_uri": {
    "link_format": "http://localhost:1208/timemap/link/https://lidea.today/articles/463",
    "json_format": "http://localhost:1208/timemap/json/https://lidea.today/articles/463",
    "cdxj_format": "http://localhost:1208/timemap/cdxj/https://lidea.today/articles/463"
  },
  "timegate_uri": "http://localhost:1208/timegate/https://lidea.today/articles/463"
}
