{
  "original_uri": "https://www.trthaber.com/haber/dunya/israilin-saldirilarinda-bir-gecede-110-filistinli-hayatini-kaybetti-806305.html",
  "self": "http://localhost:1208/timemap/json/https://www.trthaber.com/haber/dunya/israilin-saldirilarinda-bir-gecede-110-filistinli-hayatini-kaybetti-806305.html",
  "mementos": {
    "list": [
      {
        "datetime": "2023-10-25T02:55:25Z",
        "uri": "https://web.archive.org/web/20231025025525/https://www.trthaber.com/haber/dunya/israilin-saldirilarinda-bir-gecede-110-filistinli-hayatini-kaybetti-806305.html"
      },
      {
        "datetime": "2023-10-25T04:05:49Z",
        "uri": "https://web.archive.org/web/20231025040549/https://www.trthaber.com/haber/dunya/israilin-saldirilarinda-bir-gecede-110-filistinli-hayatini-kaybetti-806305.html"
      },
      {
        "datetime": "2023-10-25T14:03:34Z",
        "uri": "https://web.archive.org/web/20231025140334/https://www.trthaber.com/haber/dunya/israilin-saldirilarinda-bir-gecede-110-filistinli-hayatini-kaybetti-806305.html"
      }
    ],
    "first": {
      "datetime": "2023-10-25T02:55:25Z",
      "uri": "https://web.archive.org/web/20231025025525/https://www.trthaber.com/haber/dunya/israilin-saldirilarinda-bir-gecede-110-filistinli-hayatini-kaybetti-806305.html"
    },
    "last": {
      "datetime": "2023-10-25T14:03:34Z",
      "uri": "https://web.archive.org/web/20231025140334/https://www.trthaber.com/haber/dunya/israilin-saldirilarinda-bir-gecede-110-filistinli-hayatini-kaybetti-806305.html"
    }
  },
  "timemap_uri": {
    "link_format": "http://localhost:1208/timemap/link/https://www.trthaber.com/haber/dunya/israilin-saldirilarinda-bir-gecede-110-filistinli-hayatini-kaybetti-806305.html",
    "json_format": "http://localhost:1208/timemap/json/https://www.trthaber.com/haber/dunya/israilin-saldirilarinda-bir-gecede-110-filistinli-hayatini-kaybetti-806305.html",
    "cdxj_format": "http://localhost:1208/timemap/cdxj/https://www.trthaber.com/haber/dunya/israilin-saldirilarinda-bir-gecede-110-filistinli-hayatini-kaybetti-806305.html"
  },
  "timegate_uri": "http://localhost:1208/timegate/https://www.trthaber.com/haber/dunya/israilin-saldirilarinda-bir-gecede-110-filistinli-hayatini-kaybetti-806305.html"
}
