{
  "original_uri": "https://www.dawn.com/news/1783268",
  "self": "http://localhost:1208/timemap/json/https://www.dawn.com/news/1783268",
  "mementos": {
    "list": [
      {
        "datetime": "2023-10-24T09:15:58Z",
        "uri": "https://web.archive.org/web/20231024091558/https://www.dawn.com/news/1783268"
      },
      {
        "datetime": "2023-10-24T17:50:37Z",
        "uri": "https://web.archive.org/web/20231024175037/https://www.dawn.com/news/1783268"
      }
    ],
    "first": {
      "datetime": "2023-10-24T09:15:58Z",
      "uri": "https://web.archive.org/web/20231024091558/https://www.dawn.com/news/1783268"
    },
    "last": {
      "datetime": "2023-10-24T17:50:37Z",
      "uri": "https://web.archive.org/web/20231024175037/https://www.dawn.com/news/1783268"
    }
  },
  "timemap_uri": {
    "link_format": "http://localhost:1208/timemap/link/https://www.dawn.com/news/1783268",
    "json_format": "http://localhost:1208/timemap/json/https://www.dawn.com/news/1783268",
    "cdxj_format": "http://localhost:1208/timemap/cdxj/https://www.dawn.com/news/1783268"
  },
  "timegate_uri": "http://localhost:1208/timegate/https://www.dawn.com/news/1783268"
}
