{
  "original_uri": "https://www.ufsm.br/2023/10/23/tv-campus-lanca-minidocumentario-sobre-a-casa-do-estudante-universitario",
  "self": "http://localhost:1208/timemap/json/https://www.ufsm.br/2023/10/23/tv-campus-lanca-minidocumentario-sobre-a-casa-do-estudante-universitario",
  "mementos": {
    "list": [
      {
        "datetime": "2023-10-24T03:06:50Z",
        "uri": "https://web.archive.org/web/20231024030650/https://www.ufsm.br/2023/10/23/tv-campus-lanca-minidocumentario-sobre-a-casa-do-estudante-universitario"
      },
      {
        "datetime": "2023-10-24T04:16:42Z",
        "uri": "https://web.archive.org/web/20231024041642/https://www.ufsm.br/2023/10/23/tv-campus-lanca-minidocumentario-sobre-a-casa-do-estudante-universitario"
      },
      {
        "datetime": "2023-10-24T13:51:46Z",
        "uri": "https://web.archive.org/web/20231024135146/https://www.ufsm.br/2023/10/23/tv-campus-lanca-minidocumentario-sobre-a-casa-do-estudante-universitario"
      },
      {
        "datetime": "2023-10-24T15:24:46Z",
        "uri": "https://web.archive.org/web/20231024152446/https://www.ufsm.br/2023/10/23/tv-campus-lanca-minidocumentario-sobre-a-casa-do-estudante-universitario"
      },
      {
        "datetime": "2023-10-25T16:57:26Z",
        "uri": "https://web.archive.org/web/20231025165726/https://www.ufsm.br/2023/10/23/tv-campus-lanca-minidocumentario-sobre-a-casa-do-estudante-universitario"
      }
    ],
    "first": {
      "datetime": "2023-10-24T03:06:50Z",
      "uri": "https://web.archive.org/web/20231024030650/https://www.ufsm.br/2023/10/23/tv-campus-lanca-minidocumentario-sobre-a-casa-do-estudante-universitario"
    },
    "last": {
      "datetime": "2023-10-25T16:57:26Z",
      "uri": "https://web.archive.org/web/20231025165726/https://www.ufsm.br/2023/10/23/tv-campus-lanca-minidocumentario-sobre-a-casa-do-estudante-universitario"
    }
  },
  "timemap_uri": {
    "link_format": "http://localhost:1208/timemap/link/https://www.ufsm.br/2023/10/23/tv-campus-lanca-minidocumentario-sobre-a-casa-do-estudante-universitario",
    "json_format": "http://localhost:1208/timemap/json/https://www.ufsm.br/2023/10/23/tv-campus-lanca-minidocumentario-sobre-a-casa-do-estudante-universitario",
    "cdxj_format": "http://localhost:1208/timemap/cdxj/https://www.ufsm.br/2023/10/23/tv-campus-lanca-minidocumentario-sobre-a-casa-do-estudante-universitario"
  },
  "timegate_uri": "http://localhost:1208/timegate/https://www.ufsm.br/2023/10/23/tv-campus-lanca-minidocumentario-sobre-a-casa-do-estudante-universitario"
}
