{
  "original_uri": "https://speedinews.com/2023/10/24/lil-wayne-nicki-minaj-fans-debate-who-will-sell-more-ahead-of-album-showdown/",
  "self": "http://localhost:1208/timemap/json/https://speedinews.com/2023/10/24/lil-wayne-nicki-minaj-fans-debate-who-will-sell-more-ahead-of-album-showdown/",
  "mementos": {
    "list": [
      {
        "datetime": "2023-10-24T01:37:17Z",
        "uri": "https://web.archive.org/web/20231024013717/https://speedinews.com/2023/10/24/lil-wayne-nicki-minaj-fans-debate-who-will-sell-more-ahead-of-album-showdown/"
      }
    ],
    "first": {
      "datetime": "2023-10-24T01:37:17Z",
      "uri": "https://web.archive.org/web/20231024013717/https://speedinews.com/2023/10/24/lil-wayne-nicki-minaj-fans-debate-who-will-sell-more-ahead-of-album-showdown/"
    },
    "last": {
      "datetime": "2023-10-24T01:37:17Z",
      "uri": "https://web.archive.org/web/20231024013717/https://speedinews.com/2023/10/24/lil-wayne-nicki-minaj-fans-debate-who-will-sell-more-ahead-of-album-showdown/"
    }
  },
  "timemap_uri": {
    "link_format": "http://localhost:1208/timemap/link/https://speedinews.com/2023/10/24/lil-wayne-nicki-minaj-fans-debate-who-will-sell-more-ahead-of-album-showdown/",
    "json_format": "http://localhost:1208/timemap/json/https://speedinews.com/2023/10/24/lil-wayne-nicki-minaj-fans-debate-who-will-sell-more-ahead-of-album-showdown/",
    "cdxj_format": "http://localhost:1208/timemap/cdxj/https://speedinews.com/2023/10/24/lil-wayne-nicki-minaj-fans-debate-who-will-sell-more-ahead-of-album-showdown/"
  },
  "timegate_uri": "http://localhost:1208/timegate/https://speedinews.com/2023/10/24/lil-wayne-nicki-minaj-fans-debate-who-will-sell-more-ahead-of-album-showdown/"
}
