{
  "original_uri": "https://www.nbcnews.com/nightly-news/video/israeli-boy-ohad-munder-zichri-marks-9th-birthday-as-a-hostage-in-gaza-196246597614",
  "self": "http://localhost:1208/timemap/json/https://www.nbcnews.com/nightly-news/video/israeli-boy-ohad-munder-zichri-marks-9th-birthday-as-a-hostage-in-gaza-196246597614",
  "mementos": {
    "list": [
      {
        "datetime": "2023-10-23T23:57:39Z",
        "uri": "https://web.archive.org/web/20231023235739/https://www.nbcnews.com/nightly-news/video/israeli-boy-ohad-munder-zichri-marks-9th-birthday-as-a-hostage-in-gaza-196246597614"
      },
      {
        "datetime": "2023-10-24T01:43:22Z",
        "uri": "https://web.archive.org/web/20231024014322/https://www.nbcnews.com/nightly-news/video/israeli-boy-ohad-munder-zichri-marks-9th-birthday-as-a-hostage-in-gaza-196246597614"
      },
      {
        "datetime": "2023-10-24T05:54:56Z",
        "uri": "https://web.archive.org/web/20231024055456/https://www.nbcnews.com/nightly-news/video/israeli-boy-ohad-munder-zichri-marks-9th-birthday-as-a-hostage-in-gaza-196246597614"
      },
      {
        "datetime": "2023-10-24T07:24:21Z",
        "uri": "https://wayback.archive-it.org/all/20231024072421/https://www.nbcnews.com/nightly-news/video/israeli-boy-ohad-munder-zichri-marks-9th-birthday-as-a-hostage-in-gaza-196246597614"
      },
      {
        "datetime": "2023-10-24T10:07:50Z",
        "uri": "https://web.archive.org/web/20231024100750/https://www.nbcnews.com/nightly-news/video/israeli-boy-ohad-munder-zichri-marks-9th-birthday-as-a-hostage-in-gaza-196246597614"
      },
      {
        "datetime": "2023-10-24T20:41:34Z",
        "uri": "https://wayback.archive-it.org/all/20231024204134/https://www.nbcnews.com/nightly-news/video/israeli-boy-ohad-munder-zichri-marks-9th-birthday-as-a-hostage-in-gaza-196246597614"
      },
      {
        "datetime": "2023-10-25T01:37:20Z",
        "uri": "https://web.archive.org/web/20231025013720/https://www.nbcnews.com/nightly-news/video/israeli-boy-ohad-munder-zichri-marks-9th-birthday-as-a-hostage-in-gaza-196246597614"
      },
      {
        "datetime": "2023-10-25T11:26:50Z",
        "uri": "https://web.archive.org/web/20231025112650/https://www.nbcnews.com/nightly-news/video/israeli-boy-ohad-munder-zichri-marks-9th-birthday-as-a-hostage-in-gaza-196246597614"
      },
      {
        "datetime": "2023-10-25T22:25:50Z",
        "uri": "https://wayback.archive-it.org/all/20231025222550/https://www.nbcnews.com/nightly-news/video/israeli-boy-ohad-munder-zichri-marks-9th-birthday-as-a-hostage-in-gaza-196246597614"
      },
      {
        "datetime": "2023-10-26T10:31:22Z",
        "uri": "https://web.archive.org/web/20231026103122/https://www.nbcnews.com/nightly-news/video/israeli-boy-ohad-munder-zichri-marks-9th-birthday-as-a-hostage-in-gaza-196246597614"
      }
    ],
    "first": {
      "datetime": "2023-10-23T23:57:39Z",
      "uri": "https://web.archive.org/web/20231023235739/https://www.nbcnews.com/nightly-news/video/israeli-boy-ohad-munder-zichri-marks-9th-birthday-as-a-hostage-in-gaza-196246597614"
    },
    "last": {
      "datetime": "2023-10-26T10:31:22Z",
      "uri": "https://web.archive.org/web/20231026103122/https://www.nbcnews.com/nightly-news/video/israeli-boy-ohad-munder-zichri-marks-9th-birthday-as-a-hostage-in-gaza-196246597614"
    }
  },
  "timemap_uri": {
    "link_format": "http://localhost:1208/timemap/link/https://www.nbcnews.com/nightly-news/video/israeli-boy-ohad-munder-zichri-marks-9th-birthday-as-a-hostage-in-gaza-196246597614",
    "json_format": "http://localhost:1208/timemap/json/https://www.nbcnews.com/nightly-news/video/israeli-boy-ohad-munder-zichri-marks-9th-birthday-as-a-hostage-in-gaza-196246597614",
    "cdxj_format": "http://localhost:1208/timemap/cdxj/https://www.nbcnews.com/nightly-news/video/israeli-boy-ohad-munder-zichri-marks-9th-birthday-as-a-hostage-in-gaza-196246597614"
  },
  "timegate_uri": "http://localhost:1208/timegate/https://www.nbcnews.com/nightly-news/video/israeli-boy-ohad-munder-zichri-marks-9th-birthday-as-a-hostage-in-gaza-196246597614"
}
