{
  "original_uri": "https://deadline.com/2023/10/taylor-swifts-cruel-summer-no-1-lover-album-1235581100/",
  "self": "http://localhost:1208/timemap/json/https://deadline.com/2023/10/taylor-swifts-cruel-summer-no-1-lover-album-1235581100/",
  "mementos": {
    "list": [
      {
        "datetime": "2023-10-24T00:26:16Z",
        "uri": "https://web.archive.org/web/20231024002616/https://deadline.com/2023/10/taylor-swifts-cruel-summer-no-1-lover-album-1235581100/"
      },
      {
        "datetime": "2023-10-24T00:27:13Z",
        "uri": "https://web.archive.org/web/20231024002713/https://deadline.com/2023/10/taylor-swifts-cruel-summer-no-1-lover-album-1235581100/"
      },
      {
        "datetime": "2023-10-24T04:23:40Z",
        "uri": "https://web.archive.org/web/20231024042340/https://deadline.com/2023/10/taylor-swifts-cruel-summer-no-1-lover-album-1235581100/"
      },
      {
        "datetime": "2023-10-24T06:39:57Z",
        "uri": "https://web.archive.org/web/20231024063957/https://deadline.com/2023/10/taylor-swifts-cruel-summer-no-1-lover-album-1235581100/"
      },
      {
        "datetime": "2023-10-24T06:42:13Z",
        "uri": "https://web.archive.org/web/20231024064213/https://deadline.com/2023/10/taylor-swifts-cruel-summer-no-1-lover-album-1235581100/"
      },
      {
        "datetime": "2023-10-24T11:49:23Z",
        "uri": "https://web.archive.org/web/20231024114923/https://deadline.com/2023/10/taylor-swifts-cruel-summer-no-1-lover-album-1235581100/"
      },
      {
        "datetime": "2023-10-25T01:59:59Z",
        "uri": "https://web.archive.org/web/20231025015959/https://deadline.com/2023/10/taylor-swifts-cruel-summer-no-1-lover-album-1235581100/"
      },
      {
        "datetime": "2023-10-25T03:06:34Z",
        "uri": "https://web.archive.org/web/20231025030634/https://deadline.com/2023/10/taylor-swifts-cruel-summer-no-1-lover-album-1235581100/"
      },
      {
        "datetime": "2023-10-25T05:22:35Z",
        "uri": "https://web.archive.org/web/20231025052235/https://deadline.com/2023/10/taylor-swifts-cruel-summer-no-1-lover-album-1235581100/"
      },
      {
        "datetime": "2023-10-25T15:12:17Z",
        "uri": "https://web.archive.org/web/20231025151217/https://deadline.com/2023/10/taylor-swifts-cruel-summer-no-1-lover-album-1235581100/"
      }
    ],
    "first": {
      "datetime": "2023-10-24T00:26:16Z",
      "uri": "https://web.archive.org/web/20231024002616/https://deadline.com/2023/10/taylor-swifts-cruel-summer-no-1-lover-album-1235581100/"
    },
    "last": {
      "datetime": "2023-10-25T15:12:17Z",
      "uri": "https://web.archive.org/web/20231025151217/https://deadline.com/2023/10/taylor-swifts-cruel-summer-no-1-lover-album-1235581100/"
    }
  },
  "timemap_uri": {
    "link_format": "http://localhost:1208/timemap/link/https://deadline.com/2023/10/taylor-swifts-cruel-summer-no-1-lover-album-1235581100/",
    "json_format": "http://localhost:1208/timemap/json/https://deadline.com/2023/10/taylor-swifts-cruel-summer-no-1-lover-album-1235581100/",
    "cdxj_format": "http://localhost:1208/timemap/cdxj/https://deadline.com/2023/10/taylor-swifts-cruel-summer-no-1-lover-album-1235581100/"
  },
  "timegate_uri": "http://localhost:1208/timegate/https://deadline.com/2023/10/taylor-swifts-cruel-summer-no-1-lover-album-1235581100/"
}
