{
  "original_uri": "https://micromobility.com/",
  "self": "http://localhost:1208/timemap/json/https://micromobility.com/",
  "mementos": {
    "list": [
      {
        "datetime": "2001-07-18T17:40:08Z",
        "uri": "https://web.archive.org/web/20010718174008/http://www.micromobility.com:80/"
      },
      {
        "datetime": "2001-09-29T11:32:23Z",
        "uri": "https://web.archive.org/web/20010929113223/http://micromobility.com:80/"
      },
      {
        "datetime": "2001-12-03T01:30:14Z",
        "uri": "https://web.archive.org/web/20011203013014/http://micromobility.com:80/"
      },
      {
        "datetime": "2002-01-25T11:17:09Z",
        "uri": "https://web.archive.org/web/20020125111709/http://micromobility.com:80/"
      },
      {
        "datetime": "2002-03-30T12:27:13Z",
        "uri": "https://web.archive.org/web/20020330122713/http://micromobility.com:80/"
      },
      {
        "datetime": "2002-05-27T00:12:46Z",
        "uri": "https://web.archive.org/web/20020527001246/http://micromobility.com:80/"
      },
      {
        "datetime": "2002-11-29T14:28:52Z",
        "uri": "https://web.archive.org/web/20021129142852/http://micromobility.com:80/"
      },
      {
        "datetime": "2003-02-09T11:18:03Z",
        "uri": "https://web.archive.org/web/20030209111803/http://micromobility.com:80/"
      },
      {
        "datetime": "2003-02-11T06:01:38Z",
        "uri": "https://web.archive.org/web/20030211060138/http://micromobility.com:80/"
      },
      {
        "datetime": "2003-02-11T11:46:46Z",
        "uri": "https://web.archive.org/web/20030211114646/http://www.micromobility.com:80/"
      },
      {
        "datetime": "2003-03-26T01:28:24Z",
        "uri": "https://web.archive.org/web/20030326012824/http://micromobility.com:80/"
      },
      {
        "datetime": "2003-04-25T21:06:01Z",
        "uri": "https://web.archive.org/web/20030425210601/http://www.micromobility.com:80/"
      },
      {
        "datetime": "2003-06-07T15:03:59Z",
        "uri": "https://web.archive.org/web/20030607150359/http://micromobility.com:80/"
      },
      {
        "datetime": "2003-06-19T17:28:49Z",
        "uri": "https://web.archive.org/web/20030619172849/http://www.micromobility.com:80/"
      },
      {
        "datetime": "2003-08-06T17:27:35Z",
        "uri": "https://web.archive.org/web/20030806172735/http://www.micromobility.com:80/"
      },
      {
        "datetime": "2003-09-20T19:45:07Z",
        "uri": "https://web.archive.org/web/20030920194507/http://micromobility.com:80/"
      },
      {
        "datetime": "2003-10-08T10:47:41Z",
        "uri": "https://web.archive.org/web/20031008104741/http://www.micromobility.com:80/"
      },
      {
        "datetime": "2003-11-20T21:13:49Z",
        "uri": "https://web.archive.org/web/20031120211349/http://micromobility.com:80/"
      },
      {
        "datetime": "2003-12-03T21:23:48Z",
        "uri": "https://web.archive.org/web/20031203212348/http://micromobility.com:80/"
      },
      {
        "datetime": "2003-12-25T05:03:58Z",
        "uri": "https://web.archive.org/web/20031225050358/http://www.micromobility.com:80/"
      },
      {
        "datetime": "2003-12-25T13:13:51Z",
        "uri": "https://web.archive.org/web/20031225131351/http://micromobility.com:80/"
      },
      {
        "datetime": "2004-02-02T04:11:36Z",
        "uri": "https://web.archive.org/web/20040202041136/http://www.micromobility.com:80/"
      },
      {
        "datetime": "2004-03-28T10:22:18Z",
        "uri": "https://web.archive.org/web/20040328102218/http://micromobility.com:80/"
      },
      {
        "datetime": "2004-06-07T09:33:20Z",
        "uri": "https://web.archive.org/web/20040607093320/http://micromobility.com:80/"
      },
      {
        "datetime": "2004-08-28T15:33:59Z",
        "uri": "https://web.archive.org/web/20040828153359/http://micromobility.com:80/"
      },
      {
        "datetime": "2004-09-04T08:13:37Z",
        "uri": "https://web.archive.org/web/20040904081337/http://micromobility.com:80/"
      },
      {
        "datetime": "2004-09-18T08:31:17Z",
        "uri": "https://web.archive.org/web/20040918083117/http://micromobility.com:80/"
      },
      {
        "datetime": "2004-12-02T14:16:24Z",
        "uri": "https://web.archive.org/web/20041202141624/http://micromobility.com:80/"
      },
      {
        "datetime": "2005-02-02T05:17:09Z",
        "uri": "https://web.archive.org/web/20050202051709/http://micromobility.com:80/"
      },
      {
        "datetime": "2009-06-25T04:22:59Z",
        "uri": "https://web.archive.org/web/20090625042259/http://www.micromobility.com:80/"
      },
      {
        "datetime": "2010-01-15T03:32:26Z",
        "uri": "https://web.archive.org/web/20100115033226/http://www.micromobility.com:80/"
      },
      {
        "datetime": "2010-05-17T06:23:57Z",
        "uri": "https://web.archive.org/web/20100517062357/http://micromobility.com/"
      },
      {
        "datetime": "2011-02-01T12:46:28Z",
        "uri": "https://web.archive.org/web/20110201124628/http://micromobility.com/"
      },
      {
        "datetime": "2012-03-24T14:29:33Z",
        "uri": "https://web.archive.org/web/20120324142933/http://micromobility.com:80/"
      },
      {
        "datetime": "2012-04-24T00:45:13Z",
        "uri": "https://web.archive.org/web/20120424004513/http://micromobility.com:80/"
      },
      {
        "datetime": "2012-05-25T16:05:41Z",
        "uri": "https://web.archive.org/web/20120525160541/http://micromobility.com:80/"
      },
      {
        "datetime": "2012-06-27T22:44:17Z",
        "uri": "https://web.archive.org/web/20120627224417/http://micromobility.com:80/"
      },
      {
        "datetime": "2012-07-28T15:48:40Z",
        "uri": "https://web.archive.org/web/20120728154840/http://micromobility.com:80/"
      },
      {
        "datetime": "2013-06-13T14:24:13Z",
        "uri": "https://web.archive.org/web/20130613142413/http://micromobility.com/"
      },
      {
        "datetime": "2014-01-10T02:35:59Z",
        "uri": "https://web.archive.org/web/20140110023559/http://micromobility.com/"
      },
      {
        "datetime": "2014-05-17T20:05:01Z",
        "uri": "https://web.archive.org/web/20140517200501/http://micromobility.com/"
      },
      {
        "datetime": "2014-12-17T13:19:13Z",
        "uri": "https://web.archive.org/web/20141217131913/http://micromobility.com/"
      },
      {
        "datetime": "2015-01-26T10:06:45Z",
        "uri": "https://web.archive.org/web/20150126100645/http://micromobility.com:80/"
      },
      {
        "datetime": "2015-03-27T00:29:58Z",
        "uri": "https://web.archive.org/web/20150327002958/http://micromobility.com/"
      },
      {
        "datetime": "2015-04-10T23:44:44Z",
        "uri": "https://web.archive.org/web/20150410234444/http://micromobility.com:80/"
      },
      {
        "datetime": "2015-05-11T12:41:59Z",
        "uri": "https://web.archive.org/web/20150511124159/http://micromobility.com:80/"
      },
      {
        "datetime": "2015-06-11T09:29:12Z",
        "uri": "https://web.archive.org/web/20150611092912/http://micromobility.com:80/"
      },
      {
        "datetime": "2015-07-12T03:13:35Z",
        "uri": "https://web.archive.org/web/20150712031335/http://micromobility.com:80/"
      },
      {
        "datetime": "2015-08-01T19:22:37Z",
        "uri": "https://web.archive.org/web/20150801192237/http://micromobility.com/"
      },
      {
        "datetime": "2015-09-15T16:06:09Z",
        "uri": "https://web.archive.org/web/20150915160609/http://micromobility.com:80/"
      },
      {
        "datetime": "2016-01-10T18:21:30Z",
        "uri": "https://web.archive.org/web/20160110182130/http://micromobility.com/"
      },
      {
        "datetime": "2016-03-07T09:14:13Z",
        "uri": "https://web.archive.org/web/20160307091413/http://micromobility.com/"
      },
      {
        "datetime": "2016-04-09T02:48:39Z",
        "uri": "https://web.archive.org/web/20160409024839/http://micromobility.com:80/"
      },
      {
        "datetime": "2016-06-30T17:16:47Z",
        "uri": "https://web.archive.org/web/20160630171647/http://micromobility.com:80/"
      },
      {
        "datetime": "2016-07-31T17:38:03Z",
        "uri": "https://web.archive.org/web/20160731173803/http://micromobility.com:80/"
      },
      {
        "datetime": "2016-08-31T18:11:31Z",
        "uri": "https://web.archive.org/web/20160831181131/http://micromobility.com:80/"
      },
      {
        "datetime": "2016-10-01T11:42:29Z",
        "uri": "https://web.archive.org/web/20161001114229/http://micromobility.com:80/"
      },
      {
        "datetime": "2016-10-05T08:01:05Z",
        "uri": "https://web.archive.org/web/20161005080105/http://micromobility.com/"
      },
      {
        "datetime": "2017-06-03T05:04:26Z",
        "uri": "https://web.archive.org/web/20170603050426/http://micromobility.com/"
      },
      {
        "datetime": "2017-09-19T22:04:57Z",
        "uri": "https://web.archive.org/web/20170919220457/http://micromobility.com/"
      },
      {
        "datetime": "2018-03-14T07:58:14Z",
        "uri": "https://web.archive.org/web/20180314075814/http://micromobility.com/"
      },
      {
        "datetime": "2018-05-07T19:25:17Z",
        "uri": "https://web.archive.org/web/20180507192517/http://micromobility.com:80/"
      },
      {
        "datetime": "2018-06-07T20:55:18Z",
        "uri": "https://web.archive.org/web/20180607205518/http://micromobility.com:80/"
      },
      {
        "datetime": "2018-07-08T15:57:42Z",
        "uri": "https://web.archive.org/web/20180708155742/http://micromobility.com:80/"
      },
      {
        "datetime": "2018-08-05T11:04:24Z",
        "uri": "https://web.archive.org/web/20180805110424/http://micromobility.com/"
      },
      {
        "datetime": "2018-08-08T11:14:02Z",
        "uri": "https://web.archive.org/web/20180808111402/http://micromobility.com:80/"
      },
      {
        "datetime": "2018-09-08T20:58:30Z",
        "uri": "https://web.archive.org/web/20180908205830/http://micromobility.com:80/"
      },
      {
        "datetime": "2018-10-09T16:59:18Z",
        "uri": "https://web.archive.org/web/20181009165918/http://micromobility.com:80/"
      },
      {
        "datetime": "2018-11-09T18:03:56Z",
        "uri": "https://web.archive.org/web/20181109180356/http://micromobility.com:80/"
      },
      {
        "datetime": "2018-12-10T19:23:01Z",
        "uri": "https://web.archive.org/web/20181210192301/http://micromobility.com:80/"
      },
      {
        "datetime": "2019-01-10T18:36:44Z",
        "uri": "https://web.archive.org/web/20190110183644/http://micromobility.com:80/"
      },
      {
        "datetime": "2019-02-11T09:53:18Z",
        "uri": "https://web.archive.org/web/20190211095318/http://micromobility.com:80/"
      },
      {
        "datetime": "2019-03-14T11:25:04Z",
        "uri": "https://web.archive.org/web/20190314112504/http://micromobility.com:80/"
      },
      {
        "datetime": "2019-03-19T03:37:07Z",
        "uri": "https://webarchive.loc.gov/all/20190319033707/https://www.micromobility.com/"
      },
      {
        "datetime": "2019-03-25T19:25:53Z",
        "uri": "https://webarchive.loc.gov/all/20190325192553/https://www.micromobility.com/"
      },
      {
        "datetime": "2019-04-03T00:11:29Z",
        "uri": "https://web.archive.org/web/20190403001129/https://www.micromobility.com/"
      },
      {
        "datetime": "2019-04-14T02:34:56Z",
        "uri": "https://web.archive.org/web/20190414023456/http://micromobility.com:80/"
      },
      {
        "datetime": "2019-04-26T22:23:13Z",
        "uri": "https://web.archive.org/web/20190426222313/https://www.micromobility.com/"
      },
      {
        "datetime": "2019-04-26T22:23:27Z",
        "uri": "https://web.archive.org/web/20190426222327/https://www.micromobility.com/"
      },
      {
        "datetime": "2019-04-26T22:24:55Z",
        "uri": "https://web.archive.org/web/20190426222455/https://www.micromobility.com/"
      },
      {
        "datetime": "2019-05-09T15:35:10Z",
        "uri": "https://web.archive.org/web/20190509153510/http://www.micromobility.com/"
      },
      {
        "datetime": "2019-05-09T15:35:35Z",
        "uri": "https://web.archive.org/web/20190509153535/http://www.micromobility.com/"
      },
      {
        "datetime": "2019-05-14T17:25:38Z",
        "uri": "https://web.archive.org/web/20190514172538/http://micromobility.com:80/"
      },
      {
        "datetime": "2019-05-15T11:46:07Z",
        "uri": "https://web.archive.org/web/20190515114607/http://www.micromobility.com/"
      },
      {
        "datetime": "2019-05-15T11:46:27Z",
        "uri": "https://web.archive.org/web/20190515114627/https://micromobility.com/"
      },
      {
        "datetime": "2019-05-15T17:34:19Z",
        "uri": "https://web.archive.org/web/20190515173419/http://micromobility.com/"
      },
      {
        "datetime": "2019-06-15T11:58:18Z",
        "uri": "https://web.archive.org/web/20190615115818/http://micromobility.com:80/"
      },
      {
        "datetime": "2019-06-18T18:38:40Z",
        "uri": "https://web.archive.org/web/20190618183840/https://www.micromobility.com/"
      },
      {
        "datetime": "2019-06-18T18:38:50Z",
        "uri": "https://web.archive.org/web/20190618183850/https://www.micromobility.com/"
      },
      {
        "datetime": "2019-06-18T18:38:50Z",
        "uri": "https://web.archive.org/web/20190618183850/https://www.micromobility.com/"
      },
      {
        "datetime": "2019-06-24T16:44:49Z",
        "uri": "https://web.archive.org/web/20190624164449/https://www.micromobility.com/"
      },
      {
        "datetime": "2019-06-24T18:29:18Z",
        "uri": "https://web.archive.org/web/20190624182918/https://www.micromobility.com/"
      },
      {
        "datetime": "2019-06-26T22:47:13Z",
        "uri": "https://web.archive.org/web/20190626224713/https://micromobility.com/"
      },
      {
        "datetime": "2019-07-01T07:08:51Z",
        "uri": "https://web.archive.org/web/20190701070851/http://www.micromobility.com:80/"
      },
      {
        "datetime": "2019-07-02T07:17:29Z",
        "uri": "https://web.archive.org/web/20190702071729/http://www.micromobility.com:80/"
      },
      {
        "datetime": "2019-07-06T18:08:07Z",
        "uri": "https://webarchive.loc.gov/all/20190706180807/https://www.micromobility.com/"
      },
      {
        "datetime": "2019-07-13T13:57:26Z",
        "uri": "https://webarchive.loc.gov/all/20190713135726/https://www.micromobility.com/"
      },
      {
        "datetime": "2019-07-17T02:09:38Z",
        "uri": "https://webarchive.loc.gov/all/20190717020938/https://www.micromobility.com/"
      },
      {
        "datetime": "2019-07-17T04:03:46Z",
        "uri": "https://web.archive.org/web/20190717040346/http://micromobility.com:80/"
      },
      {
        "datetime": "2019-07-28T20:57:00Z",
        "uri": "https://web.archive.org/web/20190728205700/http://micromobility.com/"
      },
      {
        "datetime": "2019-08-15T22:14:32Z",
        "uri": "https://webarchive.loc.gov/all/20190815221432/http://www.micromobility.com/"
      },
      {
        "datetime": "2019-08-15T22:14:58Z",
        "uri": "https://webarchive.loc.gov/all/20190815221458/https://micromobility.com/"
      },
      {
        "datetime": "2019-08-15T22:15:54Z",
        "uri": "https://webarchive.loc.gov/all/20190815221554/https://www.micromobility.com/"
      },
      {
        "datetime": "2019-08-17T03:36:54Z",
        "uri": "https://web.archive.org/web/20190817033654/http://micromobility.com:80/"
      },
      {
        "datetime": "2019-09-13T02:38:36Z",
        "uri": "https://web.archive.org/web/20190913023836/http://www.micromobility.com/"
      },
      {
        "datetime": "2019-09-17T01:43:54Z",
        "uri": "https://arquivo.pt/wayback/20190917014354mp_/https://www.micromobility.com/"
      },
      {
        "datetime": "2019-09-17T04:54:16Z",
        "uri": "https://web.archive.org/web/20190917045416/http://micromobility.com:80/"
      },
      {
        "datetime": "2019-09-24T05:28:05Z",
        "uri": "https://arquivo.pt/wayback/20190924052805mp_/https://www.micromobility.com/"
      },
      {
        "datetime": "2019-10-14T22:47:06Z",
        "uri": "https://webarchive.loc.gov/all/20191014224706/https://www.micromobility.com/"
      },
      {
        "datetime": "2019-10-20T20:48:15Z",
        "uri": "https://webarchive.loc.gov/all/20191020204815/https://www.micromobility.com/"
      },
      {
        "datetime": "2019-10-27T14:47:12Z",
        "uri": "https://web.archive.org/web/20191027144712/https://www.micromobility.com/"
      },
      {
        "datetime": "2019-10-29T00:28:35Z",
        "uri": "https://webarchive.loc.gov/all/20191029002835/https://www.micromobility.com/"
      },
      {
        "datetime": "2019-10-30T19:15:10Z",
        "uri": "https://web.archive.org/web/20191030191510/https://micromobility.com/"
      },
      {
        "datetime": "2019-12-03T11:17:55Z",
        "uri": "https://web.archive.org/web/20191203111755/http://micromobility.com/"
      },
      {
        "datetime": "2019-12-03T14:56:33Z",
        "uri": "https://webarchive.loc.gov/all/20191203145633/https://www.micromobility.com/"
      },
      {
        "datetime": "2019-12-04T11:05:15Z",
        "uri": "https://web.archive.org/web/20191204110515/https://micromobility.com/"
      },
      {
        "datetime": "2019-12-05T03:14:14Z",
        "uri": "https://web.archive.org/web/20191205031414/https://micromobility.com/"
      },
      {
        "datetime": "2019-12-31T15:07:33Z",
        "uri": "https://webarchive.loc.gov/all/20191231150733/https://www.micromobility.com/"
      },
      {
        "datetime": "2020-01-25T10:44:19Z",
        "uri": "https://webarchive.loc.gov/all/20200125104419/https://www.micromobility.com/"
      },
      {
        "datetime": "2020-02-01T05:40:39Z",
        "uri": "https://webarchive.loc.gov/all/20200201054039/https://www.micromobility.com/"
      },
      {
        "datetime": "2020-02-08T19:51:40Z",
        "uri": "https://webarchive.loc.gov/all/20200208195140/https://www.micromobility.com/"
      },
      {
        "datetime": "2020-02-15T13:19:57Z",
        "uri": "https://webarchive.loc.gov/all/20200215131957/https://www.micromobility.com/"
      },
      {
        "datetime": "2020-02-22T10:46:42Z",
        "uri": "https://webarchive.loc.gov/all/20200222104642/https://www.micromobility.com/"
      },
      {
        "datetime": "2020-03-01T05:42:36Z",
        "uri": "https://webarchive.loc.gov/all/20200301054236/https://www.micromobility.com/"
      },
      {
        "datetime": "2020-03-09T17:48:41Z",
        "uri": "https://webarchive.loc.gov/all/20200309174841/https://www.micromobility.com/"
      },
      {
        "datetime": "2020-03-16T01:30:32Z",
        "uri": "https://webarchive.loc.gov/all/20200316013032/https://www.micromobility.com/"
      },
      {
        "datetime": "2020-03-22T11:13:24Z",
        "uri": "https://webarchive.loc.gov/all/20200322111324/https://www.micromobility.com/"
      },
      {
        "datetime": "2020-03-30T19:02:33Z",
        "uri": "https://webarchive.loc.gov/all/20200330190233/https://www.micromobility.com/"
      },
      {
        "datetime": "2020-05-01T03:37:51Z",
        "uri": "https://web.archive.org/web/20200501033751/https://www.micromobility.com/"
      },
      {
        "datetime": "2020-05-07T16:42:41Z",
        "uri": "https://web.archive.org/web/20200507164241/https://www.micromobility.com/"
      },
      {
        "datetime": "2020-06-05T17:44:50Z",
        "uri": "https://web.archive.org/web/20200605174450/https://www.micromobility.com/"
      },
      {
        "datetime": "2020-06-20T11:57:40Z",
        "uri": "https://web.archive.org/web/20200620115740/https://www.micromobility.com/"
      },
      {
        "datetime": "2020-07-07T22:17:07Z",
        "uri": "https://web.archive.org/web/20200707221707/https://www.micromobility.com/"
      },
      {
        "datetime": "2020-07-08T10:17:15Z",
        "uri": "https://web.archive.org/web/20200708101715/https://micromobility.com/"
      },
      {
        "datetime": "2020-07-15T11:13:37Z",
        "uri": "https://web.archive.org/web/20200715111337/https://www.micromobility.com/"
      },
      {
        "datetime": "2020-07-23T00:57:31Z",
        "uri": "https://web.archive.org/web/20200723005731/https://www.micromobility.com/"
      },
      {
        "datetime": "2020-07-23T00:57:33Z",
        "uri": "https://web.archive.org/web/20200723005733/https://www.micromobility.com/"
      },
      {
        "datetime": "2020-08-09T20:34:55Z",
        "uri": "https://web.archive.org/web/20200809203455/https://www.micromobility.com/"
      },
      {
        "datetime": "2020-08-15T04:45:25Z",
        "uri": "https://web.archive.org/web/20200815044525/https://www.micromobility.com/"
      },
      {
        "datetime": "2020-08-17T13:54:57Z",
        "uri": "https://web.archive.org/web/20200817135457/https://www.micromobility.com/"
      },
      {
        "datetime": "2020-08-18T03:40:10Z",
        "uri": "https://web.archive.org/web/20200818034010/https://www.micromobility.com/"
      },
      {
        "datetime": "2020-08-18T03:40:13Z",
        "uri": "https://web.archive.org/web/20200818034013/https://www.micromobility.com/"
      },
      {
        "datetime": "2020-09-21T06:00:27Z",
        "uri": "https://web.archive.org/web/20200921060027/https://www.micromobility.com/"
      },
      {
        "datetime": "2020-09-28T04:00:51Z",
        "uri": "https://web.archive.org/web/20200928040051/https://micromobility.com/"
      },
      {
        "datetime": "2020-10-28T22:56:41Z",
        "uri": "https://web.archive.org/web/20201028225641/https://www.micromobility.com/"
      },
      {
        "datetime": "2020-10-29T07:34:33Z",
        "uri": "https://web.archive.org/web/20201029073433/https://www.micromobility.com/"
      },
      {
        "datetime": "2020-10-29T20:43:45Z",
        "uri": "https://web.archive.org/web/20201029204345/https://micromobility.com/"
      },
      {
        "datetime": "2020-10-29T20:43:48Z",
        "uri": "https://web.archive.org/web/20201029204348/https://www.micromobility.com/"
      },
      {
        "datetime": "2020-11-01T01:57:47Z",
        "uri": "https://web.archive.org/web/20201101015747/https://www.micromobility.com/"
      },
      {
        "datetime": "2020-11-13T12:40:47Z",
        "uri": "https://web.archive.org/web/20201113124047/https://www.micromobility.com/"
      },
      {
        "datetime": "2020-11-18T16:33:33Z",
        "uri": "https://web.archive.org/web/20201118163333/https://micromobility.com/"
      },
      {
        "datetime": "2020-11-23T19:04:41Z",
        "uri": "https://web.archive.org/web/20201123190441/https://www.micromobility.com/"
      },
      {
        "datetime": "2020-12-05T11:20:09Z",
        "uri": "https://web.archive.org/web/20201205112009/https://www.micromobility.com/"
      },
      {
        "datetime": "2020-12-10T00:29:57Z",
        "uri": "https://web.archive.org/web/20201210002957/https://micromobility.com/"
      },
      {
        "datetime": "2021-01-19T20:52:42Z",
        "uri": "https://web.archive.org/web/20210119205242/https://www.micromobility.com/"
      },
      {
        "datetime": "2021-01-20T00:05:09Z",
        "uri": "https://webarchive.loc.gov/all/20210120000509/https://www.micromobility.com/"
      },
      {
        "datetime": "2021-01-20T00:05:14Z",
        "uri": "https://webarchive.loc.gov/all/20210120000514/https://micromobility.com/"
      },
      {
        "datetime": "2021-01-20T00:05:18Z",
        "uri": "https://webarchive.loc.gov/all/20210120000518/http://www.micromobility.com/"
      },
      {
        "datetime": "2021-01-20T08:42:09Z",
        "uri": "https://web.archive.org/web/20210120084209/https://www.micromobility.com/"
      },
      {
        "datetime": "2021-01-20T08:49:35Z",
        "uri": "https://web.archive.org/web/20210120084935/https://micromobility.com/"
      },
      {
        "datetime": "2021-01-20T08:53:33Z",
        "uri": "https://web.archive.org/web/20210120085333/http://www.micromobility.com/"
      },
      {
        "datetime": "2021-01-20T22:27:09Z",
        "uri": "https://wayback.archive-it.org/all/20210120222709/https://www.micromobility.com/"
      },
      {
        "datetime": "2021-01-20T22:27:09Z",
        "uri": "https://web.archive.org/web/20210120222709/https://www.micromobility.com/"
      },
      {
        "datetime": "2021-01-21T18:53:25Z",
        "uri": "https://web.archive.org/web/20210121185325/https://www.micromobility.com/"
      },
      {
        "datetime": "2021-01-22T16:53:01Z",
        "uri": "https://web.archive.org/web/20210122165301/https://www.micromobility.com/"
      },
      {
        "datetime": "2021-01-22T16:53:04Z",
        "uri": "https://web.archive.org/web/20210122165304/https://micromobility.com/"
      },
      {
        "datetime": "2021-01-22T16:53:05Z",
        "uri": "https://web.archive.org/web/20210122165305/http://www.micromobility.com/"
      },
      {
        "datetime": "2021-01-23T21:41:27Z",
        "uri": "https://web.archive.org/web/20210123214127/https://www.micromobility.com/"
      },
      {
        "datetime": "2021-01-23T21:41:30Z",
        "uri": "https://web.archive.org/web/20210123214130/https://micromobility.com/"
      },
      {
        "datetime": "2021-01-23T21:41:31Z",
        "uri": "https://web.archive.org/web/20210123214131/http://www.micromobility.com/"
      },
      {
        "datetime": "2021-01-28T08:56:59Z",
        "uri": "https://web.archive.org/web/20210128085659/https://www.micromobility.com/"
      },
      {
        "datetime": "2021-01-28T08:57:01Z",
        "uri": "https://web.archive.org/web/20210128085701/https://micromobility.com/"
      },
      {
        "datetime": "2021-01-28T08:57:02Z",
        "uri": "https://web.archive.org/web/20210128085702/http://www.micromobility.com/"
      },
      {
        "datetime": "2021-01-30T11:34:32Z",
        "uri": "https://web.archive.org/web/20210130113432/https://www.micromobility.com/"
      },
      {
        "datetime": "2021-01-30T11:34:35Z",
        "uri": "https://web.archive.org/web/20210130113435/https://micromobility.com/"
      },
      {
        "datetime": "2021-01-30T11:34:36Z",
        "uri": "https://web.archive.org/web/20210130113436/http://www.micromobility.com/"
      },
      {
        "datetime": "2021-02-01T17:48:43Z",
        "uri": "https://web.archive.org/web/20210201174843/https://www.micromobility.com/"
      },
      {
        "datetime": "2021-02-02T01:38:59Z",
        "uri": "https://web.archive.org/web/20210202013859/https://www.micromobility.com/"
      },
      {
        "datetime": "2021-02-02T18:45:36Z",
        "uri": "https://web.archive.org/web/20210202184536/https://www.micromobility.com/"
      },
      {
        "datetime": "2021-02-02T18:45:39Z",
        "uri": "https://web.archive.org/web/20210202184539/https://micromobility.com/"
      },
      {
        "datetime": "2021-02-02T18:45:42Z",
        "uri": "https://web.archive.org/web/20210202184542/http://www.micromobility.com/"
      },
      {
        "datetime": "2021-02-03T21:49:16Z",
        "uri": "https://web.archive.org/web/20210203214916/https://www.micromobility.com/"
      },
      {
        "datetime": "2021-02-03T21:49:23Z",
        "uri": "https://web.archive.org/web/20210203214923/https://micromobility.com/"
      },
      {
        "datetime": "2021-02-03T21:49:48Z",
        "uri": "https://web.archive.org/web/20210203214948/http://www.micromobility.com/"
      },
      {
        "datetime": "2021-02-04T12:55:48Z",
        "uri": "https://web.archive.org/web/20210204125548/https://www.micromobility.com/"
      },
      {
        "datetime": "2021-02-10T06:55:48Z",
        "uri": "https://web.archive.org/web/20210210065548/https://micromobility.com/"
      },
      {
        "datetime": "2021-02-27T18:28:37Z",
        "uri": "https://web.archive.org/web/20210227182837/https://www.micromobility.com/"
      },
      {
        "datetime": "2021-03-01T00:08:11Z",
        "uri": "https://web.archive.org/web/20210301000811/https://www.micromobility.com/"
      },
      {
        "datetime": "2021-03-01T22:36:15Z",
        "uri": "https://web.archive.org/web/20210301223615/http://www.micromobility.com/"
      },
      {
        "datetime": "2021-03-01T22:36:30Z",
        "uri": "https://web.archive.org/web/20210301223630/https://www.micromobility.com/"
      },
      {
        "datetime": "2021-03-01T23:42:06Z",
        "uri": "https://web.archive.org/web/20210301234206/https://micromobility.com/"
      },
      {
        "datetime": "2021-03-01T23:43:55Z",
        "uri": "https://web.archive.org/web/20210301234355/https://micromobility.com/"
      },
      {
        "datetime": "2021-03-02T00:09:53Z",
        "uri": "https://web.archive.org/web/20210302000953/http://www.micromobility.com/"
      },
      {
        "datetime": "2021-03-03T08:43:02Z",
        "uri": "https://web.archive.org/web/20210303084302/https://www.micromobility.com/"
      },
      {
        "datetime": "2021-03-03T08:43:15Z",
        "uri": "https://web.archive.org/web/20210303084315/https://micromobility.com/"
      },
      {
        "datetime": "2021-03-03T08:43:16Z",
        "uri": "https://web.archive.org/web/20210303084316/http://www.micromobility.com/"
      },
      {
        "datetime": "2021-03-04T11:51:59Z",
        "uri": "https://web.archive.org/web/20210304115159/https://www.micromobility.com/"
      },
      {
        "datetime": "2021-03-04T11:52:05Z",
        "uri": "https://web.archive.org/web/20210304115205/https://micromobility.com/"
      },
      {
        "datetime": "2021-03-04T11:52:07Z",
        "uri": "https://web.archive.org/web/20210304115207/http://www.micromobility.com/"
      },
      {
        "datetime": "2021-04-18T22:29:50Z",
        "uri": "https://webarchive.loc.gov/all/20210418222950/https://www.micromobility.com/"
      },
      {
        "datetime": "2021-04-18T22:30:56Z",
        "uri": "https://webarchive.loc.gov/all/20210418223056/https://micromobility.com/"
      },
      {
        "datetime": "2021-04-26T02:03:12Z",
        "uri": "https://wayback.archive-it.org/all/20210426020312/https://www.micromobility.com/"
      },
      {
        "datetime": "2021-04-26T02:03:12Z",
        "uri": "https://web.archive.org/web/20210426020312/https://www.micromobility.com/"
      },
      {
        "datetime": "2021-05-18T12:39:20Z",
        "uri": "https://web.archive.org/web/20210518123920/https://www.micromobility.com/"
      },
      {
        "datetime": "2021-05-19T14:39:59Z",
        "uri": "https://web.archive.org/web/20210519143959/https://www.micromobility.com/"
      },
      {
        "datetime": "2021-05-26T22:29:53Z",
        "uri": "https://web.archive.org/web/20210526222953/http://micromobility.com/"
      },
      {
        "datetime": "2021-05-26T22:29:54Z",
        "uri": "https://web.archive.org/web/20210526222954/https://www.micromobility.com/"
      },
      {
        "datetime": "2021-05-26T22:29:54Z",
        "uri": "https://web.archive.org/web/20210526222954/http://www.micromobility.com/"
      },
      {
        "datetime": "2021-05-29T13:30:44Z",
        "uri": "https://webarchive.loc.gov/all/20210529133044/https://www.micromobility.com/"
      },
      {
        "datetime": "2021-05-29T13:30:46Z",
        "uri": "https://webarchive.loc.gov/all/20210529133046/https://micromobility.com/"
      },
      {
        "datetime": "2021-06-18T12:10:05Z",
        "uri": "https://web.archive.org/web/20210618121005/https://www.micromobility.com/"
      },
      {
        "datetime": "2021-06-22T16:19:09Z",
        "uri": "https://web.archive.org/web/20210622161909/https://www.micromobility.com/"
      },
      {
        "datetime": "2021-06-23T01:36:49Z",
        "uri": "https://web.archive.org/web/20210623013649/https://www.micromobility.com/"
      },
      {
        "datetime": "2021-06-24T20:54:21Z",
        "uri": "https://web.archive.org/web/20210624205421/http://micromobility.com/"
      },
      {
        "datetime": "2021-06-25T02:11:45Z",
        "uri": "https://web.archive.org/web/20210625021145/http://micromobility.com/"
      },
      {
        "datetime": "2021-06-25T06:47:38Z",
        "uri": "https://web.archive.org/web/20210625064738/https://www.micromobility.com/"
      },
      {
        "datetime": "2021-06-25T06:47:38Z",
        "uri": "https://web.archive.org/web/20210625064738/https://www.micromobility.com/"
      },
      {
        "datetime": "2021-07-29T18:25:50Z",
        "uri": "https://web.archive.org/web/20210729182550/https://www.micromobility.com/"
      },
      {
        "datetime": "2021-08-09T22:13:56Z",
        "uri": "https://web.archive.org/web/20210809221356/https://www.micromobility.com/"
      },
      {
        "datetime": "2021-08-11T20:51:51Z",
        "uri": "https://web.archive.org/web/20210811205151/https://www.micromobility.com/"
      },
      {
        "datetime": "2021-08-12T00:58:52Z",
        "uri": "https://web.archive.org/web/20210812005852/https://micromobility.com/"
      },
      {
        "datetime": "2021-08-12T07:38:13Z",
        "uri": "https://web.archive.org/web/20210812073813/https://www.micromobility.com/"
      },
      {
        "datetime": "2021-08-14T09:26:14Z",
        "uri": "https://web.archive.org/web/20210814092614/https://micromobility.com/"
      },
      {
        "datetime": "2021-08-14T09:27:04Z",
        "uri": "https://web.archive.org/web/20210814092704/https://micromobility.com/"
      },
      {
        "datetime": "2021-08-20T02:47:16Z",
        "uri": "https://web.archive.org/web/20210820024716/http://micromobility.com/"
      },
      {
        "datetime": "2021-09-20T04:55:31Z",
        "uri": "https://web.archive.org/web/20210920045531/https://www.micromobility.com/"
      },
      {
        "datetime": "2021-09-20T11:29:21Z",
        "uri": "https://web.archive.org/web/20210920112921/https://www.micromobility.com/"
      },
      {
        "datetime": "2021-09-20T11:29:21Z",
        "uri": "https://web.archive.org/web/20210920112921/http://www.micromobility.com/"
      },
      {
        "datetime": "2021-09-24T11:39:41Z",
        "uri": "https://web.archive.org/web/20210924113941/https://www.micromobility.com/"
      },
      {
        "datetime": "2021-10-05T19:53:15Z",
        "uri": "https://web.archive.org/web/20211005195315/https://www.micromobility.com/"
      },
      {
        "datetime": "2021-10-06T11:17:33Z",
        "uri": "https://web.archive.org/web/20211006111733/https://www.micromobility.com/"
      },
      {
        "datetime": "2021-10-06T12:02:01Z",
        "uri": "https://web.archive.org/web/20211006120201/https://micromobility.com/"
      },
      {
        "datetime": "2021-10-22T05:19:28Z",
        "uri": "https://web.archive.org/web/20211022051928/https://www.micromobility.com/"
      },
      {
        "datetime": "2021-10-22T16:48:50Z",
        "uri": "https://wayback.archive-it.org/all/20211022164850/https://www.micromobility.com/"
      },
      {
        "datetime": "2021-10-22T16:48:50Z",
        "uri": "https://web.archive.org/web/20211022164850/https://www.micromobility.com/"
      },
      {
        "datetime": "2021-10-23T04:31:20Z",
        "uri": "https://web.archive.org/web/20211023043120/https://www.micromobility.com/"
      },
      {
        "datetime": "2021-10-24T03:18:53Z",
        "uri": "https://web.archive.org/web/20211024031853/https://www.micromobility.com/"
      },
      {
        "datetime": "2021-10-28T08:04:35Z",
        "uri": "https://web.archive.org/web/20211028080435/https://www.micromobility.com/"
      },
      {
        "datetime": "2021-10-28T10:14:47Z",
        "uri": "https://web.archive.org/web/20211028101447/https://micromobility.com/"
      },
      {
        "datetime": "2021-12-01T10:06:55Z",
        "uri": "https://web.archive.org/web/20211201100655/https://www.micromobility.com/"
      },
      {
        "datetime": "2021-12-01T10:07:00Z",
        "uri": "https://web.archive.org/web/20211201100700/https://micromobility.com/"
      },
      {
        "datetime": "2021-12-01T12:24:57Z",
        "uri": "https://web.archive.org/web/20211201122457/https://www.micromobility.com/"
      },
      {
        "datetime": "2021-12-02T20:52:28Z",
        "uri": "https://web.archive.org/web/20211202205228/https://micromobility.com/"
      },
      {
        "datetime": "2021-12-02T20:52:29Z",
        "uri": "https://web.archive.org/web/20211202205229/https://www.micromobility.com/"
      },
      {
        "datetime": "2021-12-17T20:40:22Z",
        "uri": "https://web.archive.org/web/20211217204022/http://micromobility.com/"
      },
      {
        "datetime": "2021-12-23T21:59:41Z",
        "uri": "https://web.archive.org/web/20211223215941/https://www.micromobility.com/"
      },
      {
        "datetime": "2021-12-23T21:59:43Z",
        "uri": "https://web.archive.org/web/20211223215943/https://micromobility.com/"
      },
      {
        "datetime": "2021-12-26T01:37:29Z",
        "uri": "https://web.archive.org/web/20211226013729/http://www.micromobility.com/"
      },
      {
        "datetime": "2022-01-16T18:54:39Z",
        "uri": "https://web.archive.org/web/20220116185439/https://www.micromobility.com/"
      },
      {
        "datetime": "2022-01-18T10:42:24Z",
        "uri": "https://web.archive.org/web/20220118104224/https://www.micromobility.com/"
      },
      {
        "datetime": "2022-01-21T23:22:56Z",
        "uri": "https://web.archive.org/web/20220121232256/https://www.micromobility.com/"
      },
      {
        "datetime": "2022-02-18T17:01:02Z",
        "uri": "https://web.archive.org/web/20220218170102/https://www.micromobility.com/"
      },
      {
        "datetime": "2022-02-18T17:02:55Z",
        "uri": "https://web.archive.org/web/20220218170255/https://www.micromobility.com/"
      },
      {
        "datetime": "2022-02-19T05:55:04Z",
        "uri": "https://web.archive.org/web/20220219055504/https://www.micromobility.com/"
      },
      {
        "datetime": "2022-03-09T00:49:12Z",
        "uri": "https://web.archive.org/web/20220309004912/https://micromobility.com/"
      },
      {
        "datetime": "2022-03-15T03:01:11Z",
        "uri": "https://web.archive.org/web/20220315030111/https://www.micromobility.com/"
      },
      {
        "datetime": "2022-03-25T05:02:12Z",
        "uri": "https://web.archive.org/web/20220325050212/http://www.micromobility.com/"
      },
      {
        "datetime": "2022-03-25T05:02:13Z",
        "uri": "https://web.archive.org/web/20220325050213/https://www.micromobility.com/"
      },
      {
        "datetime": "2022-03-25T05:04:18Z",
        "uri": "https://web.archive.org/web/20220325050418/https://www.micromobility.com/"
      },
      {
        "datetime": "2022-03-25T05:04:18Z",
        "uri": "https://web.archive.org/web/20220325050418/http://www.micromobility.com/"
      },
      {
        "datetime": "2022-03-25T05:05:29Z",
        "uri": "https://web.archive.org/web/20220325050529/https://www.micromobility.com/"
      },
      {
        "datetime": "2022-03-27T09:18:18Z",
        "uri": "https://web.archive.org/web/20220327091818/https://www.micromobility.com/"
      },
      {
        "datetime": "2022-03-27T09:18:18Z",
        "uri": "https://web.archive.org/web/20220327091818/http://www.micromobility.com/"
      },
      {
        "datetime": "2022-04-01T13:36:31Z",
        "uri": "https://web.archive.org/web/20220401133631/https://micromobility.com/"
      },
      {
        "datetime": "2022-04-06T22:29:50Z",
        "uri": "https://web.archive.org/web/20220406222950/https://www.micromobility.com/"
      },
      {
        "datetime": "2022-04-07T04:27:45Z",
        "uri": "https://web.archive.org/web/20220407042745/https://micromobility.com/"
      },
      {
        "datetime": "2022-04-15T22:01:15Z",
        "uri": "https://web.archive.org/web/20220415220115/http://micromobility.com/"
      },
      {
        "datetime": "2022-04-28T10:50:51Z",
        "uri": "https://arquivo.pt/wayback/20220428105051mp_/https://www.micromobility.com/"
      },
      {
        "datetime": "2022-04-29T10:10:42Z",
        "uri": "https://web.archive.org/web/20220429101042/https://www.micromobility.com/"
      },
      {
        "datetime": "2022-04-29T10:10:46Z",
        "uri": "https://web.archive.org/web/20220429101046/https://micromobility.com/"
      },
      {
        "datetime": "2022-05-01T08:02:11Z",
        "uri": "https://arquivo.pt/wayback/20220501080211mp_/https://micromobility.com/"
      },
      {
        "datetime": "2022-05-10T09:16:15Z",
        "uri": "https://web.archive.org/web/20220510091615/https://micromobility.com/"
      },
      {
        "datetime": "2022-05-18T22:49:30Z",
        "uri": "https://web.archive.org/web/20220518224930/https://www.micromobility.com/"
      },
      {
        "datetime": "2022-06-04T17:45:12Z",
        "uri": "https://web.archive.org/web/20220604174512/http://micromobility.com/"
      },
      {
        "datetime": "2022-06-04T17:45:13Z",
        "uri": "https://web.archive.org/web/20220604174513/https://micromobility.com/"
      },
      {
        "datetime": "2022-06-04T17:45:14Z",
        "uri": "https://web.archive.org/web/20220604174514/https://micromobility.com/"
      },
      {
        "datetime": "2022-06-05T08:07:44Z",
        "uri": "https://web.archive.org/web/20220605080744/https://www.micromobility.com/"
      },
      {
        "datetime": "2022-06-05T08:07:45Z",
        "uri": "https://web.archive.org/web/20220605080745/https://www.micromobility.com/"
      },
      {
        "datetime": "2022-06-18T19:54:07Z",
        "uri": "https://web.archive.org/web/20220618195407/https://www.micromobility.com/"
      },
      {
        "datetime": "2022-07-03T02:09:31Z",
        "uri": "https://web.archive.org/web/20220703020931/https://www.micromobility.com/"
      },
      {
        "datetime": "2022-07-29T02:27:40Z",
        "uri": "https://web.archive.org/web/20220729022740/https://www.micromobility.com/"
      },
      {
        "datetime": "2022-08-01T11:23:14Z",
        "uri": "https://web.archive.org/web/20220801112314/https://www.micromobility.com/"
      },
      {
        "datetime": "2022-08-04T20:36:36Z",
        "uri": "https://web.archive.org/web/20220804203636/https://www.micromobility.com/"
      },
      {
        "datetime": "2022-08-04T20:36:53Z",
        "uri": "https://web.archive.org/web/20220804203653/https://micromobility.com/"
      },
      {
        "datetime": "2022-08-08T05:21:25Z",
        "uri": "https://web.archive.org/web/20220808052125/https://www.micromobility.com/"
      },
      {
        "datetime": "2022-08-12T16:21:52Z",
        "uri": "https://web.archive.org/web/20220812162152/http://micromobility.com/"
      },
      {
        "datetime": "2022-08-12T16:29:36Z",
        "uri": "https://web.archive.org/web/20220812162936/https://micromobility.com/"
      },
      {
        "datetime": "2022-08-12T17:03:16Z",
        "uri": "https://web.archive.org/web/20220812170316/https://micromobility.com/"
      },
      {
        "datetime": "2022-08-12T18:40:35Z",
        "uri": "https://web.archive.org/web/20220812184035/https://www.micromobility.com/"
      },
      {
        "datetime": "2022-08-20T11:50:29Z",
        "uri": "https://web.archive.org/web/20220820115029/https://www.micromobility.com/"
      },
      {
        "datetime": "2022-09-04T17:22:20Z",
        "uri": "https://web.archive.org/web/20220904172220/https://www.micromobility.com/"
      },
      {
        "datetime": "2022-09-04T17:53:24Z",
        "uri": "https://web.archive.org/web/20220904175324/https://www.micromobility.com/"
      },
      {
        "datetime": "2022-09-04T23:50:52Z",
        "uri": "https://web.archive.org/web/20220904235052/https://www.micromobility.com/"
      },
      {
        "datetime": "2022-09-22T00:39:24Z",
        "uri": "https://web.archive.org/web/20220922003924/https://www.micromobility.com/"
      },
      {
        "datetime": "2022-09-23T06:33:50Z",
        "uri": "https://web.archive.org/web/20220923063350/https://micromobility.com/"
      },
      {
        "datetime": "2022-09-26T22:38:58Z",
        "uri": "https://web.archive.org/web/20220926223858/https://www.micromobility.com/"
      },
      {
        "datetime": "2022-09-30T00:21:30Z",
        "uri": "https://web.archive.org/web/20220930002130/https://www.micromobility.com/"
      },
      {
        "datetime": "2022-09-30T19:10:36Z",
        "uri": "https://web.archive.org/web/20220930191036/https://www.micromobility.com/"
      },
      {
        "datetime": "2022-10-17T12:20:00Z",
        "uri": "https://web.archive.org/web/20221017122000/https://www.micromobility.com/"
      },
      {
        "datetime": "2022-10-17T13:36:12Z",
        "uri": "https://web.archive.org/web/20221017133612/https://micromobility.com/"
      },
      {
        "datetime": "2022-10-21T00:55:36Z",
        "uri": "https://web.archive.org/web/20221021005536/https://micromobility.com/"
      },
      {
        "datetime": "2022-10-21T00:56:19Z",
        "uri": "https://web.archive.org/web/20221021005619/https://www.micromobility.com/"
      },
      {
        "datetime": "2022-10-28T19:27:20Z",
        "uri": "https://web.archive.org/web/20221028192720/http://micromobility.com/"
      },
      {
        "datetime": "2022-11-26T08:58:32Z",
        "uri": "https://web.archive.org/web/20221126085832/https://www.micromobility.com/"
      },
      {
        "datetime": "2022-11-27T01:47:19Z",
        "uri": "https://web.archive.org/web/20221127014719/http://www.micromobility.com/"
      },
      {
        "datetime": "2022-12-05T12:03:52Z",
        "uri": "https://web.archive.org/web/20221205120352/https://www.micromobility.com/"
      },
      {
        "datetime": "2022-12-05T15:00:08Z",
        "uri": "https://web.archive.org/web/20221205150008/http://micromobility.com/"
      },
      {
        "datetime": "2022-12-06T03:30:41Z",
        "uri": "https://web.archive.org/web/20221206033041/https://www.micromobility.com/"
      },
      {
        "datetime": "2022-12-06T06:07:38Z",
        "uri": "https://web.archive.org/web/20221206060738/https://micromobility.com/"
      },
      {
        "datetime": "2022-12-06T06:17:31Z",
        "uri": "https://web.archive.org/web/20221206061731/http://micromobility.com/"
      },
      {
        "datetime": "2022-12-06T06:17:33Z",
        "uri": "https://web.archive.org/web/20221206061733/https://micromobility.com/"
      },
      {
        "datetime": "2023-02-01T18:56:12Z",
        "uri": "https://web.archive.org/web/20230201185612/https://www.micromobility.com/"
      },
      {
        "datetime": "2023-02-19T22:15:17Z",
        "uri": "https://web.archive.org/web/20230219221517/https://www.micromobility.com/"
      },
      {
        "datetime": "2023-02-26T00:04:32Z",
        "uri": "https://web.archive.org/web/20230226000432/http://micromobility.com/"
      },
      {
        "datetime": "2023-03-30T21:24:17Z",
        "uri": "https://web.archive.org/web/20230330212417/https://micromobility.com/"
      },
      {
        "datetime": "2023-03-30T21:28:41Z",
        "uri": "https://web.archive.org/web/20230330212841/https://micromobility.com/"
      },
      {
        "datetime": "2023-03-30T23:55:54Z",
        "uri": "https://web.archive.org/web/20230330235554/http://micromobility.com/"
      },
      {
        "datetime": "2023-03-31T02:35:49Z",
        "uri": "https://web.archive.org/web/20230331023549/https://micromobility.com/"
      },
      {
        "datetime": "2023-03-31T03:57:03Z",
        "uri": "https://web.archive.org/web/20230331035703/https://micromobility.com/"
      },
      {
        "datetime": "2023-03-31T10:29:06Z",
        "uri": "http://archive.md/20230331102906/https://micromobility.com/"
      },
      {
        "datetime": "2023-03-31T12:29:30Z",
        "uri": "https://web.archive.org/web/20230331122930/https://micromobility.com/"
      },
      {
        "datetime": "2023-03-31T12:29:33Z",
        "uri": "https://web.archive.org/web/20230331122933/http://micromobility.com/"
      },
      {
        "datetime": "2023-03-31T22:46:15Z",
        "uri": "https://web.archive.org/web/20230331224615/http://micromobility.com/"
      },
      {
        "datetime": "2023-03-31T23:05:44Z",
        "uri": "https://web.archive.org/web/20230331230544/https://micromobility.com/"
      },
      {
        "datetime": "2023-03-31T23:05:46Z",
        "uri": "https://web.archive.org/web/20230331230546/http://micromobility.com/"
      },
      {
        "datetime": "2023-04-01T00:04:18Z",
        "uri": "https://web.archive.org/web/20230401000418/http://micromobility.com/"
      },
      {
        "datetime": "2023-04-01T08:53:24Z",
        "uri": "https://web.archive.org/web/20230401085324/http://micromobility.com/"
      },
      {
        "datetime": "2023-04-01T08:53:26Z",
        "uri": "https://web.archive.org/web/20230401085326/https://micromobility.com/"
      },
      {
        "datetime": "2023-04-01T21:28:38Z",
        "uri": "https://web.archive.org/web/20230401212838/https://micromobility.com/"
      },
      {
        "datetime": "2023-04-01T21:28:41Z",
        "uri": "https://web.archive.org/web/20230401212841/http://micromobility.com/"
      },
      {
        "datetime": "2023-04-02T06:52:54Z",
        "uri": "https://web.archive.org/web/20230402065254/http://micromobility.com/"
      },
      {
        "datetime": "2023-04-02T06:52:56Z",
        "uri": "https://web.archive.org/web/20230402065256/https://micromobility.com/"
      },
      {
        "datetime": "2023-04-02T10:21:30Z",
        "uri": "https://web.archive.org/web/20230402102130/http://micromobility.com/"
      },
      {
        "datetime": "2023-04-02T10:21:32Z",
        "uri": "https://web.archive.org/web/20230402102132/https://micromobility.com/"
      },
      {
        "datetime": "2023-04-02T18:54:06Z",
        "uri": "https://web.archive.org/web/20230402185406/https://micromobility.com/"
      },
      {
        "datetime": "2023-04-02T19:04:59Z",
        "uri": "https://web.archive.org/web/20230402190459/https://micromobility.com/"
      },
      {
        "datetime": "2023-04-02T19:05:48Z",
        "uri": "https://web.archive.org/web/20230402190548/https://micromobility.com/"
      },
      {
        "datetime": "2023-04-02T19:22:09Z",
        "uri": "https://web.archive.org/web/20230402192209/https://micromobility.com/"
      },
      {
        "datetime": "2023-04-02T21:50:07Z",
        "uri": "https://web.archive.org/web/20230402215007/https://micromobility.com/"
      },
      {
        "datetime": "2023-04-02T21:50:11Z",
        "uri": "https://web.archive.org/web/20230402215011/http://micromobility.com/"
      },
      {
        "datetime": "2023-04-02T22:04:09Z",
        "uri": "https://web.archive.org/web/20230402220409/https://micromobility.com/"
      },
      {
        "datetime": "2023-04-03T07:57:36Z",
        "uri": "https://web.archive.org/web/20230403075736/http://micromobility.com/"
      },
      {
        "datetime": "2023-04-03T07:57:38Z",
        "uri": "https://web.archive.org/web/20230403075738/https://micromobility.com/"
      },
      {
        "datetime": "2023-04-04T00:56:52Z",
        "uri": "https://web.archive.org/web/20230404005652/https://micromobility.com/"
      },
      {
        "datetime": "2023-04-04T00:56:54Z",
        "uri": "https://web.archive.org/web/20230404005654/http://micromobility.com/"
      },
      {
        "datetime": "2023-04-04T12:55:00Z",
        "uri": "https://web.archive.org/web/20230404125500/http://micromobility.com/"
      },
      {
        "datetime": "2023-04-06T00:11:02Z",
        "uri": "https://web.archive.org/web/20230406001102/https://micromobility.com/"
      },
      {
        "datetime": "2023-04-06T02:34:01Z",
        "uri": "https://web.archive.org/web/20230406023401/http://micromobility.com/"
      },
      {
        "datetime": "2023-04-07T01:16:33Z",
        "uri": "https://web.archive.org/web/20230407011633/https://micromobility.com/"
      },
      {
        "datetime": "2023-04-07T04:59:42Z",
        "uri": "https://web.archive.org/web/20230407045942/https://micromobility.com/"
      },
      {
        "datetime": "2023-04-08T00:40:50Z",
        "uri": "https://web.archive.org/web/20230408004050/https://micromobility.com/"
      },
      {
        "datetime": "2023-04-09T01:40:16Z",
        "uri": "https://web.archive.org/web/20230409014016/https://micromobility.com/"
      },
      {
        "datetime": "2023-04-10T02:54:48Z",
        "uri": "https://web.archive.org/web/20230410025448/https://micromobility.com/"
      },
      {
        "datetime": "2023-04-11T07:43:52Z",
        "uri": "https://web.archive.org/web/20230411074352/https://micromobility.com/"
      },
      {
        "datetime": "2023-04-12T04:39:42Z",
        "uri": "https://web.archive.org/web/20230412043942/https://micromobility.com/"
      },
      {
        "datetime": "2023-04-12T04:39:44Z",
        "uri": "https://web.archive.org/web/20230412043944/http://micromobility.com/"
      },
      {
        "datetime": "2023-04-15T00:34:19Z",
        "uri": "https://web.archive.org/web/20230415003419/https://micromobility.com/"
      },
      {
        "datetime": "2023-04-15T23:05:29Z",
        "uri": "https://web.archive.org/web/20230415230529/https://micromobility.com/"
      },
      {
        "datetime": "2023-04-16T15:17:59Z",
        "uri": "https://web.archive.org/web/20230416151759/https://www.micromobility.com/"
      },
      {
        "datetime": "2023-04-19T03:35:02Z",
        "uri": "https://web.archive.org/web/20230419033502/https://micromobility.com/"
      },
      {
        "datetime": "2023-04-19T03:35:05Z",
        "uri": "https://web.archive.org/web/20230419033505/http://micromobility.com/"
      },
      {
        "datetime": "2023-04-19T20:19:56Z",
        "uri": "https://web.archive.org/web/20230419201956/https://micromobility.com/"
      },
      {
        "datetime": "2023-04-19T20:20:04Z",
        "uri": "https://web.archive.org/web/20230419202004/http://micromobility.com/"
      },
      {
        "datetime": "2023-04-20T21:36:55Z",
        "uri": "https://web.archive.org/web/20230420213655/https://micromobility.com/"
      },
      {
        "datetime": "2023-04-21T12:33:16Z",
        "uri": "https://web.archive.org/web/20230421123316/https://micromobility.com/"
      },
      {
        "datetime": "2023-04-21T21:58:59Z",
        "uri": "https://web.archive.org/web/20230421215859/https://micromobility.com/"
      },
      {
        "datetime": "2023-04-22T22:50:51Z",
        "uri": "https://web.archive.org/web/20230422225051/https://micromobility.com/"
      },
      {
        "datetime": "2023-04-24T02:10:04Z",
        "uri": "https://web.archive.org/web/20230424021004/https://micromobility.com/"
      },
      {
        "datetime": "2023-04-24T02:10:07Z",
        "uri": "https://web.archive.org/web/20230424021007/http://micromobility.com/"
      },
      {
        "datetime": "2023-04-25T18:53:12Z",
        "uri": "https://web.archive.org/web/20230425185312/http://www.micromobility.com/"
      },
      {
        "datetime": "2023-04-26T01:42:09Z",
        "uri": "https://web.archive.org/web/20230426014209/https://micromobility.com/"
      },
      {
        "datetime": "2023-04-26T02:07:45Z",
        "uri": "https://web.archive.org/web/20230426020745/http://micromobility.com/"
      },
      {
        "datetime": "2023-04-27T06:20:23Z",
        "uri": "https://web.archive.org/web/20230427062023/https://micromobility.com/"
      },
      {
        "datetime": "2023-04-27T06:20:25Z",
        "uri": "https://web.archive.org/web/20230427062025/http://micromobility.com/"
      },
      {
        "datetime": "2023-04-29T01:11:38Z",
        "uri": "https://web.archive.org/web/20230429011138/https://micromobility.com/"
      },
      {
        "datetime": "2023-04-29T01:11:40Z",
        "uri": "https://web.archive.org/web/20230429011140/http://micromobility.com/"
      },
      {
        "datetime": "2023-05-02T05:15:41Z",
        "uri": "https://web.archive.org/web/20230502051541/https://micromobility.com/"
      },
      {
        "datetime": "2023-05-03T04:44:54Z",
        "uri": "https://web.archive.org/web/20230503044454/https://micromobility.com/"
      },
      {
        "datetime": "2023-05-03T04:44:57Z",
        "uri": "https://web.archive.org/web/20230503044457/http://micromobility.com/"
      },
      {
        "datetime": "2023-05-04T05:26:08Z",
        "uri": "https://web.archive.org/web/20230504052608/https://micromobility.com/"
      },
      {
        "datetime": "2023-05-04T05:26:10Z",
        "uri": "https://web.archive.org/web/20230504052610/http://micromobility.com/"
      },
      {
        "datetime": "2023-05-05T10:28:24Z",
        "uri": "https://web.archive.org/web/20230505102824/https://micromobility.com/"
      },
      {
        "datetime": "2023-05-09T17:09:37Z",
        "uri": "https://web.archive.org/web/20230509170937/https://micromobility.com/"
      },
      {
        "datetime": "2023-05-10T16:36:00Z",
        "uri": "https://web.archive.org/web/20230510163600/https://micromobility.com/"
      },
      {
        "datetime": "2023-05-11T02:33:49Z",
        "uri": "https://web.archive.org/web/20230511023349/https://www.micromobility.com/"
      },
      {
        "datetime": "2023-05-19T10:32:12Z",
        "uri": "https://web.archive.org/web/20230519103212/http://Micromobility.com/"
      },
      {
        "datetime": "2023-05-19T10:32:14Z",
        "uri": "https://web.archive.org/web/20230519103214/https://micromobility.com/"
      },
      {
        "datetime": "2023-05-19T10:32:15Z",
        "uri": "https://web.archive.org/web/20230519103215/https://micromobility.com/"
      },
      {
        "datetime": "2023-05-19T10:32:19Z",
        "uri": "https://web.archive.org/web/20230519103219/https://micromobility.com/"
      },
      {
        "datetime": "2023-05-19T10:32:23Z",
        "uri": "https://web.archive.org/web/20230519103223/http://micromobility.com/"
      },
      {
        "datetime": "2023-05-19T10:32:24Z",
        "uri": "https://web.archive.org/web/20230519103224/https://micromobility.com/"
      },
      {
        "datetime": "2023-05-19T18:27:22Z",
        "uri": "https://web.archive.org/web/20230519182722/http://micromobility.com/"
      },
      {
        "datetime": "2023-05-19T18:27:25Z",
        "uri": "https://web.archive.org/web/20230519182725/https://micromobility.com/"
      },
      {
        "datetime": "2023-05-20T19:00:12Z",
        "uri": "https://web.archive.org/web/20230520190012/http://micromobility.com/"
      },
      {
        "datetime": "2023-05-20T19:00:14Z",
        "uri": "https://web.archive.org/web/20230520190014/https://micromobility.com/"
      },
      {
        "datetime": "2023-05-21T21:54:42Z",
        "uri": "https://web.archive.org/web/20230521215442/http://micromobility.com/"
      },
      {
        "datetime": "2023-05-21T21:54:46Z",
        "uri": "https://web.archive.org/web/20230521215446/https://micromobility.com/"
      },
      {
        "datetime": "2023-05-23T00:03:52Z",
        "uri": "https://web.archive.org/web/20230523000352/http://micromobility.com/"
      },
      {
        "datetime": "2023-05-24T07:19:15Z",
        "uri": "https://web.archive.org/web/20230524071915/http://micromobility.com/"
      },
      {
        "datetime": "2023-05-24T07:19:16Z",
        "uri": "https://web.archive.org/web/20230524071916/https://micromobility.com/"
      },
      {
        "datetime": "2023-05-26T02:41:34Z",
        "uri": "https://web.archive.org/web/20230526024134/http://micromobility.com/"
      },
      {
        "datetime": "2023-05-26T02:41:36Z",
        "uri": "https://web.archive.org/web/20230526024136/https://micromobility.com/"
      },
      {
        "datetime": "2023-05-27T08:28:51Z",
        "uri": "https://web.archive.org/web/20230527082851/http://micromobility.com/"
      },
      {
        "datetime": "2023-05-27T08:28:54Z",
        "uri": "https://web.archive.org/web/20230527082854/https://micromobility.com/"
      },
      {
        "datetime": "2023-05-28T05:46:05Z",
        "uri": "https://web.archive.org/web/20230528054605/https://micromobility.com/"
      },
      {
        "datetime": "2023-05-29T08:22:06Z",
        "uri": "https://web.archive.org/web/20230529082206/http://micromobility.com/"
      },
      {
        "datetime": "2023-05-29T08:22:08Z",
        "uri": "https://web.archive.org/web/20230529082208/https://micromobility.com/"
      },
      {
        "datetime": "2023-05-29T19:41:44Z",
        "uri": "https://web.archive.org/web/20230529194144/https://micromobility.com/"
      },
      {
        "datetime": "2023-05-30T10:17:55Z",
        "uri": "https://web.archive.org/web/20230530101755/http://micromobility.com/"
      },
      {
        "datetime": "2023-05-30T10:17:57Z",
        "uri": "https://web.archive.org/web/20230530101757/https://micromobility.com/"
      },
      {
        "datetime": "2023-05-31T10:59:41Z",
        "uri": "https://web.archive.org/web/20230531105941/http://micromobility.com/"
      },
      {
        "datetime": "2023-05-31T10:59:43Z",
        "uri": "https://web.archive.org/web/20230531105943/https://micromobility.com/"
      },
      {
        "datetime": "2023-06-01T09:20:20Z",
        "uri": "https://web.archive.org/web/20230601092020/http://micromobility.com/"
      },
      {
        "datetime": "2023-06-01T09:20:22Z",
        "uri": "https://web.archive.org/web/20230601092022/https://micromobility.com/"
      },
      {
        "datetime": "2023-06-02T09:23:13Z",
        "uri": "https://web.archive.org/web/20230602092313/http://micromobility.com/"
      },
      {
        "datetime": "2023-06-02T09:23:15Z",
        "uri": "https://web.archive.org/web/20230602092315/https://micromobility.com/"
      },
      {
        "datetime": "2023-06-03T08:45:12Z",
        "uri": "https://web.archive.org/web/20230603084512/http://micromobility.com/"
      },
      {
        "datetime": "2023-06-03T08:45:15Z",
        "uri": "https://web.archive.org/web/20230603084515/https://micromobility.com/"
      },
      {
        "datetime": "2023-06-04T16:11:54Z",
        "uri": "https://web.archive.org/web/20230604161154/http://micromobility.com/"
      },
      {
        "datetime": "2023-06-04T16:11:56Z",
        "uri": "https://web.archive.org/web/20230604161156/https://micromobility.com/"
      },
      {
        "datetime": "2023-06-05T18:33:18Z",
        "uri": "https://web.archive.org/web/20230605183318/http://micromobility.com/"
      },
      {
        "datetime": "2023-06-05T18:33:20Z",
        "uri": "https://web.archive.org/web/20230605183320/https://micromobility.com/"
      },
      {
        "datetime": "2023-06-10T08:42:02Z",
        "uri": "https://web.archive.org/web/20230610084202/http://micromobility.com/"
      },
      {
        "datetime": "2023-06-10T08:42:04Z",
        "uri": "https://web.archive.org/web/20230610084204/https://micromobility.com/"
      },
      {
        "datetime": "2023-06-11T13:26:21Z",
        "uri": "https://web.archive.org/web/20230611132621/http://micromobility.com/"
      },
      {
        "datetime": "2023-06-11T13:26:24Z",
        "uri": "https://web.archive.org/web/20230611132624/https://micromobility.com/"
      },
      {
        "datetime": "2023-06-12T22:10:35Z",
        "uri": "https://web.archive.org/web/20230612221035/http://micromobility.com/"
      },
      {
        "datetime": "2023-06-14T04:39:30Z",
        "uri": "https://web.archive.org/web/20230614043930/https://www.micromobility.com/"
      },
      {
        "datetime": "2023-06-14T04:39:30Z",
        "uri": "https://web.archive.org/web/20230614043930/https://micromobility.com/"
      },
      {
        "datetime": "2023-06-14T11:27:55Z",
        "uri": "https://web.archive.org/web/20230614112755/http://micromobility.com/"
      },
      {
        "datetime": "2023-06-14T11:27:58Z",
        "uri": "https://web.archive.org/web/20230614112758/https://micromobility.com/"
      },
      {
        "datetime": "2023-06-15T16:15:13Z",
        "uri": "https://web.archive.org/web/20230615161513/http://micromobility.com/"
      },
      {
        "datetime": "2023-06-15T16:15:15Z",
        "uri": "https://web.archive.org/web/20230615161515/https://micromobility.com/"
      },
      {
        "datetime": "2023-06-16T13:56:38Z",
        "uri": "https://web.archive.org/web/20230616135638/http://micromobility.com/"
      },
      {
        "datetime": "2023-06-16T13:56:40Z",
        "uri": "https://web.archive.org/web/20230616135640/https://micromobility.com/"
      },
      {
        "datetime": "2023-06-21T14:53:39Z",
        "uri": "https://web.archive.org/web/20230621145339/http://www.micromobility.com/"
      },
      {
        "datetime": "2023-06-21T14:53:52Z",
        "uri": "https://web.archive.org/web/20230621145352/http://micromobility.com/"
      },
      {
        "datetime": "2023-06-29T18:24:45Z",
        "uri": "https://web.archive.org/web/20230629182445/http://micromobility.com/"
      },
      {
        "datetime": "2023-06-29T19:49:55Z",
        "uri": "https://web.archive.org/web/20230629194955/http://www.micromobility.com/"
      },
      {
        "datetime": "2023-07-24T06:06:04Z",
        "uri": "https://web.archive.org/web/20230724060604/https://micromobility.com/"
      },
      {
        "datetime": "2023-07-31T16:12:56Z",
        "uri": "https://web.archive.org/web/20230731161256/https://micromobility.com/"
      },
      {
        "datetime": "2023-07-31T16:26:03Z",
        "uri": "https://web.archive.org/web/20230731162603/https://micromobility.com/"
      },
      {
        "datetime": "2023-07-31T19:52:30Z",
        "uri": "http://archive.md/20230731195230/https://micromobility.com/"
      },
      {
        "datetime": "2023-08-01T08:09:00Z",
        "uri": "https://web.archive.org/web/20230801080900/https://micromobility.com/"
      },
      {
        "datetime": "2023-08-03T16:52:34Z",
        "uri": "https://web.archive.org/web/20230803165234/https://micromobility.com/"
      },
      {
        "datetime": "2023-08-06T08:52:07Z",
        "uri": "https://web.archive.org/web/20230806085207/http://micromobility.com/"
      },
      {
        "datetime": "2023-08-08T18:32:08Z",
        "uri": "https://web.archive.org/web/20230808183208/https://micromobility.com/"
      },
      {
        "datetime": "2023-08-08T18:48:56Z",
        "uri": "https://web.archive.org/web/20230808184856/https://micromobility.com/"
      },
      {
        "datetime": "2023-08-09T09:11:35Z",
        "uri": "https://web.archive.org/web/20230809091135/http://micromobility.com/"
      },
      {
        "datetime": "2023-08-09T09:11:36Z",
        "uri": "https://web.archive.org/web/20230809091136/https://micromobility.com/"
      },
      {
        "datetime": "2023-08-10T19:25:55Z",
        "uri": "https://web.archive.org/web/20230810192555/http://micromobility.com/"
      },
      {
        "datetime": "2023-08-10T19:25:57Z",
        "uri": "https://web.archive.org/web/20230810192557/https://micromobility.com/"
      },
      {
        "datetime": "2023-08-15T11:34:44Z",
        "uri": "https://web.archive.org/web/20230815113444/http://micromobility.com/"
      },
      {
        "datetime": "2023-08-15T11:34:46Z",
        "uri": "https://web.archive.org/web/20230815113446/https://micromobility.com/"
      },
      {
        "datetime": "2023-08-19T20:16:54Z",
        "uri": "https://web.archive.org/web/20230819201654/http://micromobility.com/"
      },
      {
        "datetime": "2023-08-19T20:16:56Z",
        "uri": "https://web.archive.org/web/20230819201656/https://micromobility.com/"
      },
      {
        "datetime": "2023-08-21T11:07:18Z",
        "uri": "https://web.archive.org/web/20230821110718/http://micromobility.com/"
      },
      {
        "datetime": "2023-08-21T11:07:20Z",
        "uri": "https://web.archive.org/web/20230821110720/https://micromobility.com/"
      },
      {
        "datetime": "2023-08-28T13:56:14Z",
        "uri": "https://web.archive.org/web/20230828135614/http://micromobility.com/"
      },
      {
        "datetime": "2023-08-28T13:56:17Z",
        "uri": "https://web.archive.org/web/20230828135617/https://micromobility.com/"
      },
      {
        "datetime": "2023-08-28T18:38:04Z",
        "uri": "https://web.archive.org/web/20230828183804/http://www.micromobility.com/"
      },
      {
        "datetime": "2023-08-28T18:38:34Z",
        "uri": "https://web.archive.org/web/20230828183834/http://micromobility.com/"
      },
      {
        "datetime": "2023-08-28T18:38:35Z",
        "uri": "https://web.archive.org/web/20230828183835/http://micromobility.com/"
      },
      {
        "datetime": "2023-08-28T19:25:13Z",
        "uri": "https://web.archive.org/web/20230828192513/http://micromobility.com/"
      },
      {
        "datetime": "2023-08-28T19:25:52Z",
        "uri": "https://web.archive.org/web/20230828192552/http://micromobility.com/"
      },
      {
        "datetime": "2023-08-28T19:25:56Z",
        "uri": "https://web.archive.org/web/20230828192556/http://www.micromobility.com/"
      },
      {
        "datetime": "2023-09-13T01:58:07Z",
        "uri": "https://web.archive.org/web/20230913015807/https://micromobility.com/"
      },
      {
        "datetime": "2023-09-21T13:56:14Z",
        "uri": "https://web.archive.org/web/20230921135614/http://micromobility.com/"
      },
      {
        "datetime": "2023-09-21T14:15:01Z",
        "uri": "https://web.archive.org/web/20230921141501/http://www.micromobility.com/"
      },
      {
        "datetime": "2023-10-03T19:12:45Z",
        "uri": "https://web.archive.org/web/20231003191245/http://www.micromobility.com/"
      },
      {
        "datetime": "2023-10-03T19:13:18Z",
        "uri": "https://web.archive.org/web/20231003191318/https://micromobility.com/"
      },
      {
        "datetime": "2023-10-11T17:25:40Z",
        "uri": "https://web.archive.org/web/20231011172540/https://micromobility.com/"
      }
    ],
    "first": {
      "datetime": "2001-07-18T17:40:08Z",
      "uri": "https://web.archive.org/web/20010718174008/http://www.micromobility.com:80/"
    },
    "last": {
      "datetime": "2023-10-11T17:25:40Z",
      "uri": "https://web.archive.org/web/20231011172540/https://micromobility.com/"
    }
  },
  "timemap_uri": {
    "link_format": "http://localhost:1208/timemap/link/https://micromobility.com/",
    "json_format": "http://localhost:1208/timemap/json/https://micromobility.com/",
    "cdxj_format": "http://localhost:1208/timemap/cdxj/https://micromobility.com/"
  },
  "timegate_uri": "http://localhost:1208/timegate/https://micromobility.com/"
}
