{
  "original_uri": "https://act.newmode.net/action/islamic-relief-canada/canada-call-immediate-humanitarian-corridor-gaza",
  "self": "http://localhost:1208/timemap/json/https://act.newmode.net/action/islamic-relief-canada/canada-call-immediate-humanitarian-corridor-gaza",
  "mementos": {
    "list": [
      {
        "datetime": "2023-10-14T12:32:45Z",
        "uri": "https://web.archive.org/web/20231014123245/https://act.newmode.net/action/islamic-relief-canada/canada-call-immediate-humanitarian-corridor-gaza"
      },
      {
        "datetime": "2023-10-15T03:35:21Z",
        "uri": "https://web.archive.org/web/20231015033521/https://act.newmode.net/action/islamic-relief-canada/canada-call-immediate-humanitarian-corridor-gaza"
      },
      {
        "datetime": "2023-10-18T20:54:32Z",
        "uri": "https://web.archive.org/web/20231018205432/https://act.newmode.net/action/islamic-relief-canada/canada-call-immediate-humanitarian-corridor-gaza"
      },
      {
        "datetime": "2023-10-24T18:40:09Z",
        "uri": "https://web.archive.org/web/20231024184009/https://act.newmode.net/action/islamic-relief-canada/canada-call-immediate-humanitarian-corridor-gaza"
      },
      {
        "datetime": "2023-10-25T04:36:54Z",
        "uri": "https://web.archive.org/web/20231025043654/https://act.newmode.net/action/islamic-relief-canada/canada-call-immediate-humanitarian-corridor-gaza"
      },
      {
        "datetime": "2023-10-25T04:37:03Z",
        "uri": "https://web.archive.org/web/20231025043703/https://act.newmode.net/action/islamic-relief-canada/canada-call-immediate-humanitarian-corridor-gaza"
      }
    ],
    "first": {
      "datetime": "2023-10-14T12:32:45Z",
      "uri": "https://web.archive.org/web/20231014123245/https://act.newmode.net/action/islamic-relief-canada/canada-call-immediate-humanitarian-corridor-gaza"
    },
    "last": {
      "datetime": "2023-10-25T04:37:03Z",
      "uri": "https://web.archive.org/web/20231025043703/https://act.newmode.net/action/islamic-relief-canada/canada-call-immediate-humanitarian-corridor-gaza"
    }
  },
  "timemap_uri": {
    "link_format": "http://localhost:1208/timemap/link/https://act.newmode.net/action/islamic-relief-canada/canada-call-immediate-humanitarian-corridor-gaza",
    "json_format": "http://localhost:1208/timemap/json/https://act.newmode.net/action/islamic-relief-canada/canada-call-immediate-humanitarian-corridor-gaza",
    "cdxj_format": "http://localhost:1208/timemap/cdxj/https://act.newmode.net/action/islamic-relief-canada/canada-call-immediate-humanitarian-corridor-gaza"
  },
  "timegate_uri": "http://localhost:1208/timegate/https://act.newmode.net/action/islamic-relief-canada/canada-call-immediate-humanitarian-corridor-gaza"
}
