{
  "original_uri": "https://www.today.com/popculture/mecole-hardman-jr-chariah-gordon-relationship-rcna121765",
  "self": "http://localhost:1208/timemap/json/https://www.today.com/popculture/mecole-hardman-jr-chariah-gordon-relationship-rcna121765",
  "mementos": {
    "list": [
      {
        "datetime": "2023-10-23T21:33:20Z",
        "uri": "https://web.archive.org/web/20231023213320/https://www.today.com/popculture/mecole-hardman-jr-chariah-gordon-relationship-rcna121765"
      },
      {
        "datetime": "2023-10-24T03:37:56Z",
        "uri": "https://web.archive.org/web/20231024033756/https://www.today.com/popculture/mecole-hardman-jr-chariah-gordon-relationship-rcna121765"
      },
      {
        "datetime": "2023-10-24T10:22:09Z",
        "uri": "https://web.archive.org/web/20231024102209/https://www.today.com/popculture/mecole-hardman-jr-chariah-gordon-relationship-rcna121765"
      },
      {
        "datetime": "2023-10-24T13:19:26Z",
        "uri": "https://web.archive.org/web/20231024131926/https://www.today.com/popculture/mecole-hardman-jr-chariah-gordon-relationship-rcna121765"
      },
      {
        "datetime": "2023-10-25T13:13:41Z",
        "uri": "https://web.archive.org/web/20231025131341/https://www.today.com/popculture/mecole-hardman-jr-chariah-gordon-relationship-rcna121765"
      },
      {
        "datetime": "2023-10-26T05:53:27Z",
        "uri": "https://web.archive.org/web/20231026055327/https://www.today.com/popculture/mecole-hardman-jr-chariah-gordon-relationship-rcna121765"
      }
    ],
    "first": {
      "datetime": "2023-10-23T21:33:20Z",
      "uri": "https://web.archive.org/web/20231023213320/https://www.today.com/popculture/mecole-hardman-jr-chariah-gordon-relationship-rcna121765"
    },
    "last": {
      "datetime": "2023-10-26T05:53:27Z",
      "uri": "https://web.archive.org/web/20231026055327/https://www.today.com/popculture/mecole-hardman-jr-chariah-gordon-relationship-rcna121765"
    }
  },
  "timemap_uri": {
    "link_format": "http://localhost:1208/timemap/link/https://www.today.com/popculture/mecole-hardman-jr-chariah-gordon-relationship-rcna121765",
    "json_format": "http://localhost:1208/timemap/json/https://www.today.com/popculture/mecole-hardman-jr-chariah-gordon-relationship-rcna121765",
    "cdxj_format": "http://localhost:1208/timemap/cdxj/https://www.today.com/popculture/mecole-hardman-jr-chariah-gordon-relationship-rcna121765"
  },
  "timegate_uri": "http://localhost:1208/timegate/https://www.today.com/popculture/mecole-hardman-jr-chariah-gordon-relationship-rcna121765"
}
