{
  "original_uri": "https://grandchase.net/event/mayden/",
  "self": "http://localhost:1208/timemap/json/https://grandchase.net/event/mayden/",
  "mementos": {
    "list": [
      {
        "datetime": "2023-10-24T02:09:35Z",
        "uri": "https://web.archive.org/web/20231024020935/https://grandchase.net/event/mayden/"
      },
      {
        "datetime": "2023-10-24T03:35:05Z",
        "uri": "https://web.archive.org/web/20231024033505/https://www.grandchase.net/event/mayden/"
      },
      {
        "datetime": "2023-10-24T03:35:41Z",
        "uri": "https://web.archive.org/web/20231024033541/https://www.grandchase.net/event/mayden/"
      }
    ],
    "first": {
      "datetime": "2023-10-24T02:09:35Z",
      "uri": "https://web.archive.org/web/20231024020935/https://grandchase.net/event/mayden/"
    },
    "last": {
      "datetime": "2023-10-24T03:35:41Z",
      "uri": "https://web.archive.org/web/20231024033541/https://www.grandchase.net/event/mayden/"
    }
  },
  "timemap_uri": {
    "link_format": "http://localhost:1208/timemap/link/https://grandchase.net/event/mayden/",
    "json_format": "http://localhost:1208/timemap/json/https://grandchase.net/event/mayden/",
    "cdxj_format": "http://localhost:1208/timemap/cdxj/https://grandchase.net/event/mayden/"
  },
  "timegate_uri": "http://localhost:1208/timegate/https://grandchase.net/event/mayden/"
}
