{
  "original_uri": "https://warnews247-gr.translate.goog/vinteo-sok-gia-israil-h-chamas-exoplistike-me-at4-javelin-nlaw-meso-oukranias-washington-post-thanatifora-ekplixi-perimenei-ton-idf/?_x_tr_sl=auto&_x_tr_tl=en&_x_tr_hl=en&_x_tr_pto=wapp",
  "self": "http://localhost:1208/timemap/json/https://warnews247-gr.translate.goog/vinteo-sok-gia-israil-h-chamas-exoplistike-me-at4-javelin-nlaw-meso-oukranias-washington-post-thanatifora-ekplixi-perimenei-ton-idf/?_x_tr_sl=auto&_x_tr_tl=en&_x_tr_hl=en&_x_tr_pto=wapp",
  "mementos": {
    "list": [
      {
        "datetime": "2023-10-23T19:38:41Z",
        "uri": "http://archive.md/20231023193841/https://warnews247-gr.translate.goog/vinteo-sok-gia-israil-h-chamas-exoplistike-me-at4-javelin-nlaw-meso-oukranias-washington-post-thanatifora-ekplixi-perimenei-ton-idf/?_x_tr_sl=auto&_x_tr_tl=en&_x_tr_hl=en&_x_tr_pto=wapp"
      }
    ],
    "first": {
      "datetime": "2023-10-23T19:38:41Z",
      "uri": "http://archive.md/20231023193841/https://warnews247-gr.translate.goog/vinteo-sok-gia-israil-h-chamas-exoplistike-me-at4-javelin-nlaw-meso-oukranias-washington-post-thanatifora-ekplixi-perimenei-ton-idf/?_x_tr_sl=auto&_x_tr_tl=en&_x_tr_hl=en&_x_tr_pto=wapp"
    },
    "last": {
      "datetime": "2023-10-23T19:38:41Z",
      "uri": "http://archive.md/20231023193841/https://warnews247-gr.translate.goog/vinteo-sok-gia-israil-h-chamas-exoplistike-me-at4-javelin-nlaw-meso-oukranias-washington-post-thanatifora-ekplixi-perimenei-ton-idf/?_x_tr_sl=auto&_x_tr_tl=en&_x_tr_hl=en&_x_tr_pto=wapp"
    }
  },
  "timemap_uri": {
    "link_format": "http://localhost:1208/timemap/link/https://warnews247-gr.translate.goog/vinteo-sok-gia-israil-h-chamas-exoplistike-me-at4-javelin-nlaw-meso-oukranias-washington-post-thanatifora-ekplixi-perimenei-ton-idf/?_x_tr_sl=auto&_x_tr_tl=en&_x_tr_hl=en&_x_tr_pto=wapp",
    "json_format": "http://localhost:1208/timemap/json/https://warnews247-gr.translate.goog/vinteo-sok-gia-israil-h-chamas-exoplistike-me-at4-javelin-nlaw-meso-oukranias-washington-post-thanatifora-ekplixi-perimenei-ton-idf/?_x_tr_sl=auto&_x_tr_tl=en&_x_tr_hl=en&_x_tr_pto=wapp",
    "cdxj_format": "http://localhost:1208/timemap/cdxj/https://warnews247-gr.translate.goog/vinteo-sok-gia-israil-h-chamas-exoplistike-me-at4-javelin-nlaw-meso-oukranias-washington-post-thanatifora-ekplixi-perimenei-ton-idf/?_x_tr_sl=auto&_x_tr_tl=en&_x_tr_hl=en&_x_tr_pto=wapp"
  },
  "timegate_uri": "http://localhost:1208/timegate/https://warnews247-gr.translate.goog/vinteo-sok-gia-israil-h-chamas-exoplistike-me-at4-javelin-nlaw-meso-oukranias-washington-post-thanatifora-ekplixi-perimenei-ton-idf/?_x_tr_sl=auto&_x_tr_tl=en&_x_tr_hl=en&_x_tr_pto=wapp"
}
