{
  "original_uri": "https://www.theguardian.com/technology/2023/oct/21/let-that-sink-in-the-13-tweets-that-tell-the-story-of-elon-musks-turbulent-first-year-at-twitter-or-x",
  "self": "http://localhost:1208/timemap/json/https://www.theguardian.com/technology/2023/oct/21/let-that-sink-in-the-13-tweets-that-tell-the-story-of-elon-musks-turbulent-first-year-at-twitter-or-x",
  "mementos": {
    "list": [
      {
        "datetime": "2023-10-21T14:03:22Z",
        "uri": "https://web.archive.org/web/20231021140322/http://www.theguardian.com/technology/2023/oct/21/let-that-sink-in-the-13-tweets-that-tell-the-story-of-elon-musks-turbulent-first-year-at-twitter-or-x"
      },
      {
        "datetime": "2023-10-21T14:03:56Z",
        "uri": "https://web.archive.org/web/20231021140356/https://www.theguardian.com/technology/2023/oct/21/let-that-sink-in-the-13-tweets-that-tell-the-story-of-elon-musks-turbulent-first-year-at-twitter-or-x"
      },
      {
        "datetime": "2023-10-21T14:10:17Z",
        "uri": "https://web.archive.org/web/20231021141017/https://www.theguardian.com/technology/2023/oct/21/let-that-sink-in-the-13-tweets-that-tell-the-story-of-elon-musks-turbulent-first-year-at-twitter-or-x"
      },
      {
        "datetime": "2023-10-21T14:17:52Z",
        "uri": "http://archive.md/20231021141752/https://www.theguardian.com/technology/2023/oct/21/let-that-sink-in-the-13-tweets-that-tell-the-story-of-elon-musks-turbulent-first-year-at-twitter-or-x"
      },
      {
        "datetime": "2023-10-21T17:28:39Z",
        "uri": "https://web.archive.org/web/20231021172839/https://www.theguardian.com/technology/2023/oct/21/let-that-sink-in-the-13-tweets-that-tell-the-story-of-elon-musks-turbulent-first-year-at-twitter-or-x"
      },
      {
        "datetime": "2023-10-21T17:50:48Z",
        "uri": "https://web.archive.org/web/20231021175048/https://www.theguardian.com/technology/2023/oct/21/let-that-sink-in-the-13-tweets-that-tell-the-story-of-elon-musks-turbulent-first-year-at-twitter-or-x"
      },
      {
        "datetime": "2023-10-21T19:04:46Z",
        "uri": "https://www.webarchive.org.uk/wayback/archive/20231021190446mp_/https://www.theguardian.com/technology/2023/oct/21/let-that-sink-in-the-13-tweets-that-tell-the-story-of-elon-musks-turbulent-first-year-at-twitter-or-x"
      },
      {
        "datetime": "2023-10-22T01:53:06Z",
        "uri": "https://web.archive.org/web/20231022015306/https://www.theguardian.com/technology/2023/oct/21/let-that-sink-in-the-13-tweets-that-tell-the-story-of-elon-musks-turbulent-first-year-at-twitter-or-x"
      },
      {
        "datetime": "2023-10-22T03:32:19Z",
        "uri": "https://web.archive.org/web/20231022033219/https://www.theguardian.com/technology/2023/oct/21/let-that-sink-in-the-13-tweets-that-tell-the-story-of-elon-musks-turbulent-first-year-at-twitter-or-x"
      },
      {
        "datetime": "2023-10-22T03:46:10Z",
        "uri": "https://web.archive.org/web/20231022034610/https://www.theguardian.com/technology/2023/oct/21/let-that-sink-in-the-13-tweets-that-tell-the-story-of-elon-musks-turbulent-first-year-at-twitter-or-x"
      },
      {
        "datetime": "2023-10-22T05:07:44Z",
        "uri": "https://web.archive.org/web/20231022050744/https://www.theguardian.com/technology/2023/oct/21/let-that-sink-in-the-13-tweets-that-tell-the-story-of-elon-musks-turbulent-first-year-at-twitter-or-x"
      },
      {
        "datetime": "2023-10-22T05:58:57Z",
        "uri": "https://web.archive.org/web/20231022055857/https://www.theguardian.com/technology/2023/oct/21/let-that-sink-in-the-13-tweets-that-tell-the-story-of-elon-musks-turbulent-first-year-at-twitter-or-x"
      },
      {
        "datetime": "2023-10-22T06:37:48Z",
        "uri": "https://web.archive.org/web/20231022063748/https://www.theguardian.com/technology/2023/oct/21/let-that-sink-in-the-13-tweets-that-tell-the-story-of-elon-musks-turbulent-first-year-at-twitter-or-x"
      },
      {
        "datetime": "2023-10-22T06:39:02Z",
        "uri": "https://web.archive.org/web/20231022063902/https://www.theguardian.com/technology/2023/oct/21/let-that-sink-in-the-13-tweets-that-tell-the-story-of-elon-musks-turbulent-first-year-at-twitter-or-x"
      },
      {
        "datetime": "2023-10-22T06:39:05Z",
        "uri": "https://web.archive.org/web/20231022063905/https://www.theguardian.com/technology/2023/oct/21/let-that-sink-in-the-13-tweets-that-tell-the-story-of-elon-musks-turbulent-first-year-at-twitter-or-x"
      },
      {
        "datetime": "2023-10-22T07:30:21Z",
        "uri": "https://www.webarchive.org.uk/wayback/archive/20231022073021mp_/https://www.theguardian.com/technology/2023/oct/21/let-that-sink-in-the-13-tweets-that-tell-the-story-of-elon-musks-turbulent-first-year-at-twitter-or-x"
      },
      {
        "datetime": "2023-10-22T08:57:14Z",
        "uri": "https://web.archive.org/web/20231022085714/https://www.theguardian.com/technology/2023/oct/21/let-that-sink-in-the-13-tweets-that-tell-the-story-of-elon-musks-turbulent-first-year-at-twitter-or-x"
      },
      {
        "datetime": "2023-10-22T08:57:16Z",
        "uri": "https://web.archive.org/web/20231022085716/https://www.theguardian.com/technology/2023/oct/21/let-that-sink-in-the-13-tweets-that-tell-the-story-of-elon-musks-turbulent-first-year-at-twitter-or-x"
      },
      {
        "datetime": "2023-10-22T11:08:29Z",
        "uri": "https://web.archive.org/web/20231022110829/https://www.theguardian.com/technology/2023/oct/21/let-that-sink-in-the-13-tweets-that-tell-the-story-of-elon-musks-turbulent-first-year-at-twitter-or-x"
      },
      {
        "datetime": "2023-10-22T12:34:04Z",
        "uri": "https://web.archive.org/web/20231022123404/https://www.theguardian.com/technology/2023/oct/21/let-that-sink-in-the-13-tweets-that-tell-the-story-of-elon-musks-turbulent-first-year-at-twitter-or-x"
      },
      {
        "datetime": "2023-10-22T13:14:15Z",
        "uri": "https://www.webarchive.org.uk/wayback/archive/20231022131415mp_/https://www.theguardian.com/technology/2023/oct/21/let-that-sink-in-the-13-tweets-that-tell-the-story-of-elon-musks-turbulent-first-year-at-twitter-or-x"
      },
      {
        "datetime": "2023-10-23T04:48:26Z",
        "uri": "https://web.archive.org/web/20231023044826/https://www.theguardian.com/technology/2023/oct/21/let-that-sink-in-the-13-tweets-that-tell-the-story-of-elon-musks-turbulent-first-year-at-twitter-or-x"
      },
      {
        "datetime": "2023-10-23T06:12:57Z",
        "uri": "https://web.archive.org/web/20231023061257/https://www.theguardian.com/technology/2023/oct/21/let-that-sink-in-the-13-tweets-that-tell-the-story-of-elon-musks-turbulent-first-year-at-twitter-or-x"
      },
      {
        "datetime": "2023-10-23T13:33:24Z",
        "uri": "https://web.archive.org/web/20231023133324/https://www.theguardian.com/technology/2023/oct/21/let-that-sink-in-the-13-tweets-that-tell-the-story-of-elon-musks-turbulent-first-year-at-twitter-or-x"
      },
      {
        "datetime": "2023-10-23T16:12:09Z",
        "uri": "https://www.webarchive.org.uk/wayback/archive/20231023161209mp_/https://www.theguardian.com/technology/2023/oct/21/let-that-sink-in-the-13-tweets-that-tell-the-story-of-elon-musks-turbulent-first-year-at-twitter-or-x"
      },
      {
        "datetime": "2023-10-24T00:04:06Z",
        "uri": "https://web.archive.org/web/20231024000406/https://www.theguardian.com/technology/2023/oct/21/let-that-sink-in-the-13-tweets-that-tell-the-story-of-elon-musks-turbulent-first-year-at-twitter-or-x"
      },
      {
        "datetime": "2023-10-24T05:19:23Z",
        "uri": "https://web.archive.org/web/20231024051923/https://www.theguardian.com/technology/2023/oct/21/let-that-sink-in-the-13-tweets-that-tell-the-story-of-elon-musks-turbulent-first-year-at-twitter-or-x"
      },
      {
        "datetime": "2023-10-24T09:35:44Z",
        "uri": "https://web.archive.org/web/20231024093544/https://www.theguardian.com/technology/2023/oct/21/let-that-sink-in-the-13-tweets-that-tell-the-story-of-elon-musks-turbulent-first-year-at-twitter-or-x"
      },
      {
        "datetime": "2023-10-24T11:55:02Z",
        "uri": "https://web.archive.org/web/20231024115502/https://www.theguardian.com/technology/2023/oct/21/let-that-sink-in-the-13-tweets-that-tell-the-story-of-elon-musks-turbulent-first-year-at-twitter-or-x"
      },
      {
        "datetime": "2023-10-24T13:18:47Z",
        "uri": "https://web.archive.org/web/20231024131847/https://www.theguardian.com/technology/2023/oct/21/let-that-sink-in-the-13-tweets-that-tell-the-story-of-elon-musks-turbulent-first-year-at-twitter-or-x"
      },
      {
        "datetime": "2023-10-24T13:57:48Z",
        "uri": "https://web.archive.org/web/20231024135748/https://www.theguardian.com/technology/2023/oct/21/let-that-sink-in-the-13-tweets-that-tell-the-story-of-elon-musks-turbulent-first-year-at-twitter-or-x"
      },
      {
        "datetime": "2023-10-25T02:15:11Z",
        "uri": "https://web.archive.org/web/20231025021511/https://www.theguardian.com/technology/2023/oct/21/let-that-sink-in-the-13-tweets-that-tell-the-story-of-elon-musks-turbulent-first-year-at-twitter-or-x"
      },
      {
        "datetime": "2023-10-25T11:49:25Z",
        "uri": "https://web.archive.org/web/20231025114925/https://www.theguardian.com/technology/2023/oct/21/let-that-sink-in-the-13-tweets-that-tell-the-story-of-elon-musks-turbulent-first-year-at-twitter-or-x"
      },
      {
        "datetime": "2023-10-25T18:41:05Z",
        "uri": "https://www.webarchive.org.uk/wayback/archive/20231025184105mp_/https://www.theguardian.com/technology/2023/oct/21/let-that-sink-in-the-13-tweets-that-tell-the-story-of-elon-musks-turbulent-first-year-at-twitter-or-x"
      },
      {
        "datetime": "2023-10-25T22:09:32Z",
        "uri": "https://web.archive.org/web/20231025220932/https://www.theguardian.com/technology/2023/oct/21/let-that-sink-in-the-13-tweets-that-tell-the-story-of-elon-musks-turbulent-first-year-at-twitter-or-x"
      },
      {
        "datetime": "2023-10-25T22:09:40Z",
        "uri": "https://web.archive.org/web/20231025220940/https://www.theguardian.com/technology/2023/oct/21/let-that-sink-in-the-13-tweets-that-tell-the-story-of-elon-musks-turbulent-first-year-at-twitter-or-x"
      }
    ],
    "first": {
      "datetime": "2023-10-21T14:03:22Z",
      "uri": "https://web.archive.org/web/20231021140322/http://www.theguardian.com/technology/2023/oct/21/let-that-sink-in-the-13-tweets-that-tell-the-story-of-elon-musks-turbulent-first-year-at-twitter-or-x"
    },
    "last": {
      "datetime": "2023-10-25T22:09:40Z",
      "uri": "https://web.archive.org/web/20231025220940/https://www.theguardian.com/technology/2023/oct/21/let-that-sink-in-the-13-tweets-that-tell-the-story-of-elon-musks-turbulent-first-year-at-twitter-or-x"
    }
  },
  "timemap_uri": {
    "link_format": "http://localhost:1208/timemap/link/https://www.theguardian.com/technology/2023/oct/21/let-that-sink-in-the-13-tweets-that-tell-the-story-of-elon-musks-turbulent-first-year-at-twitter-or-x",
    "json_format": "http://localhost:1208/timemap/json/https://www.theguardian.com/technology/2023/oct/21/let-that-sink-in-the-13-tweets-that-tell-the-story-of-elon-musks-turbulent-first-year-at-twitter-or-x",
    "cdxj_format": "http://localhost:1208/timemap/cdxj/https://www.theguardian.com/technology/2023/oct/21/let-that-sink-in-the-13-tweets-that-tell-the-story-of-elon-musks-turbulent-first-year-at-twitter-or-x"
  },
  "timegate_uri": "http://localhost:1208/timegate/https://www.theguardian.com/technology/2023/oct/21/let-that-sink-in-the-13-tweets-that-tell-the-story-of-elon-musks-turbulent-first-year-at-twitter-or-x"
}
