{
  "original_uri": "https://www.indiewire.com/news/general-news/christopher-nolan-taylor-swift-the-eras-tour-theatrical-1234918485/",
  "self": "http://localhost:1208/timemap/json/https://www.indiewire.com/news/general-news/christopher-nolan-taylor-swift-the-eras-tour-theatrical-1234918485/",
  "mementos": {
    "list": [
      {
        "datetime": "2023-10-19T21:55:37Z",
        "uri": "https://web.archive.org/web/20231019215537/https://www.indiewire.com/news/general-news/christopher-nolan-taylor-swift-the-eras-tour-theatrical-1234918485/"
      },
      {
        "datetime": "2023-10-19T21:55:38Z",
        "uri": "https://web.archive.org/web/20231019215538/https://www.indiewire.com/news/general-news/christopher-nolan-taylor-swift-the-eras-tour-theatrical-1234918485/"
      },
      {
        "datetime": "2023-10-20T02:39:19Z",
        "uri": "https://web.archive.org/web/20231020023919/https://www.indiewire.com/news/general-news/christopher-nolan-taylor-swift-the-eras-tour-theatrical-1234918485/"
      },
      {
        "datetime": "2023-10-20T03:03:35Z",
        "uri": "https://web.archive.org/web/20231020030335/https://www.indiewire.com/news/general-news/christopher-nolan-taylor-swift-the-eras-tour-theatrical-1234918485/"
      },
      {
        "datetime": "2023-10-20T03:21:05Z",
        "uri": "https://web.archive.org/web/20231020032105/https://www.indiewire.com/news/general-news/christopher-nolan-taylor-swift-the-eras-tour-theatrical-1234918485/"
      },
      {
        "datetime": "2023-10-20T07:35:56Z",
        "uri": "https://web.archive.org/web/20231020073556/https://www.indiewire.com/news/general-news/christopher-nolan-taylor-swift-the-eras-tour-theatrical-1234918485/"
      },
      {
        "datetime": "2023-10-20T07:37:20Z",
        "uri": "https://web.archive.org/web/20231020073720/https://www.indiewire.com/news/general-news/christopher-nolan-taylor-swift-the-eras-tour-theatrical-1234918485/"
      },
      {
        "datetime": "2023-10-20T08:05:46Z",
        "uri": "https://web.archive.org/web/20231020080546/https://www.indiewire.com/news/general-news/christopher-nolan-taylor-swift-the-eras-tour-theatrical-1234918485/"
      },
      {
        "datetime": "2023-10-20T16:38:44Z",
        "uri": "https://web.archive.org/web/20231020163844/https://www.indiewire.com/news/general-news/christopher-nolan-taylor-swift-the-eras-tour-theatrical-1234918485/"
      },
      {
        "datetime": "2023-10-20T17:19:45Z",
        "uri": "https://web.archive.org/web/20231020171945/https://www.indiewire.com/news/general-news/christopher-nolan-taylor-swift-the-eras-tour-theatrical-1234918485/"
      },
      {
        "datetime": "2023-10-20T22:59:19Z",
        "uri": "https://web.archive.org/web/20231020225919/https://www.indiewire.com/news/general-news/christopher-nolan-taylor-swift-the-eras-tour-theatrical-1234918485/"
      },
      {
        "datetime": "2023-10-21T01:29:50Z",
        "uri": "https://web.archive.org/web/20231021012950/https://www.indiewire.com/news/general-news/christopher-nolan-taylor-swift-the-eras-tour-theatrical-1234918485/"
      },
      {
        "datetime": "2023-10-21T02:37:45Z",
        "uri": "https://web.archive.org/web/20231021023745/https://www.indiewire.com/news/general-news/christopher-nolan-taylor-swift-the-eras-tour-theatrical-1234918485/"
      },
      {
        "datetime": "2023-10-21T03:44:25Z",
        "uri": "https://web.archive.org/web/20231021034425/https://www.indiewire.com/news/general-news/christopher-nolan-taylor-swift-the-eras-tour-theatrical-1234918485/"
      },
      {
        "datetime": "2023-10-21T04:51:39Z",
        "uri": "https://web.archive.org/web/20231021045139/https://www.indiewire.com/news/general-news/christopher-nolan-taylor-swift-the-eras-tour-theatrical-1234918485/"
      },
      {
        "datetime": "2023-10-21T05:57:07Z",
        "uri": "https://web.archive.org/web/20231021055707/https://www.indiewire.com/news/general-news/christopher-nolan-taylor-swift-the-eras-tour-theatrical-1234918485/"
      },
      {
        "datetime": "2023-10-21T22:20:12Z",
        "uri": "https://web.archive.org/web/20231021222012/https://www.indiewire.com/news/general-news/christopher-nolan-taylor-swift-the-eras-tour-theatrical-1234918485/"
      },
      {
        "datetime": "2023-10-22T03:21:54Z",
        "uri": "https://web.archive.org/web/20231022032154/https://www.indiewire.com/news/general-news/christopher-nolan-taylor-swift-the-eras-tour-theatrical-1234918485/"
      },
      {
        "datetime": "2023-10-22T17:08:28Z",
        "uri": "https://web.archive.org/web/20231022170828/https://www.indiewire.com/news/general-news/christopher-nolan-taylor-swift-the-eras-tour-theatrical-1234918485/"
      },
      {
        "datetime": "2023-10-23T17:06:17Z",
        "uri": "https://web.archive.org/web/20231023170617/https://www.indiewire.com/news/general-news/christopher-nolan-taylor-swift-the-eras-tour-theatrical-1234918485/"
      },
      {
        "datetime": "2023-10-24T07:00:06Z",
        "uri": "https://web.archive.org/web/20231024070006/https://www.indiewire.com/news/general-news/christopher-nolan-taylor-swift-the-eras-tour-theatrical-1234918485/"
      },
      {
        "datetime": "2023-10-24T12:23:41Z",
        "uri": "https://web.archive.org/web/20231024122341/https://www.indiewire.com/news/general-news/christopher-nolan-taylor-swift-the-eras-tour-theatrical-1234918485/"
      },
      {
        "datetime": "2023-10-24T15:15:39Z",
        "uri": "https://web.archive.org/web/20231024151539/https://www.indiewire.com/news/general-news/christopher-nolan-taylor-swift-the-eras-tour-theatrical-1234918485/"
      },
      {
        "datetime": "2023-10-24T15:21:31Z",
        "uri": "https://web.archive.org/web/20231024152131/https://www.indiewire.com/news/general-news/christopher-nolan-taylor-swift-the-eras-tour-theatrical-1234918485/"
      },
      {
        "datetime": "2023-10-25T17:23:11Z",
        "uri": "https://web.archive.org/web/20231025172311/https://www.indiewire.com/news/general-news/christopher-nolan-taylor-swift-the-eras-tour-theatrical-1234918485/"
      }
    ],
    "first": {
      "datetime": "2023-10-19T21:55:37Z",
      "uri": "https://web.archive.org/web/20231019215537/https://www.indiewire.com/news/general-news/christopher-nolan-taylor-swift-the-eras-tour-theatrical-1234918485/"
    },
    "last": {
      "datetime": "2023-10-25T17:23:11Z",
      "uri": "https://web.archive.org/web/20231025172311/https://www.indiewire.com/news/general-news/christopher-nolan-taylor-swift-the-eras-tour-theatrical-1234918485/"
    }
  },
  "timemap_uri": {
    "link_format": "http://localhost:1208/timemap/link/https://www.indiewire.com/news/general-news/christopher-nolan-taylor-swift-the-eras-tour-theatrical-1234918485/",
    "json_format": "http://localhost:1208/timemap/json/https://www.indiewire.com/news/general-news/christopher-nolan-taylor-swift-the-eras-tour-theatrical-1234918485/",
    "cdxj_format": "http://localhost:1208/timemap/cdxj/https://www.indiewire.com/news/general-news/christopher-nolan-taylor-swift-the-eras-tour-theatrical-1234918485/"
  },
  "timegate_uri": "http://localhost:1208/timegate/https://www.indiewire.com/news/general-news/christopher-nolan-taylor-swift-the-eras-tour-theatrical-1234918485/"
}
