{
  "original_uri": "https://thebusinesspress.news.blog/2023/10/24/argentinas-presidential-election-surprise-lead-for-sergio-massa-as-voters-resist-right-wing-populism/",
  "self": "http://localhost:1208/timemap/json/https://thebusinesspress.news.blog/2023/10/24/argentinas-presidential-election-surprise-lead-for-sergio-massa-as-voters-resist-right-wing-populism/",
  "mementos": {
    "list": [
      {
        "datetime": "2023-10-24T02:14:10Z",
        "uri": "https://web.archive.org/web/20231024021410/http://thebusinesspress.news.blog/2023/10/24/argentinas-presidential-election-surprise-lead-for-sergio-massa-as-voters-resist-right-wing-populism/"
      }
    ],
    "first": {
      "datetime": "2023-10-24T02:14:10Z",
      "uri": "https://web.archive.org/web/20231024021410/http://thebusinesspress.news.blog/2023/10/24/argentinas-presidential-election-surprise-lead-for-sergio-massa-as-voters-resist-right-wing-populism/"
    },
    "last": {
      "datetime": "2023-10-24T02:14:10Z",
      "uri": "https://web.archive.org/web/20231024021410/http://thebusinesspress.news.blog/2023/10/24/argentinas-presidential-election-surprise-lead-for-sergio-massa-as-voters-resist-right-wing-populism/"
    }
  },
  "timemap_uri": {
    "link_format": "http://localhost:1208/timemap/link/https://thebusinesspress.news.blog/2023/10/24/argentinas-presidential-election-surprise-lead-for-sergio-massa-as-voters-resist-right-wing-populism/",
    "json_format": "http://localhost:1208/timemap/json/https://thebusinesspress.news.blog/2023/10/24/argentinas-presidential-election-surprise-lead-for-sergio-massa-as-voters-resist-right-wing-populism/",
    "cdxj_format": "http://localhost:1208/timemap/cdxj/https://thebusinesspress.news.blog/2023/10/24/argentinas-presidential-election-surprise-lead-for-sergio-massa-as-voters-resist-right-wing-populism/"
  },
  "timegate_uri": "http://localhost:1208/timegate/https://thebusinesspress.news.blog/2023/10/24/argentinas-presidential-election-surprise-lead-for-sergio-massa-as-voters-resist-right-wing-populism/"
}
